periodo_codigo,mes_año,tipo_viajero,lugar_residencia,lugar_residencia_code,isla_destino,num_turistas
2020-M01,01/2020,Turista,Reino Unido,GB,Lanzarote,86502.0
2020-M01,01/2020,Turista,Reino Unido,GB,Fuerteventura,29231.0
2020-M01,01/2020,Turista,Reino Unido,GB,Gran Canaria,55003.0
2020-M01,01/2020,Turista,Reino Unido,GB,Tenerife,172354.0
2020-M01,01/2020,Turista,Reino Unido,GB,La Palma,3389.0
2020-M02,02/2020,Turista,Reino Unido,GB,Lanzarote,93051.0
2020-M02,02/2020,Turista,Reino Unido,GB,Fuerteventura,40321.0
2020-M02,02/2020,Turista,Reino Unido,GB,Gran Canaria,56873.0
2020-M02,02/2020,Turista,Reino Unido,GB,Tenerife,184208.0
2020-M02,02/2020,Turista,Reino Unido,GB,La Palma,3012.0
2020-M03,03/2020,Turista,Reino Unido,GB,Lanzarote,46700.0
2020-M03,03/2020,Turista,Reino Unido,GB,Fuerteventura,16970.0
2020-M03,03/2020,Turista,Reino Unido,GB,Gran Canaria,22864.0
2020-M03,03/2020,Turista,Reino Unido,GB,Tenerife,73071.0
2020-M03,03/2020,Turista,Reino Unido,GB,La Palma,1610.0
2020-M04,04/2020,Turista,Reino Unido,GB,Lanzarote,
2020-M04,04/2020,Turista,Reino Unido,GB,Fuerteventura,
2020-M04,04/2020,Turista,Reino Unido,GB,Gran Canaria,
2020-M04,04/2020,Turista,Reino Unido,GB,Tenerife,
2020-M04,04/2020,Turista,Reino Unido,GB,La Palma,
2020-M05,05/2020,Turista,Reino Unido,GB,Lanzarote,
2020-M05,05/2020,Turista,Reino Unido,GB,Fuerteventura,
2020-M05,05/2020,Turista,Reino Unido,GB,Gran Canaria,
2020-M05,05/2020,Turista,Reino Unido,GB,Tenerife,
2020-M05,05/2020,Turista,Reino Unido,GB,La Palma,
2020-M06,06/2020,Turista,Reino Unido,GB,Lanzarote,207.0
2020-M06,06/2020,Turista,Reino Unido,GB,Fuerteventura,57.0
2020-M06,06/2020,Turista,Reino Unido,GB,Gran Canaria,154.0
2020-M06,06/2020,Turista,Reino Unido,GB,Tenerife,862.0
2020-M06,06/2020,Turista,Reino Unido,GB,La Palma,
2020-M07,07/2020,Turista,Reino Unido,GB,Lanzarote,19383.0
2020-M07,07/2020,Turista,Reino Unido,GB,Fuerteventura,5882.0
2020-M07,07/2020,Turista,Reino Unido,GB,Gran Canaria,8423.0
2020-M07,07/2020,Turista,Reino Unido,GB,Tenerife,31479.0
2020-M07,07/2020,Turista,Reino Unido,GB,La Palma,72.0
2020-M08,08/2020,Turista,Reino Unido,GB,Lanzarote,11641.0
2020-M08,08/2020,Turista,Reino Unido,GB,Fuerteventura,3247.0
2020-M08,08/2020,Turista,Reino Unido,GB,Gran Canaria,6199.0
2020-M08,08/2020,Turista,Reino Unido,GB,Tenerife,18091.0
2020-M08,08/2020,Turista,Reino Unido,GB,La Palma,119.0
2020-M09,09/2020,Turista,Reino Unido,GB,Lanzarote,6696.0
2020-M09,09/2020,Turista,Reino Unido,GB,Fuerteventura,3111.0
2020-M09,09/2020,Turista,Reino Unido,GB,Gran Canaria,3362.0
2020-M09,09/2020,Turista,Reino Unido,GB,Tenerife,13829.0
2020-M09,09/2020,Turista,Reino Unido,GB,La Palma,53.0
2020-M10,10/2020,Turista,Reino Unido,GB,Lanzarote,12868.0
2020-M10,10/2020,Turista,Reino Unido,GB,Fuerteventura,5245.0
2020-M10,10/2020,Turista,Reino Unido,GB,Gran Canaria,4478.0
2020-M10,10/2020,Turista,Reino Unido,GB,Tenerife,27627.0
2020-M10,10/2020,Turista,Reino Unido,GB,La Palma,139.0
2020-M11,11/2020,Turista,Reino Unido,GB,Lanzarote,9561.0
2020-M11,11/2020,Turista,Reino Unido,GB,Fuerteventura,2571.0
2020-M11,11/2020,Turista,Reino Unido,GB,Gran Canaria,5602.0
2020-M11,11/2020,Turista,Reino Unido,GB,Tenerife,26835.0
2020-M11,11/2020,Turista,Reino Unido,GB,La Palma,63.0
2020-M12,12/2020,Turista,Reino Unido,GB,Lanzarote,13088.0
2020-M12,12/2020,Turista,Reino Unido,GB,Fuerteventura,5704.0
2020-M12,12/2020,Turista,Reino Unido,GB,Gran Canaria,8489.0
2020-M12,12/2020,Turista,Reino Unido,GB,Tenerife,37448.0
2020-M12,12/2020,Turista,Reino Unido,GB,La Palma,171.0
2021-M01,01/2021,Turista,Reino Unido,GB,Lanzarote,481.0
2021-M01,01/2021,Turista,Reino Unido,GB,Fuerteventura,352.0
2021-M01,01/2021,Turista,Reino Unido,GB,Gran Canaria,686.0
2021-M01,01/2021,Turista,Reino Unido,GB,Tenerife,1483.0
2021-M01,01/2021,Turista,Reino Unido,GB,La Palma,46.0
2021-M02,02/2021,Turista,Reino Unido,GB,Lanzarote,254.0
2021-M02,02/2021,Turista,Reino Unido,GB,Fuerteventura,149.0
2021-M02,02/2021,Turista,Reino Unido,GB,Gran Canaria,569.0
2021-M02,02/2021,Turista,Reino Unido,GB,Tenerife,1244.0
2021-M02,02/2021,Turista,Reino Unido,GB,La Palma,1.0
2021-M03,03/2021,Turista,Reino Unido,GB,Lanzarote,197.0
2021-M03,03/2021,Turista,Reino Unido,GB,Fuerteventura,137.0
2021-M03,03/2021,Turista,Reino Unido,GB,Gran Canaria,1198.0
2021-M03,03/2021,Turista,Reino Unido,GB,Tenerife,1129.0
2021-M03,03/2021,Turista,Reino Unido,GB,La Palma,26.0
2021-M04,04/2021,Turista,Reino Unido,GB,Lanzarote,273.0
2021-M04,04/2021,Turista,Reino Unido,GB,Fuerteventura,163.0
2021-M04,04/2021,Turista,Reino Unido,GB,Gran Canaria,544.0
2021-M04,04/2021,Turista,Reino Unido,GB,Tenerife,1416.0
2021-M04,04/2021,Turista,Reino Unido,GB,La Palma,35.0
2021-M05,05/2021,Turista,Reino Unido,GB,Lanzarote,887.0
2021-M05,05/2021,Turista,Reino Unido,GB,Fuerteventura,223.0
2021-M05,05/2021,Turista,Reino Unido,GB,Gran Canaria,1068.0
2021-M05,05/2021,Turista,Reino Unido,GB,Tenerife,1887.0
2021-M05,05/2021,Turista,Reino Unido,GB,La Palma,89.0
2021-M06,06/2021,Turista,Reino Unido,GB,Lanzarote,2453.0
2021-M06,06/2021,Turista,Reino Unido,GB,Fuerteventura,1184.0
2021-M06,06/2021,Turista,Reino Unido,GB,Gran Canaria,2269.0
2021-M06,06/2021,Turista,Reino Unido,GB,Tenerife,7636.0
2021-M06,06/2021,Turista,Reino Unido,GB,La Palma,85.0
2021-M07,07/2021,Turista,Reino Unido,GB,Lanzarote,18166.0
2021-M07,07/2021,Turista,Reino Unido,GB,Fuerteventura,5845.0
2021-M07,07/2021,Turista,Reino Unido,GB,Gran Canaria,9242.0
2021-M07,07/2021,Turista,Reino Unido,GB,Tenerife,27224.0
2021-M07,07/2021,Turista,Reino Unido,GB,La Palma,282.0
2021-M08,08/2021,Turista,Reino Unido,GB,Lanzarote,46661.0
2021-M08,08/2021,Turista,Reino Unido,GB,Fuerteventura,17020.0
2021-M08,08/2021,Turista,Reino Unido,GB,Gran Canaria,23019.0
2021-M08,08/2021,Turista,Reino Unido,GB,Tenerife,65234.0
2021-M08,08/2021,Turista,Reino Unido,GB,La Palma,1159.0
2021-M09,09/2021,Turista,Reino Unido,GB,Lanzarote,48206.0
2021-M09,09/2021,Turista,Reino Unido,GB,Fuerteventura,19563.0
2021-M09,09/2021,Turista,Reino Unido,GB,Gran Canaria,27656.0
2021-M09,09/2021,Turista,Reino Unido,GB,Tenerife,84470.0
2021-M09,09/2021,Turista,Reino Unido,GB,La Palma,790.0
2021-M10,10/2021,Turista,Reino Unido,GB,Lanzarote,89640.0
2021-M10,10/2021,Turista,Reino Unido,GB,Fuerteventura,33414.0
2021-M10,10/2021,Turista,Reino Unido,GB,Gran Canaria,48269.0
2021-M10,10/2021,Turista,Reino Unido,GB,Tenerife,165280.0
2021-M10,10/2021,Turista,Reino Unido,GB,La Palma,136.0
2021-M11,11/2021,Turista,Reino Unido,GB,Lanzarote,78745.0
2021-M11,11/2021,Turista,Reino Unido,GB,Fuerteventura,30378.0
2021-M11,11/2021,Turista,Reino Unido,GB,Gran Canaria,40501.0
2021-M11,11/2021,Turista,Reino Unido,GB,Tenerife,156715.0
2021-M11,11/2021,Turista,Reino Unido,GB,La Palma,347.0
2021-M12,12/2021,Turista,Reino Unido,GB,Lanzarote,54354.0
2021-M12,12/2021,Turista,Reino Unido,GB,Fuerteventura,22839.0
2021-M12,12/2021,Turista,Reino Unido,GB,Gran Canaria,32457.0
2021-M12,12/2021,Turista,Reino Unido,GB,Tenerife,113796.0
2021-M12,12/2021,Turista,Reino Unido,GB,La Palma,140.0
2022-M01,01/2022,Turista,Reino Unido,GB,Lanzarote,47077.0
2022-M01,01/2022,Turista,Reino Unido,GB,Fuerteventura,19207.0
2022-M01,01/2022,Turista,Reino Unido,GB,Gran Canaria,30773.0
2022-M01,01/2022,Turista,Reino Unido,GB,Tenerife,103859.0
2022-M01,01/2022,Turista,Reino Unido,GB,La Palma,686.0
2022-M02,02/2022,Turista,Reino Unido,GB,Lanzarote,88549.0
2022-M02,02/2022,Turista,Reino Unido,GB,Fuerteventura,39208.0
2022-M02,02/2022,Turista,Reino Unido,GB,Gran Canaria,48339.0
2022-M02,02/2022,Turista,Reino Unido,GB,Tenerife,164086.0
2022-M02,02/2022,Turista,Reino Unido,GB,La Palma,527.0
2022-M03,03/2022,Turista,Reino Unido,GB,Lanzarote,108708.0
2022-M03,03/2022,Turista,Reino Unido,GB,Fuerteventura,46058.0
2022-M03,03/2022,Turista,Reino Unido,GB,Gran Canaria,59669.0
2022-M03,03/2022,Turista,Reino Unido,GB,Tenerife,208490.0
2022-M03,03/2022,Turista,Reino Unido,GB,La Palma,2505.0
2022-M04,04/2022,Turista,Reino Unido,GB,Lanzarote,113846.0
2022-M04,04/2022,Turista,Reino Unido,GB,Fuerteventura,50753.0
2022-M04,04/2022,Turista,Reino Unido,GB,Gran Canaria,69519.0
2022-M04,04/2022,Turista,Reino Unido,GB,Tenerife,204182.0
2022-M04,04/2022,Turista,Reino Unido,GB,La Palma,4596.0
2022-M05,05/2022,Turista,Reino Unido,GB,Lanzarote,113721.0
2022-M05,05/2022,Turista,Reino Unido,GB,Fuerteventura,46341.0
2022-M05,05/2022,Turista,Reino Unido,GB,Gran Canaria,67949.0
2022-M05,05/2022,Turista,Reino Unido,GB,Tenerife,181143.0
2022-M05,05/2022,Turista,Reino Unido,GB,La Palma,3170.0
2022-M06,06/2022,Turista,Reino Unido,GB,Lanzarote,111946.0
2022-M06,06/2022,Turista,Reino Unido,GB,Fuerteventura,50791.0
2022-M06,06/2022,Turista,Reino Unido,GB,Gran Canaria,73727.0
2022-M06,06/2022,Turista,Reino Unido,GB,Tenerife,187751.0
2022-M06,06/2022,Turista,Reino Unido,GB,La Palma,1868.0
2022-M07,07/2022,Turista,Reino Unido,GB,Lanzarote,121039.0
2022-M07,07/2022,Turista,Reino Unido,GB,Fuerteventura,57953.0
2022-M07,07/2022,Turista,Reino Unido,GB,Gran Canaria,74895.0
2022-M07,07/2022,Turista,Reino Unido,GB,Tenerife,207344.0
2022-M07,07/2022,Turista,Reino Unido,GB,La Palma,1453.0
2022-M08,08/2022,Turista,Reino Unido,GB,Lanzarote,124117.0
2022-M08,08/2022,Turista,Reino Unido,GB,Fuerteventura,58487.0
2022-M08,08/2022,Turista,Reino Unido,GB,Gran Canaria,82190.0
2022-M08,08/2022,Turista,Reino Unido,GB,Tenerife,210392.0
2022-M08,08/2022,Turista,Reino Unido,GB,La Palma,1676.0
2022-M09,09/2022,Turista,Reino Unido,GB,Lanzarote,113170.0
2022-M09,09/2022,Turista,Reino Unido,GB,Fuerteventura,51806.0
2022-M09,09/2022,Turista,Reino Unido,GB,Gran Canaria,73525.0
2022-M09,09/2022,Turista,Reino Unido,GB,Tenerife,188854.0
2022-M09,09/2022,Turista,Reino Unido,GB,La Palma,1738.0
2022-M10,10/2022,Turista,Reino Unido,GB,Lanzarote,133343.0
2022-M10,10/2022,Turista,Reino Unido,GB,Fuerteventura,61777.0
2022-M10,10/2022,Turista,Reino Unido,GB,Gran Canaria,78199.0
2022-M10,10/2022,Turista,Reino Unido,GB,Tenerife,212926.0
2022-M10,10/2022,Turista,Reino Unido,GB,La Palma,1267.0
2022-M11,11/2022,Turista,Reino Unido,GB,Lanzarote,110776.0
2022-M11,11/2022,Turista,Reino Unido,GB,Fuerteventura,58025.0
2022-M11,11/2022,Turista,Reino Unido,GB,Gran Canaria,59694.0
2022-M11,11/2022,Turista,Reino Unido,GB,Tenerife,189577.0
2022-M11,11/2022,Turista,Reino Unido,GB,La Palma,790.0
2022-M12,12/2022,Turista,Reino Unido,GB,Lanzarote,125215.0
2022-M12,12/2022,Turista,Reino Unido,GB,Fuerteventura,64520.0
2022-M12,12/2022,Turista,Reino Unido,GB,Gran Canaria,74009.0
2022-M12,12/2022,Turista,Reino Unido,GB,Tenerife,216747.0
2022-M12,12/2022,Turista,Reino Unido,GB,La Palma,4732.0
2023-M01,01/2023,Turista,Reino Unido,GB,Lanzarote,104731.0
2023-M01,01/2023,Turista,Reino Unido,GB,Fuerteventura,49724.0
2023-M01,01/2023,Turista,Reino Unido,GB,Gran Canaria,61128.0
2023-M01,01/2023,Turista,Reino Unido,GB,Tenerife,183141.0
2023-M01,01/2023,Turista,Reino Unido,GB,La Palma,2194.0
2023-M02,02/2023,Turista,Reino Unido,GB,Lanzarote,115484.0
2023-M02,02/2023,Turista,Reino Unido,GB,Fuerteventura,63024.0
2023-M02,02/2023,Turista,Reino Unido,GB,Gran Canaria,67064.0
2023-M02,02/2023,Turista,Reino Unido,GB,Tenerife,187510.0
2023-M02,02/2023,Turista,Reino Unido,GB,La Palma,2970.0
2023-M03,03/2023,Turista,Reino Unido,GB,Lanzarote,135428.0
2023-M03,03/2023,Turista,Reino Unido,GB,Fuerteventura,67344.0
2023-M03,03/2023,Turista,Reino Unido,GB,Gran Canaria,75268.0
2023-M03,03/2023,Turista,Reino Unido,GB,Tenerife,216636.0
2023-M03,03/2023,Turista,Reino Unido,GB,La Palma,4012.0
2023-M04,04/2023,Turista,Reino Unido,GB,Lanzarote,126707.0
2023-M04,04/2023,Turista,Reino Unido,GB,Fuerteventura,58238.0
2023-M04,04/2023,Turista,Reino Unido,GB,Gran Canaria,77088.0
2023-M04,04/2023,Turista,Reino Unido,GB,Tenerife,200761.0
2023-M04,04/2023,Turista,Reino Unido,GB,La Palma,4260.0
2023-M05,05/2023,Turista,Reino Unido,GB,Lanzarote,123913.0
2023-M05,05/2023,Turista,Reino Unido,GB,Fuerteventura,55044.0
2023-M05,05/2023,Turista,Reino Unido,GB,Gran Canaria,75019.0
2023-M05,05/2023,Turista,Reino Unido,GB,Tenerife,199772.0
2023-M05,05/2023,Turista,Reino Unido,GB,La Palma,2730.0
2023-M06,06/2023,Turista,Reino Unido,GB,Lanzarote,125808.0
2023-M06,06/2023,Turista,Reino Unido,GB,Fuerteventura,53755.0
2023-M06,06/2023,Turista,Reino Unido,GB,Gran Canaria,80776.0
2023-M06,06/2023,Turista,Reino Unido,GB,Tenerife,202804.0
2023-M06,06/2023,Turista,Reino Unido,GB,La Palma,1102.0
2023-M07,07/2023,Turista,Reino Unido,GB,Lanzarote,131972.0
2023-M07,07/2023,Turista,Reino Unido,GB,Fuerteventura,59383.0
2023-M07,07/2023,Turista,Reino Unido,GB,Gran Canaria,84826.0
2023-M07,07/2023,Turista,Reino Unido,GB,Tenerife,215412.0
2023-M07,07/2023,Turista,Reino Unido,GB,La Palma,916.0
2023-M08,08/2023,Turista,Reino Unido,GB,Lanzarote,134425.0
2023-M08,08/2023,Turista,Reino Unido,GB,Fuerteventura,59913.0
2023-M08,08/2023,Turista,Reino Unido,GB,Gran Canaria,84480.0
2023-M08,08/2023,Turista,Reino Unido,GB,Tenerife,211373.0
2023-M08,08/2023,Turista,Reino Unido,GB,La Palma,1575.0
2023-M09,09/2023,Turista,Reino Unido,GB,Lanzarote,121068.0
2023-M09,09/2023,Turista,Reino Unido,GB,Fuerteventura,56583.0
2023-M09,09/2023,Turista,Reino Unido,GB,Gran Canaria,78536.0
2023-M09,09/2023,Turista,Reino Unido,GB,Tenerife,204282.0
2023-M09,09/2023,Turista,Reino Unido,GB,La Palma,805.0
2023-M10,10/2023,Turista,Reino Unido,GB,Lanzarote,139692.0
2023-M10,10/2023,Turista,Reino Unido,GB,Fuerteventura,63911.0
2023-M10,10/2023,Turista,Reino Unido,GB,Gran Canaria,85410.0
2023-M10,10/2023,Turista,Reino Unido,GB,Tenerife,226208.0
2023-M10,10/2023,Turista,Reino Unido,GB,La Palma,702.0
2023-M11,11/2023,Turista,Reino Unido,GB,Lanzarote,129717.0
2023-M11,11/2023,Turista,Reino Unido,GB,Fuerteventura,70756.0
2023-M11,11/2023,Turista,Reino Unido,GB,Gran Canaria,81873.0
2023-M11,11/2023,Turista,Reino Unido,GB,Tenerife,216801.0
2023-M11,11/2023,Turista,Reino Unido,GB,La Palma,9542.0
2023-M12,12/2023,Turista,Reino Unido,GB,Lanzarote,149841.0
2023-M12,12/2023,Turista,Reino Unido,GB,Fuerteventura,79984.0
2023-M12,12/2023,Turista,Reino Unido,GB,Gran Canaria,95981.0
2023-M12,12/2023,Turista,Reino Unido,GB,Tenerife,235730.0
2023-M12,12/2023,Turista,Reino Unido,GB,La Palma,14469.0
2024-M01,01/2024,Turista,Reino Unido,GB,Lanzarote,124952.0
2024-M01,01/2024,Turista,Reino Unido,GB,Fuerteventura,65177.0
2024-M01,01/2024,Turista,Reino Unido,GB,Gran Canaria,79607.0
2024-M01,01/2024,Turista,Reino Unido,GB,Tenerife,203833.0
2024-M01,01/2024,Turista,Reino Unido,GB,La Palma,9720.0
2024-M02,02/2024,Turista,Reino Unido,GB,Lanzarote,142783.0
2024-M02,02/2024,Turista,Reino Unido,GB,Fuerteventura,71170.0
2024-M02,02/2024,Turista,Reino Unido,GB,Gran Canaria,78841.0
2024-M02,02/2024,Turista,Reino Unido,GB,Tenerife,223622.0
2024-M02,02/2024,Turista,Reino Unido,GB,La Palma,4152.0
2024-M03,03/2024,Turista,Reino Unido,GB,Lanzarote,157865.0
2024-M03,03/2024,Turista,Reino Unido,GB,Fuerteventura,78399.0
2024-M03,03/2024,Turista,Reino Unido,GB,Gran Canaria,90828.0
2024-M03,03/2024,Turista,Reino Unido,GB,Tenerife,245384.0
2024-M03,03/2024,Turista,Reino Unido,GB,La Palma,4017.0
2024-M04,04/2024,Turista,Reino Unido,GB,Lanzarote,134781.0
2024-M04,04/2024,Turista,Reino Unido,GB,Fuerteventura,60905.0
2024-M04,04/2024,Turista,Reino Unido,GB,Gran Canaria,89512.0
2024-M04,04/2024,Turista,Reino Unido,GB,Tenerife,218755.0
2024-M04,04/2024,Turista,Reino Unido,GB,La Palma,4730.0
2024-M05,05/2024,Turista,Reino Unido,GB,Lanzarote,131521.0
2024-M05,05/2024,Turista,Reino Unido,GB,Fuerteventura,61772.0
2024-M05,05/2024,Turista,Reino Unido,GB,Gran Canaria,87553.0
2024-M05,05/2024,Turista,Reino Unido,GB,Tenerife,219132.0
2024-M05,05/2024,Turista,Reino Unido,GB,La Palma,2981.0
2024-M06,06/2024,Turista,Reino Unido,GB,Lanzarote,139045.0
2024-M06,06/2024,Turista,Reino Unido,GB,Fuerteventura,64584.0
2024-M06,06/2024,Turista,Reino Unido,GB,Gran Canaria,91538.0
2024-M06,06/2024,Turista,Reino Unido,GB,Tenerife,223105.0
2024-M06,06/2024,Turista,Reino Unido,GB,La Palma,4519.0
2024-M07,07/2024,Turista,Reino Unido,GB,Lanzarote,146819.0
2024-M07,07/2024,Turista,Reino Unido,GB,Fuerteventura,69005.0
2024-M07,07/2024,Turista,Reino Unido,GB,Gran Canaria,92082.0
2024-M07,07/2024,Turista,Reino Unido,GB,Tenerife,234478.0
2024-M07,07/2024,Turista,Reino Unido,GB,La Palma,3599.0
2024-M08,08/2024,Turista,Reino Unido,GB,Lanzarote,151775.0
2024-M08,08/2024,Turista,Reino Unido,GB,Fuerteventura,66232.0
2024-M08,08/2024,Turista,Reino Unido,GB,Gran Canaria,94641.0
2024-M08,08/2024,Turista,Reino Unido,GB,Tenerife,233313.0
2024-M08,08/2024,Turista,Reino Unido,GB,La Palma,1790.0
2024-M09,09/2024,Turista,Reino Unido,GB,Lanzarote,137005.0
2024-M09,09/2024,Turista,Reino Unido,GB,Fuerteventura,59589.0
2024-M09,09/2024,Turista,Reino Unido,GB,Gran Canaria,87014.0
2024-M09,09/2024,Turista,Reino Unido,GB,Tenerife,220952.0
2024-M09,09/2024,Turista,Reino Unido,GB,La Palma,747.0
2024-M10,10/2024,Turista,Reino Unido,GB,Lanzarote,154980.0
2024-M10,10/2024,Turista,Reino Unido,GB,Fuerteventura,71600.0
2024-M10,10/2024,Turista,Reino Unido,GB,Gran Canaria,91355.0
2024-M10,10/2024,Turista,Reino Unido,GB,Tenerife,248054.0
2024-M10,10/2024,Turista,Reino Unido,GB,La Palma,795.0
2024-M11,11/2024,Turista,Reino Unido,GB,Lanzarote,143421.0
2024-M11,11/2024,Turista,Reino Unido,GB,Fuerteventura,77169.0
2024-M11,11/2024,Turista,Reino Unido,GB,Gran Canaria,77327.0
2024-M11,11/2024,Turista,Reino Unido,GB,Tenerife,233427.0
2024-M11,11/2024,Turista,Reino Unido,GB,La Palma,7408.0
2024-M12,12/2024,Turista,Reino Unido,GB,Lanzarote,159513.0
2024-M12,12/2024,Turista,Reino Unido,GB,Fuerteventura,82607.0
2024-M12,12/2024,Turista,Reino Unido,GB,Gran Canaria,96409.0
2024-M12,12/2024,Turista,Reino Unido,GB,Tenerife,237921.0
2024-M12,12/2024,Turista,Reino Unido,GB,La Palma,13667.0
2025-M01,01/2025,Turista,Reino Unido,GB,Lanzarote,129769.0
2025-M01,01/2025,Turista,Reino Unido,GB,Fuerteventura,68256.0
2025-M01,01/2025,Turista,Reino Unido,GB,Gran Canaria,73434.0
2025-M01,01/2025,Turista,Reino Unido,GB,Tenerife,219422.0
2025-M01,01/2025,Turista,Reino Unido,GB,La Palma,2933.0
2025-M02,02/2025,Turista,Reino Unido,GB,Lanzarote,154427.0
2025-M02,02/2025,Turista,Reino Unido,GB,Fuerteventura,87045.0
2025-M02,02/2025,Turista,Reino Unido,GB,Gran Canaria,83835.0
2025-M02,02/2025,Turista,Reino Unido,GB,Tenerife,227482.0
2025-M02,02/2025,Turista,Reino Unido,GB,La Palma,9872.0
2025-M03,03/2025,Turista,Reino Unido,GB,Lanzarote,166597.0
2025-M03,03/2025,Turista,Reino Unido,GB,Fuerteventura,87879.0
2025-M03,03/2025,Turista,Reino Unido,GB,Gran Canaria,97431.0
2025-M03,03/2025,Turista,Reino Unido,GB,Tenerife,240233.0
2025-M03,03/2025,Turista,Reino Unido,GB,La Palma,9224.0
2025-M04,04/2025,Turista,Reino Unido,GB,Lanzarote,145795.0
2025-M04,04/2025,Turista,Reino Unido,GB,Fuerteventura,77201.0
2025-M04,04/2025,Turista,Reino Unido,GB,Gran Canaria,86114.0
2025-M04,04/2025,Turista,Reino Unido,GB,Tenerife,230190.0
2025-M04,04/2025,Turista,Reino Unido,GB,La Palma,5363.0
2025-M05,05/2025,Turista,Reino Unido,GB,Lanzarote,141799.0
2025-M05,05/2025,Turista,Reino Unido,GB,Fuerteventura,68626.0
2025-M05,05/2025,Turista,Reino Unido,GB,Gran Canaria,95700.0
2025-M05,05/2025,Turista,Reino Unido,GB,Tenerife,225746.0
2025-M05,05/2025,Turista,Reino Unido,GB,La Palma,3596.0
2025-M06,06/2025,Turista,Reino Unido,GB,Lanzarote,140005.0
2025-M06,06/2025,Turista,Reino Unido,GB,Fuerteventura,68572.0
2025-M06,06/2025,Turista,Reino Unido,GB,Gran Canaria,92176.0
2025-M06,06/2025,Turista,Reino Unido,GB,Tenerife,221779.0
2025-M06,06/2025,Turista,Reino Unido,GB,La Palma,2501.0
2025-M07,07/2025,Turista,Reino Unido,GB,Lanzarote,154106.0
2025-M07,07/2025,Turista,Reino Unido,GB,Fuerteventura,75852.0
2025-M07,07/2025,Turista,Reino Unido,GB,Gran Canaria,95677.0
2025-M07,07/2025,Turista,Reino Unido,GB,Tenerife,238344.0
2025-M07,07/2025,Turista,Reino Unido,GB,La Palma,1919.0
2020-M01,01/2020,Turista,Italia,IT,Lanzarote,4763.0
2020-M01,01/2020,Turista,Italia,IT,Fuerteventura,5551.0
2020-M01,01/2020,Turista,Italia,IT,Gran Canaria,9189.0
2020-M01,01/2020,Turista,Italia,IT,Tenerife,18954.0
2020-M01,01/2020,Turista,Italia,IT,La Palma,269.0
2020-M02,02/2020,Turista,Italia,IT,Lanzarote,3915.0
2020-M02,02/2020,Turista,Italia,IT,Fuerteventura,5191.0
2020-M02,02/2020,Turista,Italia,IT,Gran Canaria,7104.0
2020-M02,02/2020,Turista,Italia,IT,Tenerife,17297.0
2020-M02,02/2020,Turista,Italia,IT,La Palma,187.0
2020-M03,03/2020,Turista,Italia,IT,Lanzarote,1261.0
2020-M03,03/2020,Turista,Italia,IT,Fuerteventura,1639.0
2020-M03,03/2020,Turista,Italia,IT,Gran Canaria,2328.0
2020-M03,03/2020,Turista,Italia,IT,Tenerife,3900.0
2020-M03,03/2020,Turista,Italia,IT,La Palma,86.0
2020-M04,04/2020,Turista,Italia,IT,Lanzarote,
2020-M04,04/2020,Turista,Italia,IT,Fuerteventura,
2020-M04,04/2020,Turista,Italia,IT,Gran Canaria,
2020-M04,04/2020,Turista,Italia,IT,Tenerife,
2020-M04,04/2020,Turista,Italia,IT,La Palma,
2020-M05,05/2020,Turista,Italia,IT,Lanzarote,
2020-M05,05/2020,Turista,Italia,IT,Fuerteventura,
2020-M05,05/2020,Turista,Italia,IT,Gran Canaria,
2020-M05,05/2020,Turista,Italia,IT,Tenerife,
2020-M05,05/2020,Turista,Italia,IT,La Palma,
2020-M06,06/2020,Turista,Italia,IT,Lanzarote,11.0
2020-M06,06/2020,Turista,Italia,IT,Fuerteventura,36.0
2020-M06,06/2020,Turista,Italia,IT,Gran Canaria,97.0
2020-M06,06/2020,Turista,Italia,IT,Tenerife,113.0
2020-M06,06/2020,Turista,Italia,IT,La Palma,0.0
2020-M07,07/2020,Turista,Italia,IT,Lanzarote,1868.0
2020-M07,07/2020,Turista,Italia,IT,Fuerteventura,1516.0
2020-M07,07/2020,Turista,Italia,IT,Gran Canaria,1941.0
2020-M07,07/2020,Turista,Italia,IT,Tenerife,4258.0
2020-M07,07/2020,Turista,Italia,IT,La Palma,59.0
2020-M08,08/2020,Turista,Italia,IT,Lanzarote,2879.0
2020-M08,08/2020,Turista,Italia,IT,Fuerteventura,4364.0
2020-M08,08/2020,Turista,Italia,IT,Gran Canaria,4074.0
2020-M08,08/2020,Turista,Italia,IT,Tenerife,7833.0
2020-M08,08/2020,Turista,Italia,IT,La Palma,86.0
2020-M09,09/2020,Turista,Italia,IT,Lanzarote,1123.0
2020-M09,09/2020,Turista,Italia,IT,Fuerteventura,1979.0
2020-M09,09/2020,Turista,Italia,IT,Gran Canaria,1511.0
2020-M09,09/2020,Turista,Italia,IT,Tenerife,4019.0
2020-M09,09/2020,Turista,Italia,IT,La Palma,136.0
2020-M10,10/2020,Turista,Italia,IT,Lanzarote,953.0
2020-M10,10/2020,Turista,Italia,IT,Fuerteventura,2427.0
2020-M10,10/2020,Turista,Italia,IT,Gran Canaria,1144.0
2020-M10,10/2020,Turista,Italia,IT,Tenerife,4230.0
2020-M10,10/2020,Turista,Italia,IT,La Palma,132.0
2020-M11,11/2020,Turista,Italia,IT,Lanzarote,306.0
2020-M11,11/2020,Turista,Italia,IT,Fuerteventura,664.0
2020-M11,11/2020,Turista,Italia,IT,Gran Canaria,1133.0
2020-M11,11/2020,Turista,Italia,IT,Tenerife,2238.0
2020-M11,11/2020,Turista,Italia,IT,La Palma,52.0
2020-M12,12/2020,Turista,Italia,IT,Lanzarote,321.0
2020-M12,12/2020,Turista,Italia,IT,Fuerteventura,711.0
2020-M12,12/2020,Turista,Italia,IT,Gran Canaria,1384.0
2020-M12,12/2020,Turista,Italia,IT,Tenerife,1913.0
2020-M12,12/2020,Turista,Italia,IT,La Palma,25.0
2021-M01,01/2021,Turista,Italia,IT,Lanzarote,354.0
2021-M01,01/2021,Turista,Italia,IT,Fuerteventura,690.0
2021-M01,01/2021,Turista,Italia,IT,Gran Canaria,1498.0
2021-M01,01/2021,Turista,Italia,IT,Tenerife,2999.0
2021-M01,01/2021,Turista,Italia,IT,La Palma,85.0
2021-M02,02/2021,Turista,Italia,IT,Lanzarote,346.0
2021-M02,02/2021,Turista,Italia,IT,Fuerteventura,583.0
2021-M02,02/2021,Turista,Italia,IT,Gran Canaria,1056.0
2021-M02,02/2021,Turista,Italia,IT,Tenerife,3293.0
2021-M02,02/2021,Turista,Italia,IT,La Palma,71.0
2021-M03,03/2021,Turista,Italia,IT,Lanzarote,608.0
2021-M03,03/2021,Turista,Italia,IT,Fuerteventura,1516.0
2021-M03,03/2021,Turista,Italia,IT,Gran Canaria,1745.0
2021-M03,03/2021,Turista,Italia,IT,Tenerife,4402.0
2021-M03,03/2021,Turista,Italia,IT,La Palma,90.0
2021-M04,04/2021,Turista,Italia,IT,Lanzarote,1201.0
2021-M04,04/2021,Turista,Italia,IT,Fuerteventura,2762.0
2021-M04,04/2021,Turista,Italia,IT,Gran Canaria,2568.0
2021-M04,04/2021,Turista,Italia,IT,Tenerife,6630.0
2021-M04,04/2021,Turista,Italia,IT,La Palma,73.0
2021-M05,05/2021,Turista,Italia,IT,Lanzarote,1790.0
2021-M05,05/2021,Turista,Italia,IT,Fuerteventura,3917.0
2021-M05,05/2021,Turista,Italia,IT,Gran Canaria,2489.0
2021-M05,05/2021,Turista,Italia,IT,Tenerife,7407.0
2021-M05,05/2021,Turista,Italia,IT,La Palma,128.0
2021-M06,06/2021,Turista,Italia,IT,Lanzarote,2815.0
2021-M06,06/2021,Turista,Italia,IT,Fuerteventura,3884.0
2021-M06,06/2021,Turista,Italia,IT,Gran Canaria,3774.0
2021-M06,06/2021,Turista,Italia,IT,Tenerife,7687.0
2021-M06,06/2021,Turista,Italia,IT,La Palma,151.0
2021-M07,07/2021,Turista,Italia,IT,Lanzarote,4540.0
2021-M07,07/2021,Turista,Italia,IT,Fuerteventura,5726.0
2021-M07,07/2021,Turista,Italia,IT,Gran Canaria,4224.0
2021-M07,07/2021,Turista,Italia,IT,Tenerife,11185.0
2021-M07,07/2021,Turista,Italia,IT,La Palma,6.0
2021-M08,08/2021,Turista,Italia,IT,Lanzarote,5994.0
2021-M08,08/2021,Turista,Italia,IT,Fuerteventura,11427.0
2021-M08,08/2021,Turista,Italia,IT,Gran Canaria,6165.0
2021-M08,08/2021,Turista,Italia,IT,Tenerife,19319.0
2021-M08,08/2021,Turista,Italia,IT,La Palma,182.0
2021-M09,09/2021,Turista,Italia,IT,Lanzarote,5100.0
2021-M09,09/2021,Turista,Italia,IT,Fuerteventura,7111.0
2021-M09,09/2021,Turista,Italia,IT,Gran Canaria,5866.0
2021-M09,09/2021,Turista,Italia,IT,Tenerife,15340.0
2021-M09,09/2021,Turista,Italia,IT,La Palma,150.0
2021-M10,10/2021,Turista,Italia,IT,Lanzarote,5250.0
2021-M10,10/2021,Turista,Italia,IT,Fuerteventura,9748.0
2021-M10,10/2021,Turista,Italia,IT,Gran Canaria,5482.0
2021-M10,10/2021,Turista,Italia,IT,Tenerife,18106.0
2021-M10,10/2021,Turista,Italia,IT,La Palma,199.0
2021-M11,11/2021,Turista,Italia,IT,Lanzarote,6424.0
2021-M11,11/2021,Turista,Italia,IT,Fuerteventura,8872.0
2021-M11,11/2021,Turista,Italia,IT,Gran Canaria,6129.0
2021-M11,11/2021,Turista,Italia,IT,Tenerife,20845.0
2021-M11,11/2021,Turista,Italia,IT,La Palma,177.0
2021-M12,12/2021,Turista,Italia,IT,Lanzarote,6761.0
2021-M12,12/2021,Turista,Italia,IT,Fuerteventura,8502.0
2021-M12,12/2021,Turista,Italia,IT,Gran Canaria,9038.0
2021-M12,12/2021,Turista,Italia,IT,Tenerife,21010.0
2021-M12,12/2021,Turista,Italia,IT,La Palma,241.0
2022-M01,01/2022,Turista,Italia,IT,Lanzarote,4436.0
2022-M01,01/2022,Turista,Italia,IT,Fuerteventura,5137.0
2022-M01,01/2022,Turista,Italia,IT,Gran Canaria,7457.0
2022-M01,01/2022,Turista,Italia,IT,Tenerife,18991.0
2022-M01,01/2022,Turista,Italia,IT,La Palma,185.0
2022-M02,02/2022,Turista,Italia,IT,Lanzarote,4883.0
2022-M02,02/2022,Turista,Italia,IT,Fuerteventura,5916.0
2022-M02,02/2022,Turista,Italia,IT,Gran Canaria,7575.0
2022-M02,02/2022,Turista,Italia,IT,Tenerife,20325.0
2022-M02,02/2022,Turista,Italia,IT,La Palma,107.0
2022-M03,03/2022,Turista,Italia,IT,Lanzarote,5890.0
2022-M03,03/2022,Turista,Italia,IT,Fuerteventura,8073.0
2022-M03,03/2022,Turista,Italia,IT,Gran Canaria,8245.0
2022-M03,03/2022,Turista,Italia,IT,Tenerife,28148.0
2022-M03,03/2022,Turista,Italia,IT,La Palma,346.0
2022-M04,04/2022,Turista,Italia,IT,Lanzarote,6856.0
2022-M04,04/2022,Turista,Italia,IT,Fuerteventura,8932.0
2022-M04,04/2022,Turista,Italia,IT,Gran Canaria,8397.0
2022-M04,04/2022,Turista,Italia,IT,Tenerife,21384.0
2022-M04,04/2022,Turista,Italia,IT,La Palma,177.0
2022-M05,05/2022,Turista,Italia,IT,Lanzarote,7485.0
2022-M05,05/2022,Turista,Italia,IT,Fuerteventura,12421.0
2022-M05,05/2022,Turista,Italia,IT,Gran Canaria,11274.0
2022-M05,05/2022,Turista,Italia,IT,Tenerife,24030.0
2022-M05,05/2022,Turista,Italia,IT,La Palma,187.0
2022-M06,06/2022,Turista,Italia,IT,Lanzarote,7843.0
2022-M06,06/2022,Turista,Italia,IT,Fuerteventura,12815.0
2022-M06,06/2022,Turista,Italia,IT,Gran Canaria,8020.0
2022-M06,06/2022,Turista,Italia,IT,Tenerife,23297.0
2022-M06,06/2022,Turista,Italia,IT,La Palma,69.0
2022-M07,07/2022,Turista,Italia,IT,Lanzarote,8290.0
2022-M07,07/2022,Turista,Italia,IT,Fuerteventura,13095.0
2022-M07,07/2022,Turista,Italia,IT,Gran Canaria,9380.0
2022-M07,07/2022,Turista,Italia,IT,Tenerife,22882.0
2022-M07,07/2022,Turista,Italia,IT,La Palma,145.0
2022-M08,08/2022,Turista,Italia,IT,Lanzarote,9518.0
2022-M08,08/2022,Turista,Italia,IT,Fuerteventura,14195.0
2022-M08,08/2022,Turista,Italia,IT,Gran Canaria,12335.0
2022-M08,08/2022,Turista,Italia,IT,Tenerife,22135.0
2022-M08,08/2022,Turista,Italia,IT,La Palma,370.0
2022-M09,09/2022,Turista,Italia,IT,Lanzarote,8901.0
2022-M09,09/2022,Turista,Italia,IT,Fuerteventura,13418.0
2022-M09,09/2022,Turista,Italia,IT,Gran Canaria,9663.0
2022-M09,09/2022,Turista,Italia,IT,Tenerife,22534.0
2022-M09,09/2022,Turista,Italia,IT,La Palma,228.0
2022-M10,10/2022,Turista,Italia,IT,Lanzarote,9968.0
2022-M10,10/2022,Turista,Italia,IT,Fuerteventura,13644.0
2022-M10,10/2022,Turista,Italia,IT,Gran Canaria,10001.0
2022-M10,10/2022,Turista,Italia,IT,Tenerife,21459.0
2022-M10,10/2022,Turista,Italia,IT,La Palma,238.0
2022-M11,11/2022,Turista,Italia,IT,Lanzarote,7152.0
2022-M11,11/2022,Turista,Italia,IT,Fuerteventura,9488.0
2022-M11,11/2022,Turista,Italia,IT,Gran Canaria,10691.0
2022-M11,11/2022,Turista,Italia,IT,Tenerife,28551.0
2022-M11,11/2022,Turista,Italia,IT,La Palma,89.0
2022-M12,12/2022,Turista,Italia,IT,Lanzarote,8532.0
2022-M12,12/2022,Turista,Italia,IT,Fuerteventura,10761.0
2022-M12,12/2022,Turista,Italia,IT,Gran Canaria,11215.0
2022-M12,12/2022,Turista,Italia,IT,Tenerife,27845.0
2022-M12,12/2022,Turista,Italia,IT,La Palma,221.0
2023-M01,01/2023,Turista,Italia,IT,Lanzarote,8746.0
2023-M01,01/2023,Turista,Italia,IT,Fuerteventura,11236.0
2023-M01,01/2023,Turista,Italia,IT,Gran Canaria,13386.0
2023-M01,01/2023,Turista,Italia,IT,Tenerife,28916.0
2023-M01,01/2023,Turista,Italia,IT,La Palma,284.0
2023-M02,02/2023,Turista,Italia,IT,Lanzarote,7766.0
2023-M02,02/2023,Turista,Italia,IT,Fuerteventura,6228.0
2023-M02,02/2023,Turista,Italia,IT,Gran Canaria,9987.0
2023-M02,02/2023,Turista,Italia,IT,Tenerife,23846.0
2023-M02,02/2023,Turista,Italia,IT,La Palma,255.0
2023-M03,03/2023,Turista,Italia,IT,Lanzarote,7805.0
2023-M03,03/2023,Turista,Italia,IT,Fuerteventura,10129.0
2023-M03,03/2023,Turista,Italia,IT,Gran Canaria,10858.0
2023-M03,03/2023,Turista,Italia,IT,Tenerife,26386.0
2023-M03,03/2023,Turista,Italia,IT,La Palma,303.0
2023-M04,04/2023,Turista,Italia,IT,Lanzarote,8189.0
2023-M04,04/2023,Turista,Italia,IT,Fuerteventura,9828.0
2023-M04,04/2023,Turista,Italia,IT,Gran Canaria,9224.0
2023-M04,04/2023,Turista,Italia,IT,Tenerife,23079.0
2023-M04,04/2023,Turista,Italia,IT,La Palma,
2023-M05,05/2023,Turista,Italia,IT,Lanzarote,7734.0
2023-M05,05/2023,Turista,Italia,IT,Fuerteventura,9668.0
2023-M05,05/2023,Turista,Italia,IT,Gran Canaria,9877.0
2023-M05,05/2023,Turista,Italia,IT,Tenerife,24487.0
2023-M05,05/2023,Turista,Italia,IT,La Palma,176.0
2023-M06,06/2023,Turista,Italia,IT,Lanzarote,7272.0
2023-M06,06/2023,Turista,Italia,IT,Fuerteventura,9640.0
2023-M06,06/2023,Turista,Italia,IT,Gran Canaria,8843.0
2023-M06,06/2023,Turista,Italia,IT,Tenerife,21763.0
2023-M06,06/2023,Turista,Italia,IT,La Palma,179.0
2023-M07,07/2023,Turista,Italia,IT,Lanzarote,8209.0
2023-M07,07/2023,Turista,Italia,IT,Fuerteventura,9902.0
2023-M07,07/2023,Turista,Italia,IT,Gran Canaria,9055.0
2023-M07,07/2023,Turista,Italia,IT,Tenerife,21403.0
2023-M07,07/2023,Turista,Italia,IT,La Palma,155.0
2023-M08,08/2023,Turista,Italia,IT,Lanzarote,9796.0
2023-M08,08/2023,Turista,Italia,IT,Fuerteventura,11837.0
2023-M08,08/2023,Turista,Italia,IT,Gran Canaria,10852.0
2023-M08,08/2023,Turista,Italia,IT,Tenerife,27982.0
2023-M08,08/2023,Turista,Italia,IT,La Palma,311.0
2023-M09,09/2023,Turista,Italia,IT,Lanzarote,8253.0
2023-M09,09/2023,Turista,Italia,IT,Fuerteventura,10430.0
2023-M09,09/2023,Turista,Italia,IT,Gran Canaria,8541.0
2023-M09,09/2023,Turista,Italia,IT,Tenerife,21847.0
2023-M09,09/2023,Turista,Italia,IT,La Palma,279.0
2023-M10,10/2023,Turista,Italia,IT,Lanzarote,9882.0
2023-M10,10/2023,Turista,Italia,IT,Fuerteventura,9735.0
2023-M10,10/2023,Turista,Italia,IT,Gran Canaria,9393.0
2023-M10,10/2023,Turista,Italia,IT,Tenerife,29154.0
2023-M10,10/2023,Turista,Italia,IT,La Palma,72.0
2023-M11,11/2023,Turista,Italia,IT,Lanzarote,7684.0
2023-M11,11/2023,Turista,Italia,IT,Fuerteventura,11297.0
2023-M11,11/2023,Turista,Italia,IT,Gran Canaria,13668.0
2023-M11,11/2023,Turista,Italia,IT,Tenerife,32291.0
2023-M11,11/2023,Turista,Italia,IT,La Palma,90.0
2023-M12,12/2023,Turista,Italia,IT,Lanzarote,9642.0
2023-M12,12/2023,Turista,Italia,IT,Fuerteventura,10693.0
2023-M12,12/2023,Turista,Italia,IT,Gran Canaria,13150.0
2023-M12,12/2023,Turista,Italia,IT,Tenerife,33234.0
2023-M12,12/2023,Turista,Italia,IT,La Palma,526.0
2024-M01,01/2024,Turista,Italia,IT,Lanzarote,7732.0
2024-M01,01/2024,Turista,Italia,IT,Fuerteventura,12199.0
2024-M01,01/2024,Turista,Italia,IT,Gran Canaria,15480.0
2024-M01,01/2024,Turista,Italia,IT,Tenerife,36861.0
2024-M01,01/2024,Turista,Italia,IT,La Palma,215.0
2024-M02,02/2024,Turista,Italia,IT,Lanzarote,7632.0
2024-M02,02/2024,Turista,Italia,IT,Fuerteventura,9932.0
2024-M02,02/2024,Turista,Italia,IT,Gran Canaria,13170.0
2024-M02,02/2024,Turista,Italia,IT,Tenerife,33843.0
2024-M02,02/2024,Turista,Italia,IT,La Palma,181.0
2024-M03,03/2024,Turista,Italia,IT,Lanzarote,8597.0
2024-M03,03/2024,Turista,Italia,IT,Fuerteventura,10730.0
2024-M03,03/2024,Turista,Italia,IT,Gran Canaria,12927.0
2024-M03,03/2024,Turista,Italia,IT,Tenerife,34470.0
2024-M03,03/2024,Turista,Italia,IT,La Palma,289.0
2024-M04,04/2024,Turista,Italia,IT,Lanzarote,6546.0
2024-M04,04/2024,Turista,Italia,IT,Fuerteventura,10590.0
2024-M04,04/2024,Turista,Italia,IT,Gran Canaria,12155.0
2024-M04,04/2024,Turista,Italia,IT,Tenerife,29829.0
2024-M04,04/2024,Turista,Italia,IT,La Palma,175.0
2024-M05,05/2024,Turista,Italia,IT,Lanzarote,5697.0
2024-M05,05/2024,Turista,Italia,IT,Fuerteventura,10821.0
2024-M05,05/2024,Turista,Italia,IT,Gran Canaria,7447.0
2024-M05,05/2024,Turista,Italia,IT,Tenerife,26192.0
2024-M05,05/2024,Turista,Italia,IT,La Palma,279.0
2024-M06,06/2024,Turista,Italia,IT,Lanzarote,5631.0
2024-M06,06/2024,Turista,Italia,IT,Fuerteventura,12493.0
2024-M06,06/2024,Turista,Italia,IT,Gran Canaria,8577.0
2024-M06,06/2024,Turista,Italia,IT,Tenerife,32431.0
2024-M06,06/2024,Turista,Italia,IT,La Palma,206.0
2024-M07,07/2024,Turista,Italia,IT,Lanzarote,5513.0
2024-M07,07/2024,Turista,Italia,IT,Fuerteventura,11682.0
2024-M07,07/2024,Turista,Italia,IT,Gran Canaria,8827.0
2024-M07,07/2024,Turista,Italia,IT,Tenerife,32134.0
2024-M07,07/2024,Turista,Italia,IT,La Palma,179.0
2024-M08,08/2024,Turista,Italia,IT,Lanzarote,6412.0
2024-M08,08/2024,Turista,Italia,IT,Fuerteventura,13644.0
2024-M08,08/2024,Turista,Italia,IT,Gran Canaria,11001.0
2024-M08,08/2024,Turista,Italia,IT,Tenerife,35209.0
2024-M08,08/2024,Turista,Italia,IT,La Palma,224.0
2024-M09,09/2024,Turista,Italia,IT,Lanzarote,5534.0
2024-M09,09/2024,Turista,Italia,IT,Fuerteventura,12520.0
2024-M09,09/2024,Turista,Italia,IT,Gran Canaria,11003.0
2024-M09,09/2024,Turista,Italia,IT,Tenerife,37093.0
2024-M09,09/2024,Turista,Italia,IT,La Palma,92.0
2024-M10,10/2024,Turista,Italia,IT,Lanzarote,6644.0
2024-M10,10/2024,Turista,Italia,IT,Fuerteventura,12925.0
2024-M10,10/2024,Turista,Italia,IT,Gran Canaria,10032.0
2024-M10,10/2024,Turista,Italia,IT,Tenerife,39064.0
2024-M10,10/2024,Turista,Italia,IT,La Palma,215.0
2024-M11,11/2024,Turista,Italia,IT,Lanzarote,7738.0
2024-M11,11/2024,Turista,Italia,IT,Fuerteventura,12794.0
2024-M11,11/2024,Turista,Italia,IT,Gran Canaria,11921.0
2024-M11,11/2024,Turista,Italia,IT,Tenerife,40166.0
2024-M11,11/2024,Turista,Italia,IT,La Palma,174.0
2024-M12,12/2024,Turista,Italia,IT,Lanzarote,8628.0
2024-M12,12/2024,Turista,Italia,IT,Fuerteventura,15311.0
2024-M12,12/2024,Turista,Italia,IT,Gran Canaria,16165.0
2024-M12,12/2024,Turista,Italia,IT,Tenerife,42204.0
2024-M12,12/2024,Turista,Italia,IT,La Palma,436.0
2025-M01,01/2025,Turista,Italia,IT,Lanzarote,8254.0
2025-M01,01/2025,Turista,Italia,IT,Fuerteventura,13983.0
2025-M01,01/2025,Turista,Italia,IT,Gran Canaria,16982.0
2025-M01,01/2025,Turista,Italia,IT,Tenerife,43148.0
2025-M01,01/2025,Turista,Italia,IT,La Palma,873.0
2025-M02,02/2025,Turista,Italia,IT,Lanzarote,7094.0
2025-M02,02/2025,Turista,Italia,IT,Fuerteventura,12727.0
2025-M02,02/2025,Turista,Italia,IT,Gran Canaria,15315.0
2025-M02,02/2025,Turista,Italia,IT,Tenerife,34424.0
2025-M02,02/2025,Turista,Italia,IT,La Palma,131.0
2025-M03,03/2025,Turista,Italia,IT,Lanzarote,8280.0
2025-M03,03/2025,Turista,Italia,IT,Fuerteventura,14231.0
2025-M03,03/2025,Turista,Italia,IT,Gran Canaria,18212.0
2025-M03,03/2025,Turista,Italia,IT,Tenerife,44554.0
2025-M03,03/2025,Turista,Italia,IT,La Palma,350.0
2025-M04,04/2025,Turista,Italia,IT,Lanzarote,7728.0
2025-M04,04/2025,Turista,Italia,IT,Fuerteventura,11953.0
2025-M04,04/2025,Turista,Italia,IT,Gran Canaria,13173.0
2025-M04,04/2025,Turista,Italia,IT,Tenerife,27845.0
2025-M04,04/2025,Turista,Italia,IT,La Palma,101.0
2025-M05,05/2025,Turista,Italia,IT,Lanzarote,5270.0
2025-M05,05/2025,Turista,Italia,IT,Fuerteventura,12661.0
2025-M05,05/2025,Turista,Italia,IT,Gran Canaria,12237.0
2025-M05,05/2025,Turista,Italia,IT,Tenerife,28724.0
2025-M05,05/2025,Turista,Italia,IT,La Palma,211.0
2025-M06,06/2025,Turista,Italia,IT,Lanzarote,6243.0
2025-M06,06/2025,Turista,Italia,IT,Fuerteventura,13760.0
2025-M06,06/2025,Turista,Italia,IT,Gran Canaria,11666.0
2025-M06,06/2025,Turista,Italia,IT,Tenerife,28777.0
2025-M06,06/2025,Turista,Italia,IT,La Palma,131.0
2025-M07,07/2025,Turista,Italia,IT,Lanzarote,7040.0
2025-M07,07/2025,Turista,Italia,IT,Fuerteventura,12873.0
2025-M07,07/2025,Turista,Italia,IT,Gran Canaria,10679.0
2025-M07,07/2025,Turista,Italia,IT,Tenerife,26071.0
2025-M07,07/2025,Turista,Italia,IT,La Palma,123.0
2020-M01,01/2020,Turista,Francia,FR,Lanzarote,10431.0
2020-M01,01/2020,Turista,Francia,FR,Fuerteventura,7283.0
2020-M01,01/2020,Turista,Francia,FR,Gran Canaria,6141.0
2020-M01,01/2020,Turista,Francia,FR,Tenerife,18609.0
2020-M01,01/2020,Turista,Francia,FR,La Palma,734.0
2020-M02,02/2020,Turista,Francia,FR,Lanzarote,19935.0
2020-M02,02/2020,Turista,Francia,FR,Fuerteventura,10298.0
2020-M02,02/2020,Turista,Francia,FR,Gran Canaria,8343.0
2020-M02,02/2020,Turista,Francia,FR,Tenerife,27506.0
2020-M02,02/2020,Turista,Francia,FR,La Palma,1014.0
2020-M03,03/2020,Turista,Francia,FR,Lanzarote,4509.0
2020-M03,03/2020,Turista,Francia,FR,Fuerteventura,5634.0
2020-M03,03/2020,Turista,Francia,FR,Gran Canaria,3988.0
2020-M03,03/2020,Turista,Francia,FR,Tenerife,7162.0
2020-M03,03/2020,Turista,Francia,FR,La Palma,388.0
2020-M04,04/2020,Turista,Francia,FR,Lanzarote,
2020-M04,04/2020,Turista,Francia,FR,Fuerteventura,
2020-M04,04/2020,Turista,Francia,FR,Gran Canaria,
2020-M04,04/2020,Turista,Francia,FR,Tenerife,
2020-M04,04/2020,Turista,Francia,FR,La Palma,
2020-M05,05/2020,Turista,Francia,FR,Lanzarote,
2020-M05,05/2020,Turista,Francia,FR,Fuerteventura,
2020-M05,05/2020,Turista,Francia,FR,Gran Canaria,
2020-M05,05/2020,Turista,Francia,FR,Tenerife,
2020-M05,05/2020,Turista,Francia,FR,La Palma,
2020-M06,06/2020,Turista,Francia,FR,Lanzarote,49.0
2020-M06,06/2020,Turista,Francia,FR,Fuerteventura,20.0
2020-M06,06/2020,Turista,Francia,FR,Gran Canaria,80.0
2020-M06,06/2020,Turista,Francia,FR,Tenerife,111.0
2020-M06,06/2020,Turista,Francia,FR,La Palma,
2020-M07,07/2020,Turista,Francia,FR,Lanzarote,1771.0
2020-M07,07/2020,Turista,Francia,FR,Fuerteventura,1266.0
2020-M07,07/2020,Turista,Francia,FR,Gran Canaria,1153.0
2020-M07,07/2020,Turista,Francia,FR,Tenerife,2693.0
2020-M07,07/2020,Turista,Francia,FR,La Palma,26.0
2020-M08,08/2020,Turista,Francia,FR,Lanzarote,4841.0
2020-M08,08/2020,Turista,Francia,FR,Fuerteventura,4235.0
2020-M08,08/2020,Turista,Francia,FR,Gran Canaria,3706.0
2020-M08,08/2020,Turista,Francia,FR,Tenerife,9669.0
2020-M08,08/2020,Turista,Francia,FR,La Palma,117.0
2020-M09,09/2020,Turista,Francia,FR,Lanzarote,2592.0
2020-M09,09/2020,Turista,Francia,FR,Fuerteventura,1346.0
2020-M09,09/2020,Turista,Francia,FR,Gran Canaria,853.0
2020-M09,09/2020,Turista,Francia,FR,Tenerife,2920.0
2020-M09,09/2020,Turista,Francia,FR,La Palma,114.0
2020-M10,10/2020,Turista,Francia,FR,Lanzarote,5238.0
2020-M10,10/2020,Turista,Francia,FR,Fuerteventura,3132.0
2020-M10,10/2020,Turista,Francia,FR,Gran Canaria,2314.0
2020-M10,10/2020,Turista,Francia,FR,Tenerife,7437.0
2020-M10,10/2020,Turista,Francia,FR,La Palma,256.0
2020-M11,11/2020,Turista,Francia,FR,Lanzarote,628.0
2020-M11,11/2020,Turista,Francia,FR,Fuerteventura,502.0
2020-M11,11/2020,Turista,Francia,FR,Gran Canaria,1579.0
2020-M11,11/2020,Turista,Francia,FR,Tenerife,2669.0
2020-M11,11/2020,Turista,Francia,FR,La Palma,106.0
2020-M12,12/2020,Turista,Francia,FR,Lanzarote,3278.0
2020-M12,12/2020,Turista,Francia,FR,Fuerteventura,2106.0
2020-M12,12/2020,Turista,Francia,FR,Gran Canaria,2733.0
2020-M12,12/2020,Turista,Francia,FR,Tenerife,7199.0
2020-M12,12/2020,Turista,Francia,FR,La Palma,133.0
2021-M01,01/2021,Turista,Francia,FR,Lanzarote,2018.0
2021-M01,01/2021,Turista,Francia,FR,Fuerteventura,1658.0
2021-M01,01/2021,Turista,Francia,FR,Gran Canaria,2075.0
2021-M01,01/2021,Turista,Francia,FR,Tenerife,6637.0
2021-M01,01/2021,Turista,Francia,FR,La Palma,161.0
2021-M02,02/2021,Turista,Francia,FR,Lanzarote,3647.0
2021-M02,02/2021,Turista,Francia,FR,Fuerteventura,1893.0
2021-M02,02/2021,Turista,Francia,FR,Gran Canaria,2121.0
2021-M02,02/2021,Turista,Francia,FR,Tenerife,13016.0
2021-M02,02/2021,Turista,Francia,FR,La Palma,260.0
2021-M03,03/2021,Turista,Francia,FR,Lanzarote,2664.0
2021-M03,03/2021,Turista,Francia,FR,Fuerteventura,1781.0
2021-M03,03/2021,Turista,Francia,FR,Gran Canaria,2963.0
2021-M03,03/2021,Turista,Francia,FR,Tenerife,11082.0
2021-M03,03/2021,Turista,Francia,FR,La Palma,376.0
2021-M04,04/2021,Turista,Francia,FR,Lanzarote,3884.0
2021-M04,04/2021,Turista,Francia,FR,Fuerteventura,2392.0
2021-M04,04/2021,Turista,Francia,FR,Gran Canaria,3019.0
2021-M04,04/2021,Turista,Francia,FR,Tenerife,9129.0
2021-M04,04/2021,Turista,Francia,FR,La Palma,244.0
2021-M05,05/2021,Turista,Francia,FR,Lanzarote,7808.0
2021-M05,05/2021,Turista,Francia,FR,Fuerteventura,4201.0
2021-M05,05/2021,Turista,Francia,FR,Gran Canaria,4906.0
2021-M05,05/2021,Turista,Francia,FR,Tenerife,15678.0
2021-M05,05/2021,Turista,Francia,FR,La Palma,204.0
2021-M06,06/2021,Turista,Francia,FR,Lanzarote,6698.0
2021-M06,06/2021,Turista,Francia,FR,Fuerteventura,4626.0
2021-M06,06/2021,Turista,Francia,FR,Gran Canaria,3669.0
2021-M06,06/2021,Turista,Francia,FR,Tenerife,11301.0
2021-M06,06/2021,Turista,Francia,FR,La Palma,392.0
2021-M07,07/2021,Turista,Francia,FR,Lanzarote,13921.0
2021-M07,07/2021,Turista,Francia,FR,Fuerteventura,8054.0
2021-M07,07/2021,Turista,Francia,FR,Gran Canaria,9311.0
2021-M07,07/2021,Turista,Francia,FR,Tenerife,17998.0
2021-M07,07/2021,Turista,Francia,FR,La Palma,351.0
2021-M08,08/2021,Turista,Francia,FR,Lanzarote,13824.0
2021-M08,08/2021,Turista,Francia,FR,Fuerteventura,14244.0
2021-M08,08/2021,Turista,Francia,FR,Gran Canaria,13156.0
2021-M08,08/2021,Turista,Francia,FR,Tenerife,22681.0
2021-M08,08/2021,Turista,Francia,FR,La Palma,615.0
2021-M09,09/2021,Turista,Francia,FR,Lanzarote,8631.0
2021-M09,09/2021,Turista,Francia,FR,Fuerteventura,6060.0
2021-M09,09/2021,Turista,Francia,FR,Gran Canaria,6999.0
2021-M09,09/2021,Turista,Francia,FR,Tenerife,15998.0
2021-M09,09/2021,Turista,Francia,FR,La Palma,312.0
2021-M10,10/2021,Turista,Francia,FR,Lanzarote,14643.0
2021-M10,10/2021,Turista,Francia,FR,Fuerteventura,11299.0
2021-M10,10/2021,Turista,Francia,FR,Gran Canaria,9105.0
2021-M10,10/2021,Turista,Francia,FR,Tenerife,25293.0
2021-M10,10/2021,Turista,Francia,FR,La Palma,396.0
2021-M11,11/2021,Turista,Francia,FR,Lanzarote,18857.0
2021-M11,11/2021,Turista,Francia,FR,Fuerteventura,11771.0
2021-M11,11/2021,Turista,Francia,FR,Gran Canaria,7962.0
2021-M11,11/2021,Turista,Francia,FR,Tenerife,26752.0
2021-M11,11/2021,Turista,Francia,FR,La Palma,875.0
2021-M12,12/2021,Turista,Francia,FR,Lanzarote,15709.0
2021-M12,12/2021,Turista,Francia,FR,Fuerteventura,12535.0
2021-M12,12/2021,Turista,Francia,FR,Gran Canaria,8488.0
2021-M12,12/2021,Turista,Francia,FR,Tenerife,27178.0
2021-M12,12/2021,Turista,Francia,FR,La Palma,410.0
2022-M01,01/2022,Turista,Francia,FR,Lanzarote,8108.0
2022-M01,01/2022,Turista,Francia,FR,Fuerteventura,6827.0
2022-M01,01/2022,Turista,Francia,FR,Gran Canaria,5205.0
2022-M01,01/2022,Turista,Francia,FR,Tenerife,19956.0
2022-M01,01/2022,Turista,Francia,FR,La Palma,274.0
2022-M02,02/2022,Turista,Francia,FR,Lanzarote,15843.0
2022-M02,02/2022,Turista,Francia,FR,Fuerteventura,15678.0
2022-M02,02/2022,Turista,Francia,FR,Gran Canaria,9091.0
2022-M02,02/2022,Turista,Francia,FR,Tenerife,33272.0
2022-M02,02/2022,Turista,Francia,FR,La Palma,655.0
2022-M03,03/2022,Turista,Francia,FR,Lanzarote,15573.0
2022-M03,03/2022,Turista,Francia,FR,Fuerteventura,13076.0
2022-M03,03/2022,Turista,Francia,FR,Gran Canaria,9305.0
2022-M03,03/2022,Turista,Francia,FR,Tenerife,30044.0
2022-M03,03/2022,Turista,Francia,FR,La Palma,769.0
2022-M04,04/2022,Turista,Francia,FR,Lanzarote,18578.0
2022-M04,04/2022,Turista,Francia,FR,Fuerteventura,12231.0
2022-M04,04/2022,Turista,Francia,FR,Gran Canaria,10564.0
2022-M04,04/2022,Turista,Francia,FR,Tenerife,24199.0
2022-M04,04/2022,Turista,Francia,FR,La Palma,695.0
2022-M05,05/2022,Turista,Francia,FR,Lanzarote,15079.0
2022-M05,05/2022,Turista,Francia,FR,Fuerteventura,10132.0
2022-M05,05/2022,Turista,Francia,FR,Gran Canaria,12095.0
2022-M05,05/2022,Turista,Francia,FR,Tenerife,25698.0
2022-M05,05/2022,Turista,Francia,FR,La Palma,200.0
2022-M06,06/2022,Turista,Francia,FR,Lanzarote,12878.0
2022-M06,06/2022,Turista,Francia,FR,Fuerteventura,8759.0
2022-M06,06/2022,Turista,Francia,FR,Gran Canaria,8645.0
2022-M06,06/2022,Turista,Francia,FR,Tenerife,20601.0
2022-M06,06/2022,Turista,Francia,FR,La Palma,371.0
2022-M07,07/2022,Turista,Francia,FR,Lanzarote,16372.0
2022-M07,07/2022,Turista,Francia,FR,Fuerteventura,13788.0
2022-M07,07/2022,Turista,Francia,FR,Gran Canaria,14588.0
2022-M07,07/2022,Turista,Francia,FR,Tenerife,23309.0
2022-M07,07/2022,Turista,Francia,FR,La Palma,758.0
2022-M08,08/2022,Turista,Francia,FR,Lanzarote,18038.0
2022-M08,08/2022,Turista,Francia,FR,Fuerteventura,15183.0
2022-M08,08/2022,Turista,Francia,FR,Gran Canaria,17637.0
2022-M08,08/2022,Turista,Francia,FR,Tenerife,30189.0
2022-M08,08/2022,Turista,Francia,FR,La Palma,713.0
2022-M09,09/2022,Turista,Francia,FR,Lanzarote,12537.0
2022-M09,09/2022,Turista,Francia,FR,Fuerteventura,10747.0
2022-M09,09/2022,Turista,Francia,FR,Gran Canaria,11007.0
2022-M09,09/2022,Turista,Francia,FR,Tenerife,20533.0
2022-M09,09/2022,Turista,Francia,FR,La Palma,334.0
2022-M10,10/2022,Turista,Francia,FR,Lanzarote,18690.0
2022-M10,10/2022,Turista,Francia,FR,Fuerteventura,14918.0
2022-M10,10/2022,Turista,Francia,FR,Gran Canaria,12411.0
2022-M10,10/2022,Turista,Francia,FR,Tenerife,28637.0
2022-M10,10/2022,Turista,Francia,FR,La Palma,414.0
2022-M11,11/2022,Turista,Francia,FR,Lanzarote,13899.0
2022-M11,11/2022,Turista,Francia,FR,Fuerteventura,10589.0
2022-M11,11/2022,Turista,Francia,FR,Gran Canaria,11105.0
2022-M11,11/2022,Turista,Francia,FR,Tenerife,27763.0
2022-M11,11/2022,Turista,Francia,FR,La Palma,968.0
2022-M12,12/2022,Turista,Francia,FR,Lanzarote,19651.0
2022-M12,12/2022,Turista,Francia,FR,Fuerteventura,14066.0
2022-M12,12/2022,Turista,Francia,FR,Gran Canaria,14716.0
2022-M12,12/2022,Turista,Francia,FR,Tenerife,34366.0
2022-M12,12/2022,Turista,Francia,FR,La Palma,406.0
2023-M01,01/2023,Turista,Francia,FR,Lanzarote,14267.0
2023-M01,01/2023,Turista,Francia,FR,Fuerteventura,10368.0
2023-M01,01/2023,Turista,Francia,FR,Gran Canaria,11423.0
2023-M01,01/2023,Turista,Francia,FR,Tenerife,25830.0
2023-M01,01/2023,Turista,Francia,FR,La Palma,698.0
2023-M02,02/2023,Turista,Francia,FR,Lanzarote,22724.0
2023-M02,02/2023,Turista,Francia,FR,Fuerteventura,14068.0
2023-M02,02/2023,Turista,Francia,FR,Gran Canaria,17476.0
2023-M02,02/2023,Turista,Francia,FR,Tenerife,34332.0
2023-M02,02/2023,Turista,Francia,FR,La Palma,549.0
2023-M03,03/2023,Turista,Francia,FR,Lanzarote,18184.0
2023-M03,03/2023,Turista,Francia,FR,Fuerteventura,12707.0
2023-M03,03/2023,Turista,Francia,FR,Gran Canaria,11664.0
2023-M03,03/2023,Turista,Francia,FR,Tenerife,30281.0
2023-M03,03/2023,Turista,Francia,FR,La Palma,857.0
2023-M04,04/2023,Turista,Francia,FR,Lanzarote,21178.0
2023-M04,04/2023,Turista,Francia,FR,Fuerteventura,13005.0
2023-M04,04/2023,Turista,Francia,FR,Gran Canaria,13626.0
2023-M04,04/2023,Turista,Francia,FR,Tenerife,31454.0
2023-M04,04/2023,Turista,Francia,FR,La Palma,798.0
2023-M05,05/2023,Turista,Francia,FR,Lanzarote,16587.0
2023-M05,05/2023,Turista,Francia,FR,Fuerteventura,8573.0
2023-M05,05/2023,Turista,Francia,FR,Gran Canaria,12643.0
2023-M05,05/2023,Turista,Francia,FR,Tenerife,25285.0
2023-M05,05/2023,Turista,Francia,FR,La Palma,347.0
2023-M06,06/2023,Turista,Francia,FR,Lanzarote,14600.0
2023-M06,06/2023,Turista,Francia,FR,Fuerteventura,7681.0
2023-M06,06/2023,Turista,Francia,FR,Gran Canaria,10117.0
2023-M06,06/2023,Turista,Francia,FR,Tenerife,20249.0
2023-M06,06/2023,Turista,Francia,FR,La Palma,92.0
2023-M07,07/2023,Turista,Francia,FR,Lanzarote,19883.0
2023-M07,07/2023,Turista,Francia,FR,Fuerteventura,14453.0
2023-M07,07/2023,Turista,Francia,FR,Gran Canaria,14076.0
2023-M07,07/2023,Turista,Francia,FR,Tenerife,26830.0
2023-M07,07/2023,Turista,Francia,FR,La Palma,273.0
2023-M08,08/2023,Turista,Francia,FR,Lanzarote,20064.0
2023-M08,08/2023,Turista,Francia,FR,Fuerteventura,13260.0
2023-M08,08/2023,Turista,Francia,FR,Gran Canaria,16157.0
2023-M08,08/2023,Turista,Francia,FR,Tenerife,28003.0
2023-M08,08/2023,Turista,Francia,FR,La Palma,740.0
2023-M09,09/2023,Turista,Francia,FR,Lanzarote,16489.0
2023-M09,09/2023,Turista,Francia,FR,Fuerteventura,9526.0
2023-M09,09/2023,Turista,Francia,FR,Gran Canaria,11915.0
2023-M09,09/2023,Turista,Francia,FR,Tenerife,23136.0
2023-M09,09/2023,Turista,Francia,FR,La Palma,264.0
2023-M10,10/2023,Turista,Francia,FR,Lanzarote,20968.0
2023-M10,10/2023,Turista,Francia,FR,Fuerteventura,13346.0
2023-M10,10/2023,Turista,Francia,FR,Gran Canaria,14987.0
2023-M10,10/2023,Turista,Francia,FR,Tenerife,29055.0
2023-M10,10/2023,Turista,Francia,FR,La Palma,345.0
2023-M11,11/2023,Turista,Francia,FR,Lanzarote,16765.0
2023-M11,11/2023,Turista,Francia,FR,Fuerteventura,8895.0
2023-M11,11/2023,Turista,Francia,FR,Gran Canaria,12000.0
2023-M11,11/2023,Turista,Francia,FR,Tenerife,28531.0
2023-M11,11/2023,Turista,Francia,FR,La Palma,448.0
2023-M12,12/2023,Turista,Francia,FR,Lanzarote,21417.0
2023-M12,12/2023,Turista,Francia,FR,Fuerteventura,10771.0
2023-M12,12/2023,Turista,Francia,FR,Gran Canaria,12661.0
2023-M12,12/2023,Turista,Francia,FR,Tenerife,32911.0
2023-M12,12/2023,Turista,Francia,FR,La Palma,564.0
2024-M01,01/2024,Turista,Francia,FR,Lanzarote,15978.0
2024-M01,01/2024,Turista,Francia,FR,Fuerteventura,8907.0
2024-M01,01/2024,Turista,Francia,FR,Gran Canaria,11241.0
2024-M01,01/2024,Turista,Francia,FR,Tenerife,29091.0
2024-M01,01/2024,Turista,Francia,FR,La Palma,701.0
2024-M02,02/2024,Turista,Francia,FR,Lanzarote,21293.0
2024-M02,02/2024,Turista,Francia,FR,Fuerteventura,12596.0
2024-M02,02/2024,Turista,Francia,FR,Gran Canaria,15331.0
2024-M02,02/2024,Turista,Francia,FR,Tenerife,34600.0
2024-M02,02/2024,Turista,Francia,FR,La Palma,1284.0
2024-M03,03/2024,Turista,Francia,FR,Lanzarote,22389.0
2024-M03,03/2024,Turista,Francia,FR,Fuerteventura,13540.0
2024-M03,03/2024,Turista,Francia,FR,Gran Canaria,14856.0
2024-M03,03/2024,Turista,Francia,FR,Tenerife,39298.0
2024-M03,03/2024,Turista,Francia,FR,La Palma,694.0
2024-M04,04/2024,Turista,Francia,FR,Lanzarote,21736.0
2024-M04,04/2024,Turista,Francia,FR,Fuerteventura,12396.0
2024-M04,04/2024,Turista,Francia,FR,Gran Canaria,13741.0
2024-M04,04/2024,Turista,Francia,FR,Tenerife,31408.0
2024-M04,04/2024,Turista,Francia,FR,La Palma,527.0
2024-M05,05/2024,Turista,Francia,FR,Lanzarote,20668.0
2024-M05,05/2024,Turista,Francia,FR,Fuerteventura,10523.0
2024-M05,05/2024,Turista,Francia,FR,Gran Canaria,14748.0
2024-M05,05/2024,Turista,Francia,FR,Tenerife,32343.0
2024-M05,05/2024,Turista,Francia,FR,La Palma,815.0
2024-M06,06/2024,Turista,Francia,FR,Lanzarote,15881.0
2024-M06,06/2024,Turista,Francia,FR,Fuerteventura,9457.0
2024-M06,06/2024,Turista,Francia,FR,Gran Canaria,12730.0
2024-M06,06/2024,Turista,Francia,FR,Tenerife,25433.0
2024-M06,06/2024,Turista,Francia,FR,La Palma,305.0
2024-M07,07/2024,Turista,Francia,FR,Lanzarote,19218.0
2024-M07,07/2024,Turista,Francia,FR,Fuerteventura,11264.0
2024-M07,07/2024,Turista,Francia,FR,Gran Canaria,14115.0
2024-M07,07/2024,Turista,Francia,FR,Tenerife,32058.0
2024-M07,07/2024,Turista,Francia,FR,La Palma,513.0
2024-M08,08/2024,Turista,Francia,FR,Lanzarote,23912.0
2024-M08,08/2024,Turista,Francia,FR,Fuerteventura,13132.0
2024-M08,08/2024,Turista,Francia,FR,Gran Canaria,18808.0
2024-M08,08/2024,Turista,Francia,FR,Tenerife,38696.0
2024-M08,08/2024,Turista,Francia,FR,La Palma,979.0
2024-M09,09/2024,Turista,Francia,FR,Lanzarote,15807.0
2024-M09,09/2024,Turista,Francia,FR,Fuerteventura,8719.0
2024-M09,09/2024,Turista,Francia,FR,Gran Canaria,11444.0
2024-M09,09/2024,Turista,Francia,FR,Tenerife,28117.0
2024-M09,09/2024,Turista,Francia,FR,La Palma,755.0
2024-M10,10/2024,Turista,Francia,FR,Lanzarote,20281.0
2024-M10,10/2024,Turista,Francia,FR,Fuerteventura,12798.0
2024-M10,10/2024,Turista,Francia,FR,Gran Canaria,14382.0
2024-M10,10/2024,Turista,Francia,FR,Tenerife,32603.0
2024-M10,10/2024,Turista,Francia,FR,La Palma,891.0
2024-M11,11/2024,Turista,Francia,FR,Lanzarote,19802.0
2024-M11,11/2024,Turista,Francia,FR,Fuerteventura,10782.0
2024-M11,11/2024,Turista,Francia,FR,Gran Canaria,13098.0
2024-M11,11/2024,Turista,Francia,FR,Tenerife,32958.0
2024-M11,11/2024,Turista,Francia,FR,La Palma,751.0
2024-M12,12/2024,Turista,Francia,FR,Lanzarote,18918.0
2024-M12,12/2024,Turista,Francia,FR,Fuerteventura,11507.0
2024-M12,12/2024,Turista,Francia,FR,Gran Canaria,10236.0
2024-M12,12/2024,Turista,Francia,FR,Tenerife,35138.0
2024-M12,12/2024,Turista,Francia,FR,La Palma,172.0
2025-M01,01/2025,Turista,Francia,FR,Lanzarote,17946.0
2025-M01,01/2025,Turista,Francia,FR,Fuerteventura,10016.0
2025-M01,01/2025,Turista,Francia,FR,Gran Canaria,13155.0
2025-M01,01/2025,Turista,Francia,FR,Tenerife,29225.0
2025-M01,01/2025,Turista,Francia,FR,La Palma,492.0
2025-M02,02/2025,Turista,Francia,FR,Lanzarote,24909.0
2025-M02,02/2025,Turista,Francia,FR,Fuerteventura,15527.0
2025-M02,02/2025,Turista,Francia,FR,Gran Canaria,14213.0
2025-M02,02/2025,Turista,Francia,FR,Tenerife,39317.0
2025-M02,02/2025,Turista,Francia,FR,La Palma,762.0
2025-M03,03/2025,Turista,Francia,FR,Lanzarote,23878.0
2025-M03,03/2025,Turista,Francia,FR,Fuerteventura,14935.0
2025-M03,03/2025,Turista,Francia,FR,Gran Canaria,12631.0
2025-M03,03/2025,Turista,Francia,FR,Tenerife,37364.0
2025-M03,03/2025,Turista,Francia,FR,La Palma,910.0
2025-M04,04/2025,Turista,Francia,FR,Lanzarote,19334.0
2025-M04,04/2025,Turista,Francia,FR,Fuerteventura,14299.0
2025-M04,04/2025,Turista,Francia,FR,Gran Canaria,13103.0
2025-M04,04/2025,Turista,Francia,FR,Tenerife,37113.0
2025-M04,04/2025,Turista,Francia,FR,La Palma,642.0
2025-M05,05/2025,Turista,Francia,FR,Lanzarote,18317.0
2025-M05,05/2025,Turista,Francia,FR,Fuerteventura,12112.0
2025-M05,05/2025,Turista,Francia,FR,Gran Canaria,12962.0
2025-M05,05/2025,Turista,Francia,FR,Tenerife,30492.0
2025-M05,05/2025,Turista,Francia,FR,La Palma,519.0
2025-M06,06/2025,Turista,Francia,FR,Lanzarote,15125.0
2025-M06,06/2025,Turista,Francia,FR,Fuerteventura,8461.0
2025-M06,06/2025,Turista,Francia,FR,Gran Canaria,11822.0
2025-M06,06/2025,Turista,Francia,FR,Tenerife,27702.0
2025-M06,06/2025,Turista,Francia,FR,La Palma,229.0
2025-M07,07/2025,Turista,Francia,FR,Lanzarote,20774.0
2025-M07,07/2025,Turista,Francia,FR,Fuerteventura,12907.0
2025-M07,07/2025,Turista,Francia,FR,Gran Canaria,13858.0
2025-M07,07/2025,Turista,Francia,FR,Tenerife,39552.0
2025-M07,07/2025,Turista,Francia,FR,La Palma,629.0
2020-M01,01/2020,Turista,España (excluida Canarias),ES_XIC,Lanzarote,15518.0
2020-M01,01/2020,Turista,España (excluida Canarias),ES_XIC,Fuerteventura,10966.0
2020-M01,01/2020,Turista,España (excluida Canarias),ES_XIC,Gran Canaria,38808.0
2020-M01,01/2020,Turista,España (excluida Canarias),ES_XIC,Tenerife,53294.0
2020-M01,01/2020,Turista,España (excluida Canarias),ES_XIC,La Palma,3408.0
2020-M02,02/2020,Turista,España (excluida Canarias),ES_XIC,Lanzarote,15361.0
2020-M02,02/2020,Turista,España (excluida Canarias),ES_XIC,Fuerteventura,10091.0
2020-M02,02/2020,Turista,España (excluida Canarias),ES_XIC,Gran Canaria,37738.0
2020-M02,02/2020,Turista,España (excluida Canarias),ES_XIC,Tenerife,49853.0
2020-M02,02/2020,Turista,España (excluida Canarias),ES_XIC,La Palma,3062.0
2020-M03,03/2020,Turista,España (excluida Canarias),ES_XIC,Lanzarote,7967.0
2020-M03,03/2020,Turista,España (excluida Canarias),ES_XIC,Fuerteventura,4584.0
2020-M03,03/2020,Turista,España (excluida Canarias),ES_XIC,Gran Canaria,19542.0
2020-M03,03/2020,Turista,España (excluida Canarias),ES_XIC,Tenerife,23693.0
2020-M03,03/2020,Turista,España (excluida Canarias),ES_XIC,La Palma,1643.0
2020-M04,04/2020,Turista,España (excluida Canarias),ES_XIC,Lanzarote,
2020-M04,04/2020,Turista,España (excluida Canarias),ES_XIC,Fuerteventura,
2020-M04,04/2020,Turista,España (excluida Canarias),ES_XIC,Gran Canaria,
2020-M04,04/2020,Turista,España (excluida Canarias),ES_XIC,Tenerife,
2020-M04,04/2020,Turista,España (excluida Canarias),ES_XIC,La Palma,
2020-M05,05/2020,Turista,España (excluida Canarias),ES_XIC,Lanzarote,
2020-M05,05/2020,Turista,España (excluida Canarias),ES_XIC,Fuerteventura,
2020-M05,05/2020,Turista,España (excluida Canarias),ES_XIC,Gran Canaria,
2020-M05,05/2020,Turista,España (excluida Canarias),ES_XIC,Tenerife,
2020-M05,05/2020,Turista,España (excluida Canarias),ES_XIC,La Palma,
2020-M06,06/2020,Turista,España (excluida Canarias),ES_XIC,Lanzarote,376.0
2020-M06,06/2020,Turista,España (excluida Canarias),ES_XIC,Fuerteventura,425.0
2020-M06,06/2020,Turista,España (excluida Canarias),ES_XIC,Gran Canaria,4213.0
2020-M06,06/2020,Turista,España (excluida Canarias),ES_XIC,Tenerife,2853.0
2020-M06,06/2020,Turista,España (excluida Canarias),ES_XIC,La Palma,7.0
2020-M07,07/2020,Turista,España (excluida Canarias),ES_XIC,Lanzarote,15830.0
2020-M07,07/2020,Turista,España (excluida Canarias),ES_XIC,Fuerteventura,9273.0
2020-M07,07/2020,Turista,España (excluida Canarias),ES_XIC,Gran Canaria,24780.0
2020-M07,07/2020,Turista,España (excluida Canarias),ES_XIC,Tenerife,33079.0
2020-M07,07/2020,Turista,España (excluida Canarias),ES_XIC,La Palma,1791.0
2020-M08,08/2020,Turista,España (excluida Canarias),ES_XIC,Lanzarote,31640.0
2020-M08,08/2020,Turista,España (excluida Canarias),ES_XIC,Fuerteventura,21453.0
2020-M08,08/2020,Turista,España (excluida Canarias),ES_XIC,Gran Canaria,45496.0
2020-M08,08/2020,Turista,España (excluida Canarias),ES_XIC,Tenerife,69379.0
2020-M08,08/2020,Turista,España (excluida Canarias),ES_XIC,La Palma,8219.0
2020-M09,09/2020,Turista,España (excluida Canarias),ES_XIC,Lanzarote,19182.0
2020-M09,09/2020,Turista,España (excluida Canarias),ES_XIC,Fuerteventura,12765.0
2020-M09,09/2020,Turista,España (excluida Canarias),ES_XIC,Gran Canaria,23419.0
2020-M09,09/2020,Turista,España (excluida Canarias),ES_XIC,Tenerife,53685.0
2020-M09,09/2020,Turista,España (excluida Canarias),ES_XIC,La Palma,5099.0
2020-M10,10/2020,Turista,España (excluida Canarias),ES_XIC,Lanzarote,14894.0
2020-M10,10/2020,Turista,España (excluida Canarias),ES_XIC,Fuerteventura,9708.0
2020-M10,10/2020,Turista,España (excluida Canarias),ES_XIC,Gran Canaria,19414.0
2020-M10,10/2020,Turista,España (excluida Canarias),ES_XIC,Tenerife,34947.0
2020-M10,10/2020,Turista,España (excluida Canarias),ES_XIC,La Palma,3049.0
2020-M11,11/2020,Turista,España (excluida Canarias),ES_XIC,Lanzarote,5502.0
2020-M11,11/2020,Turista,España (excluida Canarias),ES_XIC,Fuerteventura,3127.0
2020-M11,11/2020,Turista,España (excluida Canarias),ES_XIC,Gran Canaria,14357.0
2020-M11,11/2020,Turista,España (excluida Canarias),ES_XIC,Tenerife,15317.0
2020-M11,11/2020,Turista,España (excluida Canarias),ES_XIC,La Palma,1593.0
2020-M12,12/2020,Turista,España (excluida Canarias),ES_XIC,Lanzarote,7421.0
2020-M12,12/2020,Turista,España (excluida Canarias),ES_XIC,Fuerteventura,4098.0
2020-M12,12/2020,Turista,España (excluida Canarias),ES_XIC,Gran Canaria,13129.0
2020-M12,12/2020,Turista,España (excluida Canarias),ES_XIC,Tenerife,16662.0
2020-M12,12/2020,Turista,España (excluida Canarias),ES_XIC,La Palma,1427.0
2021-M01,01/2021,Turista,España (excluida Canarias),ES_XIC,Lanzarote,4661.0
2021-M01,01/2021,Turista,España (excluida Canarias),ES_XIC,Fuerteventura,3995.0
2021-M01,01/2021,Turista,España (excluida Canarias),ES_XIC,Gran Canaria,11006.0
2021-M01,01/2021,Turista,España (excluida Canarias),ES_XIC,Tenerife,13816.0
2021-M01,01/2021,Turista,España (excluida Canarias),ES_XIC,La Palma,1488.0
2021-M02,02/2021,Turista,España (excluida Canarias),ES_XIC,Lanzarote,3136.0
2021-M02,02/2021,Turista,España (excluida Canarias),ES_XIC,Fuerteventura,2568.0
2021-M02,02/2021,Turista,España (excluida Canarias),ES_XIC,Gran Canaria,10479.0
2021-M02,02/2021,Turista,España (excluida Canarias),ES_XIC,Tenerife,12344.0
2021-M02,02/2021,Turista,España (excluida Canarias),ES_XIC,La Palma,1436.0
2021-M03,03/2021,Turista,España (excluida Canarias),ES_XIC,Lanzarote,6200.0
2021-M03,03/2021,Turista,España (excluida Canarias),ES_XIC,Fuerteventura,4198.0
2021-M03,03/2021,Turista,España (excluida Canarias),ES_XIC,Gran Canaria,14622.0
2021-M03,03/2021,Turista,España (excluida Canarias),ES_XIC,Tenerife,19842.0
2021-M03,03/2021,Turista,España (excluida Canarias),ES_XIC,La Palma,1704.0
2021-M04,04/2021,Turista,España (excluida Canarias),ES_XIC,Lanzarote,7413.0
2021-M04,04/2021,Turista,España (excluida Canarias),ES_XIC,Fuerteventura,4087.0
2021-M04,04/2021,Turista,España (excluida Canarias),ES_XIC,Gran Canaria,15885.0
2021-M04,04/2021,Turista,España (excluida Canarias),ES_XIC,Tenerife,25360.0
2021-M04,04/2021,Turista,España (excluida Canarias),ES_XIC,La Palma,1635.0
2021-M05,05/2021,Turista,España (excluida Canarias),ES_XIC,Lanzarote,13517.0
2021-M05,05/2021,Turista,España (excluida Canarias),ES_XIC,Fuerteventura,8672.0
2021-M05,05/2021,Turista,España (excluida Canarias),ES_XIC,Gran Canaria,21679.0
2021-M05,05/2021,Turista,España (excluida Canarias),ES_XIC,Tenerife,35168.0
2021-M05,05/2021,Turista,España (excluida Canarias),ES_XIC,La Palma,2654.0
2021-M06,06/2021,Turista,España (excluida Canarias),ES_XIC,Lanzarote,23992.0
2021-M06,06/2021,Turista,España (excluida Canarias),ES_XIC,Fuerteventura,10985.0
2021-M06,06/2021,Turista,España (excluida Canarias),ES_XIC,Gran Canaria,32786.0
2021-M06,06/2021,Turista,España (excluida Canarias),ES_XIC,Tenerife,49731.0
2021-M06,06/2021,Turista,España (excluida Canarias),ES_XIC,La Palma,6171.0
2021-M07,07/2021,Turista,España (excluida Canarias),ES_XIC,Lanzarote,42560.0
2021-M07,07/2021,Turista,España (excluida Canarias),ES_XIC,Fuerteventura,20181.0
2021-M07,07/2021,Turista,España (excluida Canarias),ES_XIC,Gran Canaria,41775.0
2021-M07,07/2021,Turista,España (excluida Canarias),ES_XIC,Tenerife,74083.0
2021-M07,07/2021,Turista,España (excluida Canarias),ES_XIC,La Palma,10091.0
2021-M08,08/2021,Turista,España (excluida Canarias),ES_XIC,Lanzarote,63066.0
2021-M08,08/2021,Turista,España (excluida Canarias),ES_XIC,Fuerteventura,35274.0
2021-M08,08/2021,Turista,España (excluida Canarias),ES_XIC,Gran Canaria,68367.0
2021-M08,08/2021,Turista,España (excluida Canarias),ES_XIC,Tenerife,104534.0
2021-M08,08/2021,Turista,España (excluida Canarias),ES_XIC,La Palma,14854.0
2021-M09,09/2021,Turista,España (excluida Canarias),ES_XIC,Lanzarote,47544.0
2021-M09,09/2021,Turista,España (excluida Canarias),ES_XIC,Fuerteventura,20177.0
2021-M09,09/2021,Turista,España (excluida Canarias),ES_XIC,Gran Canaria,53074.0
2021-M09,09/2021,Turista,España (excluida Canarias),ES_XIC,Tenerife,84830.0
2021-M09,09/2021,Turista,España (excluida Canarias),ES_XIC,La Palma,12081.0
2021-M10,10/2021,Turista,España (excluida Canarias),ES_XIC,Lanzarote,31829.0
2021-M10,10/2021,Turista,España (excluida Canarias),ES_XIC,Fuerteventura,15293.0
2021-M10,10/2021,Turista,España (excluida Canarias),ES_XIC,Gran Canaria,48060.0
2021-M10,10/2021,Turista,España (excluida Canarias),ES_XIC,Tenerife,60378.0
2021-M10,10/2021,Turista,España (excluida Canarias),ES_XIC,La Palma,10854.0
2021-M11,11/2021,Turista,España (excluida Canarias),ES_XIC,Lanzarote,20480.0
2021-M11,11/2021,Turista,España (excluida Canarias),ES_XIC,Fuerteventura,9725.0
2021-M11,11/2021,Turista,España (excluida Canarias),ES_XIC,Gran Canaria,36285.0
2021-M11,11/2021,Turista,España (excluida Canarias),ES_XIC,Tenerife,45726.0
2021-M11,11/2021,Turista,España (excluida Canarias),ES_XIC,La Palma,13786.0
2021-M12,12/2021,Turista,España (excluida Canarias),ES_XIC,Lanzarote,21409.0
2021-M12,12/2021,Turista,España (excluida Canarias),ES_XIC,Fuerteventura,11258.0
2021-M12,12/2021,Turista,España (excluida Canarias),ES_XIC,Gran Canaria,36317.0
2021-M12,12/2021,Turista,España (excluida Canarias),ES_XIC,Tenerife,47830.0
2021-M12,12/2021,Turista,España (excluida Canarias),ES_XIC,La Palma,12159.0
2022-M01,01/2022,Turista,España (excluida Canarias),ES_XIC,Lanzarote,17162.0
2022-M01,01/2022,Turista,España (excluida Canarias),ES_XIC,Fuerteventura,7798.0
2022-M01,01/2022,Turista,España (excluida Canarias),ES_XIC,Gran Canaria,31705.0
2022-M01,01/2022,Turista,España (excluida Canarias),ES_XIC,Tenerife,43307.0
2022-M01,01/2022,Turista,España (excluida Canarias),ES_XIC,La Palma,4268.0
2022-M02,02/2022,Turista,España (excluida Canarias),ES_XIC,Lanzarote,18661.0
2022-M02,02/2022,Turista,España (excluida Canarias),ES_XIC,Fuerteventura,8238.0
2022-M02,02/2022,Turista,España (excluida Canarias),ES_XIC,Gran Canaria,31579.0
2022-M02,02/2022,Turista,España (excluida Canarias),ES_XIC,Tenerife,47073.0
2022-M02,02/2022,Turista,España (excluida Canarias),ES_XIC,La Palma,3335.0
2022-M03,03/2022,Turista,España (excluida Canarias),ES_XIC,Lanzarote,20995.0
2022-M03,03/2022,Turista,España (excluida Canarias),ES_XIC,Fuerteventura,9011.0
2022-M03,03/2022,Turista,España (excluida Canarias),ES_XIC,Gran Canaria,32527.0
2022-M03,03/2022,Turista,España (excluida Canarias),ES_XIC,Tenerife,54323.0
2022-M03,03/2022,Turista,España (excluida Canarias),ES_XIC,La Palma,3637.0
2022-M04,04/2022,Turista,España (excluida Canarias),ES_XIC,Lanzarote,25911.0
2022-M04,04/2022,Turista,España (excluida Canarias),ES_XIC,Fuerteventura,12565.0
2022-M04,04/2022,Turista,España (excluida Canarias),ES_XIC,Gran Canaria,48011.0
2022-M04,04/2022,Turista,España (excluida Canarias),ES_XIC,Tenerife,66966.0
2022-M04,04/2022,Turista,España (excluida Canarias),ES_XIC,La Palma,7160.0
2022-M05,05/2022,Turista,España (excluida Canarias),ES_XIC,Lanzarote,24247.0
2022-M05,05/2022,Turista,España (excluida Canarias),ES_XIC,Fuerteventura,14180.0
2022-M05,05/2022,Turista,España (excluida Canarias),ES_XIC,Gran Canaria,45785.0
2022-M05,05/2022,Turista,España (excluida Canarias),ES_XIC,Tenerife,70441.0
2022-M05,05/2022,Turista,España (excluida Canarias),ES_XIC,La Palma,7038.0
2022-M06,06/2022,Turista,España (excluida Canarias),ES_XIC,Lanzarote,34452.0
2022-M06,06/2022,Turista,España (excluida Canarias),ES_XIC,Fuerteventura,16524.0
2022-M06,06/2022,Turista,España (excluida Canarias),ES_XIC,Gran Canaria,51671.0
2022-M06,06/2022,Turista,España (excluida Canarias),ES_XIC,Tenerife,80820.0
2022-M06,06/2022,Turista,España (excluida Canarias),ES_XIC,La Palma,4967.0
2022-M07,07/2022,Turista,España (excluida Canarias),ES_XIC,Lanzarote,43639.0
2022-M07,07/2022,Turista,España (excluida Canarias),ES_XIC,Fuerteventura,20646.0
2022-M07,07/2022,Turista,España (excluida Canarias),ES_XIC,Gran Canaria,59853.0
2022-M07,07/2022,Turista,España (excluida Canarias),ES_XIC,Tenerife,91680.0
2022-M07,07/2022,Turista,España (excluida Canarias),ES_XIC,La Palma,7057.0
2022-M08,08/2022,Turista,España (excluida Canarias),ES_XIC,Lanzarote,53159.0
2022-M08,08/2022,Turista,España (excluida Canarias),ES_XIC,Fuerteventura,25384.0
2022-M08,08/2022,Turista,España (excluida Canarias),ES_XIC,Gran Canaria,70874.0
2022-M08,08/2022,Turista,España (excluida Canarias),ES_XIC,Tenerife,103226.0
2022-M08,08/2022,Turista,España (excluida Canarias),ES_XIC,La Palma,10689.0
2022-M09,09/2022,Turista,España (excluida Canarias),ES_XIC,Lanzarote,36340.0
2022-M09,09/2022,Turista,España (excluida Canarias),ES_XIC,Fuerteventura,17336.0
2022-M09,09/2022,Turista,España (excluida Canarias),ES_XIC,Gran Canaria,52529.0
2022-M09,09/2022,Turista,España (excluida Canarias),ES_XIC,Tenerife,83282.0
2022-M09,09/2022,Turista,España (excluida Canarias),ES_XIC,La Palma,7749.0
2022-M10,10/2022,Turista,España (excluida Canarias),ES_XIC,Lanzarote,32071.0
2022-M10,10/2022,Turista,España (excluida Canarias),ES_XIC,Fuerteventura,14770.0
2022-M10,10/2022,Turista,España (excluida Canarias),ES_XIC,Gran Canaria,50491.0
2022-M10,10/2022,Turista,España (excluida Canarias),ES_XIC,Tenerife,70522.0
2022-M10,10/2022,Turista,España (excluida Canarias),ES_XIC,La Palma,5894.0
2022-M11,11/2022,Turista,España (excluida Canarias),ES_XIC,Lanzarote,20525.0
2022-M11,11/2022,Turista,España (excluida Canarias),ES_XIC,Fuerteventura,10550.0
2022-M11,11/2022,Turista,España (excluida Canarias),ES_XIC,Gran Canaria,37848.0
2022-M11,11/2022,Turista,España (excluida Canarias),ES_XIC,Tenerife,65263.0
2022-M11,11/2022,Turista,España (excluida Canarias),ES_XIC,La Palma,4984.0
2022-M12,12/2022,Turista,España (excluida Canarias),ES_XIC,Lanzarote,23032.0
2022-M12,12/2022,Turista,España (excluida Canarias),ES_XIC,Fuerteventura,12193.0
2022-M12,12/2022,Turista,España (excluida Canarias),ES_XIC,Gran Canaria,38336.0
2022-M12,12/2022,Turista,España (excluida Canarias),ES_XIC,Tenerife,58303.0
2022-M12,12/2022,Turista,España (excluida Canarias),ES_XIC,La Palma,3065.0
2023-M01,01/2023,Turista,España (excluida Canarias),ES_XIC,Lanzarote,23947.0
2023-M01,01/2023,Turista,España (excluida Canarias),ES_XIC,Fuerteventura,10721.0
2023-M01,01/2023,Turista,España (excluida Canarias),ES_XIC,Gran Canaria,41643.0
2023-M01,01/2023,Turista,España (excluida Canarias),ES_XIC,Tenerife,72452.0
2023-M01,01/2023,Turista,España (excluida Canarias),ES_XIC,La Palma,4430.0
2023-M02,02/2023,Turista,España (excluida Canarias),ES_XIC,Lanzarote,17049.0
2023-M02,02/2023,Turista,España (excluida Canarias),ES_XIC,Fuerteventura,10544.0
2023-M02,02/2023,Turista,España (excluida Canarias),ES_XIC,Gran Canaria,31124.0
2023-M02,02/2023,Turista,España (excluida Canarias),ES_XIC,Tenerife,56963.0
2023-M02,02/2023,Turista,España (excluida Canarias),ES_XIC,La Palma,2635.0
2023-M03,03/2023,Turista,España (excluida Canarias),ES_XIC,Lanzarote,21602.0
2023-M03,03/2023,Turista,España (excluida Canarias),ES_XIC,Fuerteventura,12947.0
2023-M03,03/2023,Turista,España (excluida Canarias),ES_XIC,Gran Canaria,42342.0
2023-M03,03/2023,Turista,España (excluida Canarias),ES_XIC,Tenerife,63907.0
2023-M03,03/2023,Turista,España (excluida Canarias),ES_XIC,La Palma,2614.0
2023-M04,04/2023,Turista,España (excluida Canarias),ES_XIC,Lanzarote,25419.0
2023-M04,04/2023,Turista,España (excluida Canarias),ES_XIC,Fuerteventura,13999.0
2023-M04,04/2023,Turista,España (excluida Canarias),ES_XIC,Gran Canaria,47516.0
2023-M04,04/2023,Turista,España (excluida Canarias),ES_XIC,Tenerife,76545.0
2023-M04,04/2023,Turista,España (excluida Canarias),ES_XIC,La Palma,3334.0
2023-M05,05/2023,Turista,España (excluida Canarias),ES_XIC,Lanzarote,24588.0
2023-M05,05/2023,Turista,España (excluida Canarias),ES_XIC,Fuerteventura,13917.0
2023-M05,05/2023,Turista,España (excluida Canarias),ES_XIC,Gran Canaria,42036.0
2023-M05,05/2023,Turista,España (excluida Canarias),ES_XIC,Tenerife,68854.0
2023-M05,05/2023,Turista,España (excluida Canarias),ES_XIC,La Palma,2564.0
2023-M06,06/2023,Turista,España (excluida Canarias),ES_XIC,Lanzarote,29385.0
2023-M06,06/2023,Turista,España (excluida Canarias),ES_XIC,Fuerteventura,15536.0
2023-M06,06/2023,Turista,España (excluida Canarias),ES_XIC,Gran Canaria,45708.0
2023-M06,06/2023,Turista,España (excluida Canarias),ES_XIC,Tenerife,82727.0
2023-M06,06/2023,Turista,España (excluida Canarias),ES_XIC,La Palma,5275.0
2023-M07,07/2023,Turista,España (excluida Canarias),ES_XIC,Lanzarote,40105.0
2023-M07,07/2023,Turista,España (excluida Canarias),ES_XIC,Fuerteventura,21240.0
2023-M07,07/2023,Turista,España (excluida Canarias),ES_XIC,Gran Canaria,53133.0
2023-M07,07/2023,Turista,España (excluida Canarias),ES_XIC,Tenerife,91719.0
2023-M07,07/2023,Turista,España (excluida Canarias),ES_XIC,La Palma,7407.0
2023-M08,08/2023,Turista,España (excluida Canarias),ES_XIC,Lanzarote,42726.0
2023-M08,08/2023,Turista,España (excluida Canarias),ES_XIC,Fuerteventura,23362.0
2023-M08,08/2023,Turista,España (excluida Canarias),ES_XIC,Gran Canaria,60040.0
2023-M08,08/2023,Turista,España (excluida Canarias),ES_XIC,Tenerife,107871.0
2023-M08,08/2023,Turista,España (excluida Canarias),ES_XIC,La Palma,6326.0
2023-M09,09/2023,Turista,España (excluida Canarias),ES_XIC,Lanzarote,34560.0
2023-M09,09/2023,Turista,España (excluida Canarias),ES_XIC,Fuerteventura,17846.0
2023-M09,09/2023,Turista,España (excluida Canarias),ES_XIC,Gran Canaria,51293.0
2023-M09,09/2023,Turista,España (excluida Canarias),ES_XIC,Tenerife,84648.0
2023-M09,09/2023,Turista,España (excluida Canarias),ES_XIC,La Palma,7480.0
2023-M10,10/2023,Turista,España (excluida Canarias),ES_XIC,Lanzarote,27001.0
2023-M10,10/2023,Turista,España (excluida Canarias),ES_XIC,Fuerteventura,12959.0
2023-M10,10/2023,Turista,España (excluida Canarias),ES_XIC,Gran Canaria,41168.0
2023-M10,10/2023,Turista,España (excluida Canarias),ES_XIC,Tenerife,74242.0
2023-M10,10/2023,Turista,España (excluida Canarias),ES_XIC,La Palma,4403.0
2023-M11,11/2023,Turista,España (excluida Canarias),ES_XIC,Lanzarote,18209.0
2023-M11,11/2023,Turista,España (excluida Canarias),ES_XIC,Fuerteventura,11827.0
2023-M11,11/2023,Turista,España (excluida Canarias),ES_XIC,Gran Canaria,38808.0
2023-M11,11/2023,Turista,España (excluida Canarias),ES_XIC,Tenerife,56527.0
2023-M11,11/2023,Turista,España (excluida Canarias),ES_XIC,La Palma,4936.0
2023-M12,12/2023,Turista,España (excluida Canarias),ES_XIC,Lanzarote,21262.0
2023-M12,12/2023,Turista,España (excluida Canarias),ES_XIC,Fuerteventura,12577.0
2023-M12,12/2023,Turista,España (excluida Canarias),ES_XIC,Gran Canaria,34390.0
2023-M12,12/2023,Turista,España (excluida Canarias),ES_XIC,Tenerife,57962.0
2023-M12,12/2023,Turista,España (excluida Canarias),ES_XIC,La Palma,4192.0
2024-M01,01/2024,Turista,España (excluida Canarias),ES_XIC,Lanzarote,19383.0
2024-M01,01/2024,Turista,España (excluida Canarias),ES_XIC,Fuerteventura,10866.0
2024-M01,01/2024,Turista,España (excluida Canarias),ES_XIC,Gran Canaria,44182.0
2024-M01,01/2024,Turista,España (excluida Canarias),ES_XIC,Tenerife,70265.0
2024-M01,01/2024,Turista,España (excluida Canarias),ES_XIC,La Palma,4638.0
2024-M02,02/2024,Turista,España (excluida Canarias),ES_XIC,Lanzarote,17909.0
2024-M02,02/2024,Turista,España (excluida Canarias),ES_XIC,Fuerteventura,10620.0
2024-M02,02/2024,Turista,España (excluida Canarias),ES_XIC,Gran Canaria,39895.0
2024-M02,02/2024,Turista,España (excluida Canarias),ES_XIC,Tenerife,63689.0
2024-M02,02/2024,Turista,España (excluida Canarias),ES_XIC,La Palma,1872.0
2024-M03,03/2024,Turista,España (excluida Canarias),ES_XIC,Lanzarote,20107.0
2024-M03,03/2024,Turista,España (excluida Canarias),ES_XIC,Fuerteventura,13815.0
2024-M03,03/2024,Turista,España (excluida Canarias),ES_XIC,Gran Canaria,44953.0
2024-M03,03/2024,Turista,España (excluida Canarias),ES_XIC,Tenerife,62564.0
2024-M03,03/2024,Turista,España (excluida Canarias),ES_XIC,La Palma,2403.0
2024-M04,04/2024,Turista,España (excluida Canarias),ES_XIC,Lanzarote,22845.0
2024-M04,04/2024,Turista,España (excluida Canarias),ES_XIC,Fuerteventura,13260.0
2024-M04,04/2024,Turista,España (excluida Canarias),ES_XIC,Gran Canaria,49169.0
2024-M04,04/2024,Turista,España (excluida Canarias),ES_XIC,Tenerife,81524.0
2024-M04,04/2024,Turista,España (excluida Canarias),ES_XIC,La Palma,4214.0
2024-M05,05/2024,Turista,España (excluida Canarias),ES_XIC,Lanzarote,22924.0
2024-M05,05/2024,Turista,España (excluida Canarias),ES_XIC,Fuerteventura,16283.0
2024-M05,05/2024,Turista,España (excluida Canarias),ES_XIC,Gran Canaria,46787.0
2024-M05,05/2024,Turista,España (excluida Canarias),ES_XIC,Tenerife,77199.0
2024-M05,05/2024,Turista,España (excluida Canarias),ES_XIC,La Palma,3318.0
2024-M06,06/2024,Turista,España (excluida Canarias),ES_XIC,Lanzarote,25652.0
2024-M06,06/2024,Turista,España (excluida Canarias),ES_XIC,Fuerteventura,19086.0
2024-M06,06/2024,Turista,España (excluida Canarias),ES_XIC,Gran Canaria,49674.0
2024-M06,06/2024,Turista,España (excluida Canarias),ES_XIC,Tenerife,81198.0
2024-M06,06/2024,Turista,España (excluida Canarias),ES_XIC,La Palma,3117.0
2024-M07,07/2024,Turista,España (excluida Canarias),ES_XIC,Lanzarote,29903.0
2024-M07,07/2024,Turista,España (excluida Canarias),ES_XIC,Fuerteventura,22544.0
2024-M07,07/2024,Turista,España (excluida Canarias),ES_XIC,Gran Canaria,47691.0
2024-M07,07/2024,Turista,España (excluida Canarias),ES_XIC,Tenerife,93224.0
2024-M07,07/2024,Turista,España (excluida Canarias),ES_XIC,La Palma,4655.0
2024-M08,08/2024,Turista,España (excluida Canarias),ES_XIC,Lanzarote,35108.0
2024-M08,08/2024,Turista,España (excluida Canarias),ES_XIC,Fuerteventura,23587.0
2024-M08,08/2024,Turista,España (excluida Canarias),ES_XIC,Gran Canaria,61167.0
2024-M08,08/2024,Turista,España (excluida Canarias),ES_XIC,Tenerife,118018.0
2024-M08,08/2024,Turista,España (excluida Canarias),ES_XIC,La Palma,6058.0
2024-M09,09/2024,Turista,España (excluida Canarias),ES_XIC,Lanzarote,28089.0
2024-M09,09/2024,Turista,España (excluida Canarias),ES_XIC,Fuerteventura,16178.0
2024-M09,09/2024,Turista,España (excluida Canarias),ES_XIC,Gran Canaria,52473.0
2024-M09,09/2024,Turista,España (excluida Canarias),ES_XIC,Tenerife,96918.0
2024-M09,09/2024,Turista,España (excluida Canarias),ES_XIC,La Palma,3625.0
2024-M10,10/2024,Turista,España (excluida Canarias),ES_XIC,Lanzarote,26261.0
2024-M10,10/2024,Turista,España (excluida Canarias),ES_XIC,Fuerteventura,12435.0
2024-M10,10/2024,Turista,España (excluida Canarias),ES_XIC,Gran Canaria,43793.0
2024-M10,10/2024,Turista,España (excluida Canarias),ES_XIC,Tenerife,73471.0
2024-M10,10/2024,Turista,España (excluida Canarias),ES_XIC,La Palma,2562.0
2024-M11,11/2024,Turista,España (excluida Canarias),ES_XIC,Lanzarote,23739.0
2024-M11,11/2024,Turista,España (excluida Canarias),ES_XIC,Fuerteventura,12333.0
2024-M11,11/2024,Turista,España (excluida Canarias),ES_XIC,Gran Canaria,36753.0
2024-M11,11/2024,Turista,España (excluida Canarias),ES_XIC,Tenerife,64175.0
2024-M11,11/2024,Turista,España (excluida Canarias),ES_XIC,La Palma,3164.0
2024-M12,12/2024,Turista,España (excluida Canarias),ES_XIC,Lanzarote,21972.0
2024-M12,12/2024,Turista,España (excluida Canarias),ES_XIC,Fuerteventura,12301.0
2024-M12,12/2024,Turista,España (excluida Canarias),ES_XIC,Gran Canaria,33829.0
2024-M12,12/2024,Turista,España (excluida Canarias),ES_XIC,Tenerife,61173.0
2024-M12,12/2024,Turista,España (excluida Canarias),ES_XIC,La Palma,3455.0
2025-M01,01/2025,Turista,España (excluida Canarias),ES_XIC,Lanzarote,21564.0
2025-M01,01/2025,Turista,España (excluida Canarias),ES_XIC,Fuerteventura,12229.0
2025-M01,01/2025,Turista,España (excluida Canarias),ES_XIC,Gran Canaria,39789.0
2025-M01,01/2025,Turista,España (excluida Canarias),ES_XIC,Tenerife,62258.0
2025-M01,01/2025,Turista,España (excluida Canarias),ES_XIC,La Palma,4005.0
2025-M02,02/2025,Turista,España (excluida Canarias),ES_XIC,Lanzarote,17061.0
2025-M02,02/2025,Turista,España (excluida Canarias),ES_XIC,Fuerteventura,11144.0
2025-M02,02/2025,Turista,España (excluida Canarias),ES_XIC,Gran Canaria,41386.0
2025-M02,02/2025,Turista,España (excluida Canarias),ES_XIC,Tenerife,55794.0
2025-M02,02/2025,Turista,España (excluida Canarias),ES_XIC,La Palma,2035.0
2025-M03,03/2025,Turista,España (excluida Canarias),ES_XIC,Lanzarote,20901.0
2025-M03,03/2025,Turista,España (excluida Canarias),ES_XIC,Fuerteventura,13454.0
2025-M03,03/2025,Turista,España (excluida Canarias),ES_XIC,Gran Canaria,40375.0
2025-M03,03/2025,Turista,España (excluida Canarias),ES_XIC,Tenerife,59133.0
2025-M03,03/2025,Turista,España (excluida Canarias),ES_XIC,La Palma,2606.0
2025-M04,04/2025,Turista,España (excluida Canarias),ES_XIC,Lanzarote,23530.0
2025-M04,04/2025,Turista,España (excluida Canarias),ES_XIC,Fuerteventura,13786.0
2025-M04,04/2025,Turista,España (excluida Canarias),ES_XIC,Gran Canaria,43352.0
2025-M04,04/2025,Turista,España (excluida Canarias),ES_XIC,Tenerife,69685.0
2025-M04,04/2025,Turista,España (excluida Canarias),ES_XIC,La Palma,1776.0
2025-M05,05/2025,Turista,España (excluida Canarias),ES_XIC,Lanzarote,29137.0
2025-M05,05/2025,Turista,España (excluida Canarias),ES_XIC,Fuerteventura,21091.0
2025-M05,05/2025,Turista,España (excluida Canarias),ES_XIC,Gran Canaria,52157.0
2025-M05,05/2025,Turista,España (excluida Canarias),ES_XIC,Tenerife,82823.0
2025-M05,05/2025,Turista,España (excluida Canarias),ES_XIC,La Palma,5628.0
2025-M06,06/2025,Turista,España (excluida Canarias),ES_XIC,Lanzarote,28173.0
2025-M06,06/2025,Turista,España (excluida Canarias),ES_XIC,Fuerteventura,18951.0
2025-M06,06/2025,Turista,España (excluida Canarias),ES_XIC,Gran Canaria,50879.0
2025-M06,06/2025,Turista,España (excluida Canarias),ES_XIC,Tenerife,89959.0
2025-M06,06/2025,Turista,España (excluida Canarias),ES_XIC,La Palma,4041.0
2025-M07,07/2025,Turista,España (excluida Canarias),ES_XIC,Lanzarote,45125.0
2025-M07,07/2025,Turista,España (excluida Canarias),ES_XIC,Fuerteventura,28986.0
2025-M07,07/2025,Turista,España (excluida Canarias),ES_XIC,Gran Canaria,58845.0
2025-M07,07/2025,Turista,España (excluida Canarias),ES_XIC,Tenerife,103321.0
2025-M07,07/2025,Turista,España (excluida Canarias),ES_XIC,La Palma,7958.0
2020-M01,01/2020,Turista,Países Bajos,NL,Lanzarote,8353.0
2020-M01,01/2020,Turista,Países Bajos,NL,Fuerteventura,4605.0
2020-M01,01/2020,Turista,Países Bajos,NL,Gran Canaria,18391.0
2020-M01,01/2020,Turista,Países Bajos,NL,Tenerife,16702.0
2020-M01,01/2020,Turista,Países Bajos,NL,La Palma,2298.0
2020-M02,02/2020,Turista,Países Bajos,NL,Lanzarote,8523.0
2020-M02,02/2020,Turista,Países Bajos,NL,Fuerteventura,5898.0
2020-M02,02/2020,Turista,Países Bajos,NL,Gran Canaria,20213.0
2020-M02,02/2020,Turista,Países Bajos,NL,Tenerife,15114.0
2020-M02,02/2020,Turista,Países Bajos,NL,La Palma,2463.0
2020-M03,03/2020,Turista,Países Bajos,NL,Lanzarote,3928.0
2020-M03,03/2020,Turista,Países Bajos,NL,Fuerteventura,2301.0
2020-M03,03/2020,Turista,Países Bajos,NL,Gran Canaria,8811.0
2020-M03,03/2020,Turista,Países Bajos,NL,Tenerife,5832.0
2020-M03,03/2020,Turista,Países Bajos,NL,La Palma,790.0
2020-M04,04/2020,Turista,Países Bajos,NL,Lanzarote,
2020-M04,04/2020,Turista,Países Bajos,NL,Fuerteventura,
2020-M04,04/2020,Turista,Países Bajos,NL,Gran Canaria,
2020-M04,04/2020,Turista,Países Bajos,NL,Tenerife,
2020-M04,04/2020,Turista,Países Bajos,NL,La Palma,
2020-M05,05/2020,Turista,Países Bajos,NL,Lanzarote,
2020-M05,05/2020,Turista,Países Bajos,NL,Fuerteventura,
2020-M05,05/2020,Turista,Países Bajos,NL,Gran Canaria,
2020-M05,05/2020,Turista,Países Bajos,NL,Tenerife,
2020-M05,05/2020,Turista,Países Bajos,NL,La Palma,
2020-M06,06/2020,Turista,Países Bajos,NL,Lanzarote,
2020-M06,06/2020,Turista,Países Bajos,NL,Fuerteventura,
2020-M06,06/2020,Turista,Países Bajos,NL,Gran Canaria,88.0
2020-M06,06/2020,Turista,Países Bajos,NL,Tenerife,232.0
2020-M06,06/2020,Turista,Países Bajos,NL,La Palma,
2020-M07,07/2020,Turista,Países Bajos,NL,Lanzarote,1716.0
2020-M07,07/2020,Turista,Países Bajos,NL,Fuerteventura,943.0
2020-M07,07/2020,Turista,Países Bajos,NL,Gran Canaria,5577.0
2020-M07,07/2020,Turista,Países Bajos,NL,Tenerife,5714.0
2020-M07,07/2020,Turista,Países Bajos,NL,La Palma,369.0
2020-M08,08/2020,Turista,Países Bajos,NL,Lanzarote,2975.0
2020-M08,08/2020,Turista,Países Bajos,NL,Fuerteventura,1642.0
2020-M08,08/2020,Turista,Países Bajos,NL,Gran Canaria,9553.0
2020-M08,08/2020,Turista,Países Bajos,NL,Tenerife,7718.0
2020-M08,08/2020,Turista,Países Bajos,NL,La Palma,328.0
2020-M09,09/2020,Turista,Países Bajos,NL,Lanzarote,84.0
2020-M09,09/2020,Turista,Países Bajos,NL,Fuerteventura,86.0
2020-M09,09/2020,Turista,Países Bajos,NL,Gran Canaria,693.0
2020-M09,09/2020,Turista,Países Bajos,NL,Tenerife,699.0
2020-M09,09/2020,Turista,Países Bajos,NL,La Palma,39.0
2020-M10,10/2020,Turista,Países Bajos,NL,Lanzarote,563.0
2020-M10,10/2020,Turista,Países Bajos,NL,Fuerteventura,96.0
2020-M10,10/2020,Turista,Países Bajos,NL,Gran Canaria,625.0
2020-M10,10/2020,Turista,Países Bajos,NL,Tenerife,1089.0
2020-M10,10/2020,Turista,Países Bajos,NL,La Palma,43.0
2020-M11,11/2020,Turista,Países Bajos,NL,Lanzarote,432.0
2020-M11,11/2020,Turista,Países Bajos,NL,Fuerteventura,363.0
2020-M11,11/2020,Turista,Países Bajos,NL,Gran Canaria,2021.0
2020-M11,11/2020,Turista,Países Bajos,NL,Tenerife,2122.0
2020-M11,11/2020,Turista,Países Bajos,NL,La Palma,103.0
2020-M12,12/2020,Turista,Países Bajos,NL,Lanzarote,659.0
2020-M12,12/2020,Turista,Países Bajos,NL,Fuerteventura,439.0
2020-M12,12/2020,Turista,Países Bajos,NL,Gran Canaria,2305.0
2020-M12,12/2020,Turista,Países Bajos,NL,Tenerife,2549.0
2020-M12,12/2020,Turista,Países Bajos,NL,La Palma,56.0
2021-M01,01/2021,Turista,Países Bajos,NL,Lanzarote,114.0
2021-M01,01/2021,Turista,Países Bajos,NL,Fuerteventura,116.0
2021-M01,01/2021,Turista,Países Bajos,NL,Gran Canaria,763.0
2021-M01,01/2021,Turista,Países Bajos,NL,Tenerife,808.0
2021-M01,01/2021,Turista,Países Bajos,NL,La Palma,30.0
2021-M02,02/2021,Turista,Países Bajos,NL,Lanzarote,62.0
2021-M02,02/2021,Turista,Países Bajos,NL,Fuerteventura,177.0
2021-M02,02/2021,Turista,Países Bajos,NL,Gran Canaria,434.0
2021-M02,02/2021,Turista,Países Bajos,NL,Tenerife,930.0
2021-M02,02/2021,Turista,Países Bajos,NL,La Palma,36.0
2021-M03,03/2021,Turista,Países Bajos,NL,Lanzarote,75.0
2021-M03,03/2021,Turista,Países Bajos,NL,Fuerteventura,104.0
2021-M03,03/2021,Turista,Países Bajos,NL,Gran Canaria,447.0
2021-M03,03/2021,Turista,Países Bajos,NL,Tenerife,416.0
2021-M03,03/2021,Turista,Países Bajos,NL,La Palma,33.0
2021-M04,04/2021,Turista,Países Bajos,NL,Lanzarote,135.0
2021-M04,04/2021,Turista,Países Bajos,NL,Fuerteventura,191.0
2021-M04,04/2021,Turista,Países Bajos,NL,Gran Canaria,1012.0
2021-M04,04/2021,Turista,Países Bajos,NL,Tenerife,661.0
2021-M04,04/2021,Turista,Países Bajos,NL,La Palma,48.0
2021-M05,05/2021,Turista,Países Bajos,NL,Lanzarote,337.0
2021-M05,05/2021,Turista,Países Bajos,NL,Fuerteventura,482.0
2021-M05,05/2021,Turista,Países Bajos,NL,Gran Canaria,2614.0
2021-M05,05/2021,Turista,Países Bajos,NL,Tenerife,2192.0
2021-M05,05/2021,Turista,Países Bajos,NL,La Palma,70.0
2021-M06,06/2021,Turista,Países Bajos,NL,Lanzarote,2041.0
2021-M06,06/2021,Turista,Países Bajos,NL,Fuerteventura,1970.0
2021-M06,06/2021,Turista,Países Bajos,NL,Gran Canaria,9194.0
2021-M06,06/2021,Turista,Países Bajos,NL,Tenerife,7138.0
2021-M06,06/2021,Turista,Países Bajos,NL,La Palma,293.0
2021-M07,07/2021,Turista,Países Bajos,NL,Lanzarote,3180.0
2021-M07,07/2021,Turista,Países Bajos,NL,Fuerteventura,2318.0
2021-M07,07/2021,Turista,Países Bajos,NL,Gran Canaria,10805.0
2021-M07,07/2021,Turista,Países Bajos,NL,Tenerife,9414.0
2021-M07,07/2021,Turista,Países Bajos,NL,La Palma,594.0
2021-M08,08/2021,Turista,Países Bajos,NL,Lanzarote,5103.0
2021-M08,08/2021,Turista,Países Bajos,NL,Fuerteventura,4489.0
2021-M08,08/2021,Turista,Países Bajos,NL,Gran Canaria,16954.0
2021-M08,08/2021,Turista,Países Bajos,NL,Tenerife,16097.0
2021-M08,08/2021,Turista,Países Bajos,NL,La Palma,762.0
2021-M09,09/2021,Turista,Países Bajos,NL,Lanzarote,4839.0
2021-M09,09/2021,Turista,Países Bajos,NL,Fuerteventura,3638.0
2021-M09,09/2021,Turista,Países Bajos,NL,Gran Canaria,19603.0
2021-M09,09/2021,Turista,Países Bajos,NL,Tenerife,16346.0
2021-M09,09/2021,Turista,Países Bajos,NL,La Palma,641.0
2021-M10,10/2021,Turista,Países Bajos,NL,Lanzarote,9256.0
2021-M10,10/2021,Turista,Países Bajos,NL,Fuerteventura,5935.0
2021-M10,10/2021,Turista,Países Bajos,NL,Gran Canaria,27822.0
2021-M10,10/2021,Turista,Países Bajos,NL,Tenerife,24676.0
2021-M10,10/2021,Turista,Países Bajos,NL,La Palma,64.0
2021-M11,11/2021,Turista,Países Bajos,NL,Lanzarote,8656.0
2021-M11,11/2021,Turista,Países Bajos,NL,Fuerteventura,4753.0
2021-M11,11/2021,Turista,Países Bajos,NL,Gran Canaria,17720.0
2021-M11,11/2021,Turista,Países Bajos,NL,Tenerife,20794.0
2021-M11,11/2021,Turista,Países Bajos,NL,La Palma,219.0
2021-M12,12/2021,Turista,Países Bajos,NL,Lanzarote,7679.0
2021-M12,12/2021,Turista,Países Bajos,NL,Fuerteventura,4440.0
2021-M12,12/2021,Turista,Países Bajos,NL,Gran Canaria,19276.0
2021-M12,12/2021,Turista,Países Bajos,NL,Tenerife,16706.0
2021-M12,12/2021,Turista,Países Bajos,NL,La Palma,145.0
2022-M01,01/2022,Turista,Países Bajos,NL,Lanzarote,7567.0
2022-M01,01/2022,Turista,Países Bajos,NL,Fuerteventura,4675.0
2022-M01,01/2022,Turista,Países Bajos,NL,Gran Canaria,18569.0
2022-M01,01/2022,Turista,Países Bajos,NL,Tenerife,20168.0
2022-M01,01/2022,Turista,Países Bajos,NL,La Palma,214.0
2022-M02,02/2022,Turista,Países Bajos,NL,Lanzarote,8690.0
2022-M02,02/2022,Turista,Países Bajos,NL,Fuerteventura,5783.0
2022-M02,02/2022,Turista,Países Bajos,NL,Gran Canaria,17851.0
2022-M02,02/2022,Turista,Países Bajos,NL,Tenerife,17151.0
2022-M02,02/2022,Turista,Países Bajos,NL,La Palma,353.0
2022-M03,03/2022,Turista,Países Bajos,NL,Lanzarote,10361.0
2022-M03,03/2022,Turista,Países Bajos,NL,Fuerteventura,6274.0
2022-M03,03/2022,Turista,Países Bajos,NL,Gran Canaria,21079.0
2022-M03,03/2022,Turista,Países Bajos,NL,Tenerife,18259.0
2022-M03,03/2022,Turista,Países Bajos,NL,La Palma,474.0
2022-M04,04/2022,Turista,Países Bajos,NL,Lanzarote,8987.0
2022-M04,04/2022,Turista,Países Bajos,NL,Fuerteventura,5476.0
2022-M04,04/2022,Turista,Países Bajos,NL,Gran Canaria,22774.0
2022-M04,04/2022,Turista,Países Bajos,NL,Tenerife,19185.0
2022-M04,04/2022,Turista,Países Bajos,NL,La Palma,866.0
2022-M05,05/2022,Turista,Países Bajos,NL,Lanzarote,6971.0
2022-M05,05/2022,Turista,Países Bajos,NL,Fuerteventura,4381.0
2022-M05,05/2022,Turista,Países Bajos,NL,Gran Canaria,25301.0
2022-M05,05/2022,Turista,Países Bajos,NL,Tenerife,15985.0
2022-M05,05/2022,Turista,Países Bajos,NL,La Palma,637.0
2022-M06,06/2022,Turista,Países Bajos,NL,Lanzarote,5508.0
2022-M06,06/2022,Turista,Países Bajos,NL,Fuerteventura,4098.0
2022-M06,06/2022,Turista,Países Bajos,NL,Gran Canaria,21730.0
2022-M06,06/2022,Turista,Países Bajos,NL,Tenerife,15433.0
2022-M06,06/2022,Turista,Países Bajos,NL,La Palma,845.0
2022-M07,07/2022,Turista,Países Bajos,NL,Lanzarote,6566.0
2022-M07,07/2022,Turista,Países Bajos,NL,Fuerteventura,5395.0
2022-M07,07/2022,Turista,Países Bajos,NL,Gran Canaria,22084.0
2022-M07,07/2022,Turista,Países Bajos,NL,Tenerife,15577.0
2022-M07,07/2022,Turista,Países Bajos,NL,La Palma,1251.0
2022-M08,08/2022,Turista,Países Bajos,NL,Lanzarote,8343.0
2022-M08,08/2022,Turista,Países Bajos,NL,Fuerteventura,7109.0
2022-M08,08/2022,Turista,Países Bajos,NL,Gran Canaria,28658.0
2022-M08,08/2022,Turista,Países Bajos,NL,Tenerife,20530.0
2022-M08,08/2022,Turista,Países Bajos,NL,La Palma,1143.0
2022-M09,09/2022,Turista,Países Bajos,NL,Lanzarote,5680.0
2022-M09,09/2022,Turista,Países Bajos,NL,Fuerteventura,4798.0
2022-M09,09/2022,Turista,Países Bajos,NL,Gran Canaria,23962.0
2022-M09,09/2022,Turista,Países Bajos,NL,Tenerife,16471.0
2022-M09,09/2022,Turista,Países Bajos,NL,La Palma,701.0
2022-M10,10/2022,Turista,Países Bajos,NL,Lanzarote,7860.0
2022-M10,10/2022,Turista,Países Bajos,NL,Fuerteventura,5468.0
2022-M10,10/2022,Turista,Países Bajos,NL,Gran Canaria,30341.0
2022-M10,10/2022,Turista,Países Bajos,NL,Tenerife,21595.0
2022-M10,10/2022,Turista,Países Bajos,NL,La Palma,1026.0
2022-M11,11/2022,Turista,Países Bajos,NL,Lanzarote,8390.0
2022-M11,11/2022,Turista,Países Bajos,NL,Fuerteventura,6272.0
2022-M11,11/2022,Turista,Países Bajos,NL,Gran Canaria,20536.0
2022-M11,11/2022,Turista,Países Bajos,NL,Tenerife,20266.0
2022-M11,11/2022,Turista,Países Bajos,NL,La Palma,875.0
2022-M12,12/2022,Turista,Países Bajos,NL,Lanzarote,9157.0
2022-M12,12/2022,Turista,Países Bajos,NL,Fuerteventura,6011.0
2022-M12,12/2022,Turista,Países Bajos,NL,Gran Canaria,22387.0
2022-M12,12/2022,Turista,Países Bajos,NL,Tenerife,16789.0
2022-M12,12/2022,Turista,Países Bajos,NL,La Palma,453.0
2023-M01,01/2023,Turista,Países Bajos,NL,Lanzarote,9119.0
2023-M01,01/2023,Turista,Países Bajos,NL,Fuerteventura,5365.0
2023-M01,01/2023,Turista,Países Bajos,NL,Gran Canaria,22662.0
2023-M01,01/2023,Turista,Países Bajos,NL,Tenerife,15700.0
2023-M01,01/2023,Turista,Países Bajos,NL,La Palma,749.0
2023-M02,02/2023,Turista,Países Bajos,NL,Lanzarote,7656.0
2023-M02,02/2023,Turista,Países Bajos,NL,Fuerteventura,5475.0
2023-M02,02/2023,Turista,Países Bajos,NL,Gran Canaria,19990.0
2023-M02,02/2023,Turista,Países Bajos,NL,Tenerife,15197.0
2023-M02,02/2023,Turista,Países Bajos,NL,La Palma,647.0
2023-M03,03/2023,Turista,Países Bajos,NL,Lanzarote,8901.0
2023-M03,03/2023,Turista,Países Bajos,NL,Fuerteventura,5573.0
2023-M03,03/2023,Turista,Países Bajos,NL,Gran Canaria,21092.0
2023-M03,03/2023,Turista,Países Bajos,NL,Tenerife,18805.0
2023-M03,03/2023,Turista,Países Bajos,NL,La Palma,1036.0
2023-M04,04/2023,Turista,Países Bajos,NL,Lanzarote,5565.0
2023-M04,04/2023,Turista,Países Bajos,NL,Fuerteventura,6119.0
2023-M04,04/2023,Turista,Países Bajos,NL,Gran Canaria,19882.0
2023-M04,04/2023,Turista,Países Bajos,NL,Tenerife,19249.0
2023-M04,04/2023,Turista,Países Bajos,NL,La Palma,427.0
2023-M05,05/2023,Turista,Países Bajos,NL,Lanzarote,6248.0
2023-M05,05/2023,Turista,Países Bajos,NL,Fuerteventura,3802.0
2023-M05,05/2023,Turista,Países Bajos,NL,Gran Canaria,20538.0
2023-M05,05/2023,Turista,Países Bajos,NL,Tenerife,16498.0
2023-M05,05/2023,Turista,Países Bajos,NL,La Palma,576.0
2023-M06,06/2023,Turista,Países Bajos,NL,Lanzarote,4550.0
2023-M06,06/2023,Turista,Países Bajos,NL,Fuerteventura,3905.0
2023-M06,06/2023,Turista,Países Bajos,NL,Gran Canaria,17288.0
2023-M06,06/2023,Turista,Países Bajos,NL,Tenerife,16687.0
2023-M06,06/2023,Turista,Países Bajos,NL,La Palma,511.0
2023-M07,07/2023,Turista,Países Bajos,NL,Lanzarote,5447.0
2023-M07,07/2023,Turista,Países Bajos,NL,Fuerteventura,3988.0
2023-M07,07/2023,Turista,Países Bajos,NL,Gran Canaria,24329.0
2023-M07,07/2023,Turista,Países Bajos,NL,Tenerife,19695.0
2023-M07,07/2023,Turista,Países Bajos,NL,La Palma,438.0
2023-M08,08/2023,Turista,Países Bajos,NL,Lanzarote,8027.0
2023-M08,08/2023,Turista,Países Bajos,NL,Fuerteventura,5976.0
2023-M08,08/2023,Turista,Países Bajos,NL,Gran Canaria,26382.0
2023-M08,08/2023,Turista,Países Bajos,NL,Tenerife,26710.0
2023-M08,08/2023,Turista,Países Bajos,NL,La Palma,847.0
2023-M09,09/2023,Turista,Países Bajos,NL,Lanzarote,4542.0
2023-M09,09/2023,Turista,Países Bajos,NL,Fuerteventura,4674.0
2023-M09,09/2023,Turista,Países Bajos,NL,Gran Canaria,23687.0
2023-M09,09/2023,Turista,Países Bajos,NL,Tenerife,19760.0
2023-M09,09/2023,Turista,Países Bajos,NL,La Palma,538.0
2023-M10,10/2023,Turista,Países Bajos,NL,Lanzarote,6636.0
2023-M10,10/2023,Turista,Países Bajos,NL,Fuerteventura,6505.0
2023-M10,10/2023,Turista,Países Bajos,NL,Gran Canaria,33098.0
2023-M10,10/2023,Turista,Países Bajos,NL,Tenerife,24716.0
2023-M10,10/2023,Turista,Países Bajos,NL,La Palma,708.0
2023-M11,11/2023,Turista,Países Bajos,NL,Lanzarote,5884.0
2023-M11,11/2023,Turista,Países Bajos,NL,Fuerteventura,5733.0
2023-M11,11/2023,Turista,Países Bajos,NL,Gran Canaria,21309.0
2023-M11,11/2023,Turista,Países Bajos,NL,Tenerife,22558.0
2023-M11,11/2023,Turista,Países Bajos,NL,La Palma,669.0
2023-M12,12/2023,Turista,Países Bajos,NL,Lanzarote,8622.0
2023-M12,12/2023,Turista,Países Bajos,NL,Fuerteventura,6220.0
2023-M12,12/2023,Turista,Países Bajos,NL,Gran Canaria,23070.0
2023-M12,12/2023,Turista,Países Bajos,NL,Tenerife,22500.0
2023-M12,12/2023,Turista,Países Bajos,NL,La Palma,1020.0
2024-M01,01/2024,Turista,Países Bajos,NL,Lanzarote,9286.0
2024-M01,01/2024,Turista,Países Bajos,NL,Fuerteventura,7218.0
2024-M01,01/2024,Turista,Países Bajos,NL,Gran Canaria,26080.0
2024-M01,01/2024,Turista,Países Bajos,NL,Tenerife,19477.0
2024-M01,01/2024,Turista,Países Bajos,NL,La Palma,914.0
2024-M02,02/2024,Turista,Países Bajos,NL,Lanzarote,11494.0
2024-M02,02/2024,Turista,Países Bajos,NL,Fuerteventura,10971.0
2024-M02,02/2024,Turista,Países Bajos,NL,Gran Canaria,28992.0
2024-M02,02/2024,Turista,Países Bajos,NL,Tenerife,22490.0
2024-M02,02/2024,Turista,Países Bajos,NL,La Palma,1068.0
2024-M03,03/2024,Turista,Países Bajos,NL,Lanzarote,8309.0
2024-M03,03/2024,Turista,Países Bajos,NL,Fuerteventura,5712.0
2024-M03,03/2024,Turista,Países Bajos,NL,Gran Canaria,22933.0
2024-M03,03/2024,Turista,Países Bajos,NL,Tenerife,19036.0
2024-M03,03/2024,Turista,Países Bajos,NL,La Palma,1097.0
2024-M04,04/2024,Turista,Países Bajos,NL,Lanzarote,6976.0
2024-M04,04/2024,Turista,Países Bajos,NL,Fuerteventura,4633.0
2024-M04,04/2024,Turista,Países Bajos,NL,Gran Canaria,21225.0
2024-M04,04/2024,Turista,Países Bajos,NL,Tenerife,21522.0
2024-M04,04/2024,Turista,Países Bajos,NL,La Palma,1350.0
2024-M05,05/2024,Turista,Países Bajos,NL,Lanzarote,6406.0
2024-M05,05/2024,Turista,Países Bajos,NL,Fuerteventura,6364.0
2024-M05,05/2024,Turista,Países Bajos,NL,Gran Canaria,29029.0
2024-M05,05/2024,Turista,Países Bajos,NL,Tenerife,21504.0
2024-M05,05/2024,Turista,Países Bajos,NL,La Palma,1441.0
2024-M06,06/2024,Turista,Países Bajos,NL,Lanzarote,6117.0
2024-M06,06/2024,Turista,Países Bajos,NL,Fuerteventura,5118.0
2024-M06,06/2024,Turista,Países Bajos,NL,Gran Canaria,21712.0
2024-M06,06/2024,Turista,Países Bajos,NL,Tenerife,20556.0
2024-M06,06/2024,Turista,Países Bajos,NL,La Palma,1003.0
2024-M07,07/2024,Turista,Países Bajos,NL,Lanzarote,6240.0
2024-M07,07/2024,Turista,Países Bajos,NL,Fuerteventura,4160.0
2024-M07,07/2024,Turista,Países Bajos,NL,Gran Canaria,25891.0
2024-M07,07/2024,Turista,Países Bajos,NL,Tenerife,20576.0
2024-M07,07/2024,Turista,Países Bajos,NL,La Palma,1208.0
2024-M08,08/2024,Turista,Países Bajos,NL,Lanzarote,7169.0
2024-M08,08/2024,Turista,Países Bajos,NL,Fuerteventura,4792.0
2024-M08,08/2024,Turista,Países Bajos,NL,Gran Canaria,30103.0
2024-M08,08/2024,Turista,Países Bajos,NL,Tenerife,22031.0
2024-M08,08/2024,Turista,Países Bajos,NL,La Palma,1321.0
2024-M09,09/2024,Turista,Países Bajos,NL,Lanzarote,6667.0
2024-M09,09/2024,Turista,Países Bajos,NL,Fuerteventura,4938.0
2024-M09,09/2024,Turista,Países Bajos,NL,Gran Canaria,25317.0
2024-M09,09/2024,Turista,Países Bajos,NL,Tenerife,17679.0
2024-M09,09/2024,Turista,Países Bajos,NL,La Palma,1325.0
2024-M10,10/2024,Turista,Países Bajos,NL,Lanzarote,8368.0
2024-M10,10/2024,Turista,Países Bajos,NL,Fuerteventura,6072.0
2024-M10,10/2024,Turista,Países Bajos,NL,Gran Canaria,32883.0
2024-M10,10/2024,Turista,Países Bajos,NL,Tenerife,24619.0
2024-M10,10/2024,Turista,Países Bajos,NL,La Palma,1478.0
2024-M11,11/2024,Turista,Países Bajos,NL,Lanzarote,8356.0
2024-M11,11/2024,Turista,Países Bajos,NL,Fuerteventura,6493.0
2024-M11,11/2024,Turista,Países Bajos,NL,Gran Canaria,23546.0
2024-M11,11/2024,Turista,Países Bajos,NL,Tenerife,19777.0
2024-M11,11/2024,Turista,Países Bajos,NL,La Palma,1078.0
2024-M12,12/2024,Turista,Países Bajos,NL,Lanzarote,9004.0
2024-M12,12/2024,Turista,Países Bajos,NL,Fuerteventura,6973.0
2024-M12,12/2024,Turista,Países Bajos,NL,Gran Canaria,23901.0
2024-M12,12/2024,Turista,Países Bajos,NL,Tenerife,20493.0
2024-M12,12/2024,Turista,Países Bajos,NL,La Palma,916.0
2025-M01,01/2025,Turista,Países Bajos,NL,Lanzarote,8568.0
2025-M01,01/2025,Turista,Países Bajos,NL,Fuerteventura,7388.0
2025-M01,01/2025,Turista,Países Bajos,NL,Gran Canaria,23427.0
2025-M01,01/2025,Turista,Países Bajos,NL,Tenerife,21426.0
2025-M01,01/2025,Turista,Países Bajos,NL,La Palma,1119.0
2025-M02,02/2025,Turista,Países Bajos,NL,Lanzarote,9931.0
2025-M02,02/2025,Turista,Países Bajos,NL,Fuerteventura,12424.0
2025-M02,02/2025,Turista,Países Bajos,NL,Gran Canaria,26944.0
2025-M02,02/2025,Turista,Países Bajos,NL,Tenerife,20604.0
2025-M02,02/2025,Turista,Países Bajos,NL,La Palma,561.0
2025-M03,03/2025,Turista,Países Bajos,NL,Lanzarote,8211.0
2025-M03,03/2025,Turista,Países Bajos,NL,Fuerteventura,7639.0
2025-M03,03/2025,Turista,Países Bajos,NL,Gran Canaria,27426.0
2025-M03,03/2025,Turista,Países Bajos,NL,Tenerife,26468.0
2025-M03,03/2025,Turista,Países Bajos,NL,La Palma,789.0
2025-M04,04/2025,Turista,Países Bajos,NL,Lanzarote,7242.0
2025-M04,04/2025,Turista,Países Bajos,NL,Fuerteventura,7165.0
2025-M04,04/2025,Turista,Países Bajos,NL,Gran Canaria,27194.0
2025-M04,04/2025,Turista,Países Bajos,NL,Tenerife,20030.0
2025-M04,04/2025,Turista,Países Bajos,NL,La Palma,846.0
2025-M05,05/2025,Turista,Países Bajos,NL,Lanzarote,5382.0
2025-M05,05/2025,Turista,Países Bajos,NL,Fuerteventura,5390.0
2025-M05,05/2025,Turista,Países Bajos,NL,Gran Canaria,23569.0
2025-M05,05/2025,Turista,Países Bajos,NL,Tenerife,16721.0
2025-M05,05/2025,Turista,Países Bajos,NL,La Palma,793.0
2025-M06,06/2025,Turista,Países Bajos,NL,Lanzarote,5033.0
2025-M06,06/2025,Turista,Países Bajos,NL,Fuerteventura,5583.0
2025-M06,06/2025,Turista,Países Bajos,NL,Gran Canaria,24151.0
2025-M06,06/2025,Turista,Países Bajos,NL,Tenerife,17229.0
2025-M06,06/2025,Turista,Países Bajos,NL,La Palma,890.0
2025-M07,07/2025,Turista,Países Bajos,NL,Lanzarote,6653.0
2025-M07,07/2025,Turista,Países Bajos,NL,Fuerteventura,6876.0
2025-M07,07/2025,Turista,Países Bajos,NL,Gran Canaria,28764.0
2025-M07,07/2025,Turista,Países Bajos,NL,Tenerife,22686.0
2025-M07,07/2025,Turista,Países Bajos,NL,La Palma,747.0
2020-M01,01/2020,Turista,Bélgica,BE,Lanzarote,3381.0
2020-M01,01/2020,Turista,Bélgica,BE,Fuerteventura,1280.0
2020-M01,01/2020,Turista,Bélgica,BE,Gran Canaria,6184.0
2020-M01,01/2020,Turista,Bélgica,BE,Tenerife,20157.0
2020-M01,01/2020,Turista,Bélgica,BE,La Palma,457.0
2020-M02,02/2020,Turista,Bélgica,BE,Lanzarote,3341.0
2020-M02,02/2020,Turista,Bélgica,BE,Fuerteventura,1364.0
2020-M02,02/2020,Turista,Bélgica,BE,Gran Canaria,5883.0
2020-M02,02/2020,Turista,Bélgica,BE,Tenerife,17979.0
2020-M02,02/2020,Turista,Bélgica,BE,La Palma,512.0
2020-M03,03/2020,Turista,Bélgica,BE,Lanzarote,1599.0
2020-M03,03/2020,Turista,Bélgica,BE,Fuerteventura,571.0
2020-M03,03/2020,Turista,Bélgica,BE,Gran Canaria,2299.0
2020-M03,03/2020,Turista,Bélgica,BE,Tenerife,7803.0
2020-M03,03/2020,Turista,Bélgica,BE,La Palma,205.0
2020-M04,04/2020,Turista,Bélgica,BE,Lanzarote,
2020-M04,04/2020,Turista,Bélgica,BE,Fuerteventura,
2020-M04,04/2020,Turista,Bélgica,BE,Gran Canaria,
2020-M04,04/2020,Turista,Bélgica,BE,Tenerife,
2020-M04,04/2020,Turista,Bélgica,BE,La Palma,
2020-M05,05/2020,Turista,Bélgica,BE,Lanzarote,
2020-M05,05/2020,Turista,Bélgica,BE,Fuerteventura,
2020-M05,05/2020,Turista,Bélgica,BE,Gran Canaria,
2020-M05,05/2020,Turista,Bélgica,BE,Tenerife,
2020-M05,05/2020,Turista,Bélgica,BE,La Palma,
2020-M06,06/2020,Turista,Bélgica,BE,Lanzarote,
2020-M06,06/2020,Turista,Bélgica,BE,Fuerteventura,
2020-M06,06/2020,Turista,Bélgica,BE,Gran Canaria,9.0
2020-M06,06/2020,Turista,Bélgica,BE,Tenerife,223.0
2020-M06,06/2020,Turista,Bélgica,BE,La Palma,
2020-M07,07/2020,Turista,Bélgica,BE,Lanzarote,2301.0
2020-M07,07/2020,Turista,Bélgica,BE,Fuerteventura,1197.0
2020-M07,07/2020,Turista,Bélgica,BE,Gran Canaria,3993.0
2020-M07,07/2020,Turista,Bélgica,BE,Tenerife,8406.0
2020-M07,07/2020,Turista,Bélgica,BE,La Palma,124.0
2020-M08,08/2020,Turista,Bélgica,BE,Lanzarote,1800.0
2020-M08,08/2020,Turista,Bélgica,BE,Fuerteventura,1074.0
2020-M08,08/2020,Turista,Bélgica,BE,Gran Canaria,4310.0
2020-M08,08/2020,Turista,Bélgica,BE,Tenerife,10644.0
2020-M08,08/2020,Turista,Bélgica,BE,La Palma,79.0
2020-M09,09/2020,Turista,Bélgica,BE,Lanzarote,294.0
2020-M09,09/2020,Turista,Bélgica,BE,Fuerteventura,242.0
2020-M09,09/2020,Turista,Bélgica,BE,Gran Canaria,540.0
2020-M09,09/2020,Turista,Bélgica,BE,Tenerife,11833.0
2020-M09,09/2020,Turista,Bélgica,BE,La Palma,185.0
2020-M10,10/2020,Turista,Bélgica,BE,Lanzarote,1482.0
2020-M10,10/2020,Turista,Bélgica,BE,Fuerteventura,433.0
2020-M10,10/2020,Turista,Bélgica,BE,Gran Canaria,815.0
2020-M10,10/2020,Turista,Bélgica,BE,Tenerife,6476.0
2020-M10,10/2020,Turista,Bélgica,BE,La Palma,43.0
2020-M11,11/2020,Turista,Bélgica,BE,Lanzarote,1432.0
2020-M11,11/2020,Turista,Bélgica,BE,Fuerteventura,970.0
2020-M11,11/2020,Turista,Bélgica,BE,Gran Canaria,3304.0
2020-M11,11/2020,Turista,Bélgica,BE,Tenerife,5179.0
2020-M11,11/2020,Turista,Bélgica,BE,La Palma,328.0
2020-M12,12/2020,Turista,Bélgica,BE,Lanzarote,2016.0
2020-M12,12/2020,Turista,Bélgica,BE,Fuerteventura,1371.0
2020-M12,12/2020,Turista,Bélgica,BE,Gran Canaria,4463.0
2020-M12,12/2020,Turista,Bélgica,BE,Tenerife,6637.0
2020-M12,12/2020,Turista,Bélgica,BE,La Palma,425.0
2021-M01,01/2021,Turista,Bélgica,BE,Lanzarote,520.0
2021-M01,01/2021,Turista,Bélgica,BE,Fuerteventura,400.0
2021-M01,01/2021,Turista,Bélgica,BE,Gran Canaria,1607.0
2021-M01,01/2021,Turista,Bélgica,BE,Tenerife,3345.0
2021-M01,01/2021,Turista,Bélgica,BE,La Palma,243.0
2021-M02,02/2021,Turista,Bélgica,BE,Lanzarote,69.0
2021-M02,02/2021,Turista,Bélgica,BE,Fuerteventura,62.0
2021-M02,02/2021,Turista,Bélgica,BE,Gran Canaria,162.0
2021-M02,02/2021,Turista,Bélgica,BE,Tenerife,848.0
2021-M02,02/2021,Turista,Bélgica,BE,La Palma,42.0
2021-M03,03/2021,Turista,Bélgica,BE,Lanzarote,68.0
2021-M03,03/2021,Turista,Bélgica,BE,Fuerteventura,53.0
2021-M03,03/2021,Turista,Bélgica,BE,Gran Canaria,285.0
2021-M03,03/2021,Turista,Bélgica,BE,Tenerife,1472.0
2021-M03,03/2021,Turista,Bélgica,BE,La Palma,7.0
2021-M04,04/2021,Turista,Bélgica,BE,Lanzarote,318.0
2021-M04,04/2021,Turista,Bélgica,BE,Fuerteventura,111.0
2021-M04,04/2021,Turista,Bélgica,BE,Gran Canaria,655.0
2021-M04,04/2021,Turista,Bélgica,BE,Tenerife,3229.0
2021-M04,04/2021,Turista,Bélgica,BE,La Palma,7.0
2021-M05,05/2021,Turista,Bélgica,BE,Lanzarote,891.0
2021-M05,05/2021,Turista,Bélgica,BE,Fuerteventura,645.0
2021-M05,05/2021,Turista,Bélgica,BE,Gran Canaria,2218.0
2021-M05,05/2021,Turista,Bélgica,BE,Tenerife,7014.0
2021-M05,05/2021,Turista,Bélgica,BE,La Palma,122.0
2021-M06,06/2021,Turista,Bélgica,BE,Lanzarote,1459.0
2021-M06,06/2021,Turista,Bélgica,BE,Fuerteventura,954.0
2021-M06,06/2021,Turista,Bélgica,BE,Gran Canaria,4641.0
2021-M06,06/2021,Turista,Bélgica,BE,Tenerife,10117.0
2021-M06,06/2021,Turista,Bélgica,BE,La Palma,205.0
2021-M07,07/2021,Turista,Bélgica,BE,Lanzarote,3232.0
2021-M07,07/2021,Turista,Bélgica,BE,Fuerteventura,1616.0
2021-M07,07/2021,Turista,Bélgica,BE,Gran Canaria,6762.0
2021-M07,07/2021,Turista,Bélgica,BE,Tenerife,17134.0
2021-M07,07/2021,Turista,Bélgica,BE,La Palma,442.0
2021-M08,08/2021,Turista,Bélgica,BE,Lanzarote,3114.0
2021-M08,08/2021,Turista,Bélgica,BE,Fuerteventura,1023.0
2021-M08,08/2021,Turista,Bélgica,BE,Gran Canaria,7617.0
2021-M08,08/2021,Turista,Bélgica,BE,Tenerife,18321.0
2021-M08,08/2021,Turista,Bélgica,BE,La Palma,339.0
2021-M09,09/2021,Turista,Bélgica,BE,Lanzarote,2660.0
2021-M09,09/2021,Turista,Bélgica,BE,Fuerteventura,1252.0
2021-M09,09/2021,Turista,Bélgica,BE,Gran Canaria,8179.0
2021-M09,09/2021,Turista,Bélgica,BE,Tenerife,16111.0
2021-M09,09/2021,Turista,Bélgica,BE,La Palma,413.0
2021-M10,10/2021,Turista,Bélgica,BE,Lanzarote,3438.0
2021-M10,10/2021,Turista,Bélgica,BE,Fuerteventura,1731.0
2021-M10,10/2021,Turista,Bélgica,BE,Gran Canaria,8269.0
2021-M10,10/2021,Turista,Bélgica,BE,Tenerife,24297.0
2021-M10,10/2021,Turista,Bélgica,BE,La Palma,42.0
2021-M11,11/2021,Turista,Bélgica,BE,Lanzarote,5315.0
2021-M11,11/2021,Turista,Bélgica,BE,Fuerteventura,1667.0
2021-M11,11/2021,Turista,Bélgica,BE,Gran Canaria,8841.0
2021-M11,11/2021,Turista,Bélgica,BE,Tenerife,28259.0
2021-M11,11/2021,Turista,Bélgica,BE,La Palma,527.0
2021-M12,12/2021,Turista,Bélgica,BE,Lanzarote,4657.0
2021-M12,12/2021,Turista,Bélgica,BE,Fuerteventura,1495.0
2021-M12,12/2021,Turista,Bélgica,BE,Gran Canaria,8375.0
2021-M12,12/2021,Turista,Bélgica,BE,Tenerife,23591.0
2021-M12,12/2021,Turista,Bélgica,BE,La Palma,282.0
2022-M01,01/2022,Turista,Bélgica,BE,Lanzarote,3449.0
2022-M01,01/2022,Turista,Bélgica,BE,Fuerteventura,1124.0
2022-M01,01/2022,Turista,Bélgica,BE,Gran Canaria,6604.0
2022-M01,01/2022,Turista,Bélgica,BE,Tenerife,17765.0
2022-M01,01/2022,Turista,Bélgica,BE,La Palma,266.0
2022-M02,02/2022,Turista,Bélgica,BE,Lanzarote,3494.0
2022-M02,02/2022,Turista,Bélgica,BE,Fuerteventura,1766.0
2022-M02,02/2022,Turista,Bélgica,BE,Gran Canaria,6607.0
2022-M02,02/2022,Turista,Bélgica,BE,Tenerife,18453.0
2022-M02,02/2022,Turista,Bélgica,BE,La Palma,295.0
2022-M03,03/2022,Turista,Bélgica,BE,Lanzarote,3414.0
2022-M03,03/2022,Turista,Bélgica,BE,Fuerteventura,1282.0
2022-M03,03/2022,Turista,Bélgica,BE,Gran Canaria,7171.0
2022-M03,03/2022,Turista,Bélgica,BE,Tenerife,20121.0
2022-M03,03/2022,Turista,Bélgica,BE,La Palma,269.0
2022-M04,04/2022,Turista,Bélgica,BE,Lanzarote,3244.0
2022-M04,04/2022,Turista,Bélgica,BE,Fuerteventura,1156.0
2022-M04,04/2022,Turista,Bélgica,BE,Gran Canaria,8482.0
2022-M04,04/2022,Turista,Bélgica,BE,Tenerife,16750.0
2022-M04,04/2022,Turista,Bélgica,BE,La Palma,377.0
2022-M05,05/2022,Turista,Bélgica,BE,Lanzarote,2974.0
2022-M05,05/2022,Turista,Bélgica,BE,Fuerteventura,1027.0
2022-M05,05/2022,Turista,Bélgica,BE,Gran Canaria,7711.0
2022-M05,05/2022,Turista,Bélgica,BE,Tenerife,16131.0
2022-M05,05/2022,Turista,Bélgica,BE,La Palma,255.0
2022-M06,06/2022,Turista,Bélgica,BE,Lanzarote,3904.0
2022-M06,06/2022,Turista,Bélgica,BE,Fuerteventura,1192.0
2022-M06,06/2022,Turista,Bélgica,BE,Gran Canaria,7394.0
2022-M06,06/2022,Turista,Bélgica,BE,Tenerife,15426.0
2022-M06,06/2022,Turista,Bélgica,BE,La Palma,356.0
2022-M07,07/2022,Turista,Bélgica,BE,Lanzarote,6856.0
2022-M07,07/2022,Turista,Bélgica,BE,Fuerteventura,1679.0
2022-M07,07/2022,Turista,Bélgica,BE,Gran Canaria,15527.0
2022-M07,07/2022,Turista,Bélgica,BE,Tenerife,25965.0
2022-M07,07/2022,Turista,Bélgica,BE,La Palma,617.0
2022-M08,08/2022,Turista,Bélgica,BE,Lanzarote,5945.0
2022-M08,08/2022,Turista,Bélgica,BE,Fuerteventura,362.0
2022-M08,08/2022,Turista,Bélgica,BE,Gran Canaria,11484.0
2022-M08,08/2022,Turista,Bélgica,BE,Tenerife,20944.0
2022-M08,08/2022,Turista,Bélgica,BE,La Palma,692.0
2022-M09,09/2022,Turista,Bélgica,BE,Lanzarote,3483.0
2022-M09,09/2022,Turista,Bélgica,BE,Fuerteventura,1627.0
2022-M09,09/2022,Turista,Bélgica,BE,Gran Canaria,8147.0
2022-M09,09/2022,Turista,Bélgica,BE,Tenerife,16677.0
2022-M09,09/2022,Turista,Bélgica,BE,La Palma,348.0
2022-M10,10/2022,Turista,Bélgica,BE,Lanzarote,4064.0
2022-M10,10/2022,Turista,Bélgica,BE,Fuerteventura,1194.0
2022-M10,10/2022,Turista,Bélgica,BE,Gran Canaria,8313.0
2022-M10,10/2022,Turista,Bélgica,BE,Tenerife,17412.0
2022-M10,10/2022,Turista,Bélgica,BE,La Palma,514.0
2022-M11,11/2022,Turista,Bélgica,BE,Lanzarote,4193.0
2022-M11,11/2022,Turista,Bélgica,BE,Fuerteventura,2377.0
2022-M11,11/2022,Turista,Bélgica,BE,Gran Canaria,8792.0
2022-M11,11/2022,Turista,Bélgica,BE,Tenerife,21901.0
2022-M11,11/2022,Turista,Bélgica,BE,La Palma,667.0
2022-M12,12/2022,Turista,Bélgica,BE,Lanzarote,5361.0
2022-M12,12/2022,Turista,Bélgica,BE,Fuerteventura,3297.0
2022-M12,12/2022,Turista,Bélgica,BE,Gran Canaria,9740.0
2022-M12,12/2022,Turista,Bélgica,BE,Tenerife,23029.0
2022-M12,12/2022,Turista,Bélgica,BE,La Palma,440.0
2023-M01,01/2023,Turista,Bélgica,BE,Lanzarote,4429.0
2023-M01,01/2023,Turista,Bélgica,BE,Fuerteventura,2339.0
2023-M01,01/2023,Turista,Bélgica,BE,Gran Canaria,8166.0
2023-M01,01/2023,Turista,Bélgica,BE,Tenerife,18621.0
2023-M01,01/2023,Turista,Bélgica,BE,La Palma,633.0
2023-M02,02/2023,Turista,Bélgica,BE,Lanzarote,4929.0
2023-M02,02/2023,Turista,Bélgica,BE,Fuerteventura,2375.0
2023-M02,02/2023,Turista,Bélgica,BE,Gran Canaria,7005.0
2023-M02,02/2023,Turista,Bélgica,BE,Tenerife,19984.0
2023-M02,02/2023,Turista,Bélgica,BE,La Palma,406.0
2023-M03,03/2023,Turista,Bélgica,BE,Lanzarote,3820.0
2023-M03,03/2023,Turista,Bélgica,BE,Fuerteventura,2372.0
2023-M03,03/2023,Turista,Bélgica,BE,Gran Canaria,7479.0
2023-M03,03/2023,Turista,Bélgica,BE,Tenerife,19539.0
2023-M03,03/2023,Turista,Bélgica,BE,La Palma,338.0
2023-M04,04/2023,Turista,Bélgica,BE,Lanzarote,7003.0
2023-M04,04/2023,Turista,Bélgica,BE,Fuerteventura,1596.0
2023-M04,04/2023,Turista,Bélgica,BE,Gran Canaria,12553.0
2023-M04,04/2023,Turista,Bélgica,BE,Tenerife,21074.0
2023-M04,04/2023,Turista,Bélgica,BE,La Palma,359.0
2023-M05,05/2023,Turista,Bélgica,BE,Lanzarote,5138.0
2023-M05,05/2023,Turista,Bélgica,BE,Fuerteventura,2115.0
2023-M05,05/2023,Turista,Bélgica,BE,Gran Canaria,9330.0
2023-M05,05/2023,Turista,Bélgica,BE,Tenerife,19394.0
2023-M05,05/2023,Turista,Bélgica,BE,La Palma,357.0
2023-M06,06/2023,Turista,Bélgica,BE,Lanzarote,4048.0
2023-M06,06/2023,Turista,Bélgica,BE,Fuerteventura,1506.0
2023-M06,06/2023,Turista,Bélgica,BE,Gran Canaria,6809.0
2023-M06,06/2023,Turista,Bélgica,BE,Tenerife,15271.0
2023-M06,06/2023,Turista,Bélgica,BE,La Palma,320.0
2023-M07,07/2023,Turista,Bélgica,BE,Lanzarote,6317.0
2023-M07,07/2023,Turista,Bélgica,BE,Fuerteventura,2276.0
2023-M07,07/2023,Turista,Bélgica,BE,Gran Canaria,12458.0
2023-M07,07/2023,Turista,Bélgica,BE,Tenerife,21312.0
2023-M07,07/2023,Turista,Bélgica,BE,La Palma,295.0
2023-M08,08/2023,Turista,Bélgica,BE,Lanzarote,4741.0
2023-M08,08/2023,Turista,Bélgica,BE,Fuerteventura,957.0
2023-M08,08/2023,Turista,Bélgica,BE,Gran Canaria,8173.0
2023-M08,08/2023,Turista,Bélgica,BE,Tenerife,17052.0
2023-M08,08/2023,Turista,Bélgica,BE,La Palma,262.0
2023-M09,09/2023,Turista,Bélgica,BE,Lanzarote,4188.0
2023-M09,09/2023,Turista,Bélgica,BE,Fuerteventura,1245.0
2023-M09,09/2023,Turista,Bélgica,BE,Gran Canaria,9080.0
2023-M09,09/2023,Turista,Bélgica,BE,Tenerife,17170.0
2023-M09,09/2023,Turista,Bélgica,BE,La Palma,284.0
2023-M10,10/2023,Turista,Bélgica,BE,Lanzarote,4749.0
2023-M10,10/2023,Turista,Bélgica,BE,Fuerteventura,1414.0
2023-M10,10/2023,Turista,Bélgica,BE,Gran Canaria,7939.0
2023-M10,10/2023,Turista,Bélgica,BE,Tenerife,19261.0
2023-M10,10/2023,Turista,Bélgica,BE,La Palma,175.0
2023-M11,11/2023,Turista,Bélgica,BE,Lanzarote,5284.0
2023-M11,11/2023,Turista,Bélgica,BE,Fuerteventura,2894.0
2023-M11,11/2023,Turista,Bélgica,BE,Gran Canaria,9316.0
2023-M11,11/2023,Turista,Bélgica,BE,Tenerife,24153.0
2023-M11,11/2023,Turista,Bélgica,BE,La Palma,390.0
2023-M12,12/2023,Turista,Bélgica,BE,Lanzarote,5075.0
2023-M12,12/2023,Turista,Bélgica,BE,Fuerteventura,3728.0
2023-M12,12/2023,Turista,Bélgica,BE,Gran Canaria,10664.0
2023-M12,12/2023,Turista,Bélgica,BE,Tenerife,25432.0
2023-M12,12/2023,Turista,Bélgica,BE,La Palma,299.0
2024-M01,01/2024,Turista,Bélgica,BE,Lanzarote,5088.0
2024-M01,01/2024,Turista,Bélgica,BE,Fuerteventura,3462.0
2024-M01,01/2024,Turista,Bélgica,BE,Gran Canaria,8027.0
2024-M01,01/2024,Turista,Bélgica,BE,Tenerife,22472.0
2024-M01,01/2024,Turista,Bélgica,BE,La Palma,338.0
2024-M02,02/2024,Turista,Bélgica,BE,Lanzarote,7635.0
2024-M02,02/2024,Turista,Bélgica,BE,Fuerteventura,3969.0
2024-M02,02/2024,Turista,Bélgica,BE,Gran Canaria,9568.0
2024-M02,02/2024,Turista,Bélgica,BE,Tenerife,21798.0
2024-M02,02/2024,Turista,Bélgica,BE,La Palma,129.0
2024-M03,03/2024,Turista,Bélgica,BE,Lanzarote,6517.0
2024-M03,03/2024,Turista,Bélgica,BE,Fuerteventura,2917.0
2024-M03,03/2024,Turista,Bélgica,BE,Gran Canaria,11622.0
2024-M03,03/2024,Turista,Bélgica,BE,Tenerife,21324.0
2024-M03,03/2024,Turista,Bélgica,BE,La Palma,17.0
2024-M04,04/2024,Turista,Bélgica,BE,Lanzarote,4904.0
2024-M04,04/2024,Turista,Bélgica,BE,Fuerteventura,2128.0
2024-M04,04/2024,Turista,Bélgica,BE,Gran Canaria,8915.0
2024-M04,04/2024,Turista,Bélgica,BE,Tenerife,19856.0
2024-M04,04/2024,Turista,Bélgica,BE,La Palma,513.0
2024-M05,05/2024,Turista,Bélgica,BE,Lanzarote,5421.0
2024-M05,05/2024,Turista,Bélgica,BE,Fuerteventura,2113.0
2024-M05,05/2024,Turista,Bélgica,BE,Gran Canaria,9425.0
2024-M05,05/2024,Turista,Bélgica,BE,Tenerife,20043.0
2024-M05,05/2024,Turista,Bélgica,BE,La Palma,234.0
2024-M06,06/2024,Turista,Bélgica,BE,Lanzarote,4348.0
2024-M06,06/2024,Turista,Bélgica,BE,Fuerteventura,916.0
2024-M06,06/2024,Turista,Bélgica,BE,Gran Canaria,8893.0
2024-M06,06/2024,Turista,Bélgica,BE,Tenerife,16789.0
2024-M06,06/2024,Turista,Bélgica,BE,La Palma,649.0
2024-M07,07/2024,Turista,Bélgica,BE,Lanzarote,7422.0
2024-M07,07/2024,Turista,Bélgica,BE,Fuerteventura,2841.0
2024-M07,07/2024,Turista,Bélgica,BE,Gran Canaria,13442.0
2024-M07,07/2024,Turista,Bélgica,BE,Tenerife,27201.0
2024-M07,07/2024,Turista,Bélgica,BE,La Palma,388.0
2024-M08,08/2024,Turista,Bélgica,BE,Lanzarote,5553.0
2024-M08,08/2024,Turista,Bélgica,BE,Fuerteventura,1365.0
2024-M08,08/2024,Turista,Bélgica,BE,Gran Canaria,11229.0
2024-M08,08/2024,Turista,Bélgica,BE,Tenerife,19777.0
2024-M08,08/2024,Turista,Bélgica,BE,La Palma,271.0
2024-M09,09/2024,Turista,Bélgica,BE,Lanzarote,4606.0
2024-M09,09/2024,Turista,Bélgica,BE,Fuerteventura,1076.0
2024-M09,09/2024,Turista,Bélgica,BE,Gran Canaria,9085.0
2024-M09,09/2024,Turista,Bélgica,BE,Tenerife,19074.0
2024-M09,09/2024,Turista,Bélgica,BE,La Palma,288.0
2024-M10,10/2024,Turista,Bélgica,BE,Lanzarote,5057.0
2024-M10,10/2024,Turista,Bélgica,BE,Fuerteventura,1693.0
2024-M10,10/2024,Turista,Bélgica,BE,Gran Canaria,10456.0
2024-M10,10/2024,Turista,Bélgica,BE,Tenerife,22017.0
2024-M10,10/2024,Turista,Bélgica,BE,La Palma,228.0
2024-M11,11/2024,Turista,Bélgica,BE,Lanzarote,4843.0
2024-M11,11/2024,Turista,Bélgica,BE,Fuerteventura,2516.0
2024-M11,11/2024,Turista,Bélgica,BE,Gran Canaria,10169.0
2024-M11,11/2024,Turista,Bélgica,BE,Tenerife,25458.0
2024-M11,11/2024,Turista,Bélgica,BE,La Palma,588.0
2024-M12,12/2024,Turista,Bélgica,BE,Lanzarote,4350.0
2024-M12,12/2024,Turista,Bélgica,BE,Fuerteventura,3720.0
2024-M12,12/2024,Turista,Bélgica,BE,Gran Canaria,11402.0
2024-M12,12/2024,Turista,Bélgica,BE,Tenerife,27714.0
2024-M12,12/2024,Turista,Bélgica,BE,La Palma,298.0
2025-M01,01/2025,Turista,Bélgica,BE,Lanzarote,4230.0
2025-M01,01/2025,Turista,Bélgica,BE,Fuerteventura,3182.0
2025-M01,01/2025,Turista,Bélgica,BE,Gran Canaria,9235.0
2025-M01,01/2025,Turista,Bélgica,BE,Tenerife,23112.0
2025-M01,01/2025,Turista,Bélgica,BE,La Palma,223.0
2025-M02,02/2025,Turista,Bélgica,BE,Lanzarote,4987.0
2025-M02,02/2025,Turista,Bélgica,BE,Fuerteventura,3577.0
2025-M02,02/2025,Turista,Bélgica,BE,Gran Canaria,9045.0
2025-M02,02/2025,Turista,Bélgica,BE,Tenerife,22366.0
2025-M02,02/2025,Turista,Bélgica,BE,La Palma,3.0
2025-M03,03/2025,Turista,Bélgica,BE,Lanzarote,5523.0
2025-M03,03/2025,Turista,Bélgica,BE,Fuerteventura,2801.0
2025-M03,03/2025,Turista,Bélgica,BE,Gran Canaria,10002.0
2025-M03,03/2025,Turista,Bélgica,BE,Tenerife,27280.0
2025-M03,03/2025,Turista,Bélgica,BE,La Palma,82.0
2025-M04,04/2025,Turista,Bélgica,BE,Lanzarote,5472.0
2025-M04,04/2025,Turista,Bélgica,BE,Fuerteventura,3065.0
2025-M04,04/2025,Turista,Bélgica,BE,Gran Canaria,11592.0
2025-M04,04/2025,Turista,Bélgica,BE,Tenerife,23820.0
2025-M04,04/2025,Turista,Bélgica,BE,La Palma,480.0
2025-M05,05/2025,Turista,Bélgica,BE,Lanzarote,3602.0
2025-M05,05/2025,Turista,Bélgica,BE,Fuerteventura,2569.0
2025-M05,05/2025,Turista,Bélgica,BE,Gran Canaria,8253.0
2025-M05,05/2025,Turista,Bélgica,BE,Tenerife,19399.0
2025-M05,05/2025,Turista,Bélgica,BE,La Palma,126.0
2025-M06,06/2025,Turista,Bélgica,BE,Lanzarote,2890.0
2025-M06,06/2025,Turista,Bélgica,BE,Fuerteventura,2484.0
2025-M06,06/2025,Turista,Bélgica,BE,Gran Canaria,8183.0
2025-M06,06/2025,Turista,Bélgica,BE,Tenerife,16362.0
2025-M06,06/2025,Turista,Bélgica,BE,La Palma,159.0
2025-M07,07/2025,Turista,Bélgica,BE,Lanzarote,6096.0
2025-M07,07/2025,Turista,Bélgica,BE,Fuerteventura,3576.0
2025-M07,07/2025,Turista,Bélgica,BE,Gran Canaria,14082.0
2025-M07,07/2025,Turista,Bélgica,BE,Tenerife,25251.0
2025-M07,07/2025,Turista,Bélgica,BE,La Palma,117.0
2020-M01,01/2020,Turista,Otros países o territorios del mundo (excluida España),5000_XES_O,Lanzarote,11458.0
2020-M01,01/2020,Turista,Otros países o territorios del mundo (excluida España),5000_XES_O,Fuerteventura,14685.0
2020-M01,01/2020,Turista,Otros países o territorios del mundo (excluida España),5000_XES_O,Gran Canaria,36270.0
2020-M01,01/2020,Turista,Otros países o territorios del mundo (excluida España),5000_XES_O,Tenerife,59085.0
2020-M01,01/2020,Turista,Otros países o territorios del mundo (excluida España),5000_XES_O,La Palma,2166.0
2020-M02,02/2020,Turista,Otros países o territorios del mundo (excluida España),5000_XES_O,Lanzarote,11439.0
2020-M02,02/2020,Turista,Otros países o territorios del mundo (excluida España),5000_XES_O,Fuerteventura,15625.0
2020-M02,02/2020,Turista,Otros países o territorios del mundo (excluida España),5000_XES_O,Gran Canaria,35335.0
2020-M02,02/2020,Turista,Otros países o territorios del mundo (excluida España),5000_XES_O,Tenerife,56510.0
2020-M02,02/2020,Turista,Otros países o territorios del mundo (excluida España),5000_XES_O,La Palma,1812.0
2020-M03,03/2020,Turista,Otros países o territorios del mundo (excluida España),5000_XES_O,Lanzarote,3785.0
2020-M03,03/2020,Turista,Otros países o territorios del mundo (excluida España),5000_XES_O,Fuerteventura,5459.0
2020-M03,03/2020,Turista,Otros países o territorios del mundo (excluida España),5000_XES_O,Gran Canaria,11470.0
2020-M03,03/2020,Turista,Otros países o territorios del mundo (excluida España),5000_XES_O,Tenerife,17920.0
2020-M03,03/2020,Turista,Otros países o territorios del mundo (excluida España),5000_XES_O,La Palma,1306.0
2020-M04,04/2020,Turista,Otros países o territorios del mundo (excluida España),5000_XES_O,Lanzarote,
2020-M04,04/2020,Turista,Otros países o territorios del mundo (excluida España),5000_XES_O,Fuerteventura,
2020-M04,04/2020,Turista,Otros países o territorios del mundo (excluida España),5000_XES_O,Gran Canaria,
2020-M04,04/2020,Turista,Otros países o territorios del mundo (excluida España),5000_XES_O,Tenerife,
2020-M04,04/2020,Turista,Otros países o territorios del mundo (excluida España),5000_XES_O,La Palma,
2020-M05,05/2020,Turista,Otros países o territorios del mundo (excluida España),5000_XES_O,Lanzarote,
2020-M05,05/2020,Turista,Otros países o territorios del mundo (excluida España),5000_XES_O,Fuerteventura,
2020-M05,05/2020,Turista,Otros países o territorios del mundo (excluida España),5000_XES_O,Gran Canaria,
2020-M05,05/2020,Turista,Otros países o territorios del mundo (excluida España),5000_XES_O,Tenerife,
2020-M05,05/2020,Turista,Otros países o territorios del mundo (excluida España),5000_XES_O,La Palma,
2020-M06,06/2020,Turista,Otros países o territorios del mundo (excluida España),5000_XES_O,Lanzarote,66.0
2020-M06,06/2020,Turista,Otros países o territorios del mundo (excluida España),5000_XES_O,Fuerteventura,44.0
2020-M06,06/2020,Turista,Otros países o territorios del mundo (excluida España),5000_XES_O,Gran Canaria,1293.0
2020-M06,06/2020,Turista,Otros países o territorios del mundo (excluida España),5000_XES_O,Tenerife,624.0
2020-M06,06/2020,Turista,Otros países o territorios del mundo (excluida España),5000_XES_O,La Palma,5.0
2020-M07,07/2020,Turista,Otros países o territorios del mundo (excluida España),5000_XES_O,Lanzarote,2847.0
2020-M07,07/2020,Turista,Otros países o territorios del mundo (excluida España),5000_XES_O,Fuerteventura,5840.0
2020-M07,07/2020,Turista,Otros países o territorios del mundo (excluida España),5000_XES_O,Gran Canaria,5851.0
2020-M07,07/2020,Turista,Otros países o territorios del mundo (excluida España),5000_XES_O,Tenerife,14252.0
2020-M07,07/2020,Turista,Otros países o territorios del mundo (excluida España),5000_XES_O,La Palma,141.0
2020-M08,08/2020,Turista,Otros países o territorios del mundo (excluida España),5000_XES_O,Lanzarote,3536.0
2020-M08,08/2020,Turista,Otros países o territorios del mundo (excluida España),5000_XES_O,Fuerteventura,6945.0
2020-M08,08/2020,Turista,Otros países o territorios del mundo (excluida España),5000_XES_O,Gran Canaria,7700.0
2020-M08,08/2020,Turista,Otros países o territorios del mundo (excluida España),5000_XES_O,Tenerife,16705.0
2020-M08,08/2020,Turista,Otros países o territorios del mundo (excluida España),5000_XES_O,La Palma,369.0
2020-M09,09/2020,Turista,Otros países o territorios del mundo (excluida España),5000_XES_O,Lanzarote,1218.0
2020-M09,09/2020,Turista,Otros países o territorios del mundo (excluida España),5000_XES_O,Fuerteventura,2526.0
2020-M09,09/2020,Turista,Otros países o territorios del mundo (excluida España),5000_XES_O,Gran Canaria,4522.0
2020-M09,09/2020,Turista,Otros países o territorios del mundo (excluida España),5000_XES_O,Tenerife,9268.0
2020-M09,09/2020,Turista,Otros países o territorios del mundo (excluida España),5000_XES_O,La Palma,249.0
2020-M10,10/2020,Turista,Otros países o territorios del mundo (excluida España),5000_XES_O,Lanzarote,1757.0
2020-M10,10/2020,Turista,Otros países o territorios del mundo (excluida España),5000_XES_O,Fuerteventura,2629.0
2020-M10,10/2020,Turista,Otros países o territorios del mundo (excluida España),5000_XES_O,Gran Canaria,5359.0
2020-M10,10/2020,Turista,Otros países o territorios del mundo (excluida España),5000_XES_O,Tenerife,10765.0
2020-M10,10/2020,Turista,Otros países o territorios del mundo (excluida España),5000_XES_O,La Palma,234.0
2020-M11,11/2020,Turista,Otros países o territorios del mundo (excluida España),5000_XES_O,Lanzarote,1768.0
2020-M11,11/2020,Turista,Otros países o territorios del mundo (excluida España),5000_XES_O,Fuerteventura,2554.0
2020-M11,11/2020,Turista,Otros países o territorios del mundo (excluida España),5000_XES_O,Gran Canaria,7601.0
2020-M11,11/2020,Turista,Otros países o territorios del mundo (excluida España),5000_XES_O,Tenerife,10111.0
2020-M11,11/2020,Turista,Otros países o territorios del mundo (excluida España),5000_XES_O,La Palma,358.0
2020-M12,12/2020,Turista,Otros países o territorios del mundo (excluida España),5000_XES_O,Lanzarote,2689.0
2020-M12,12/2020,Turista,Otros países o territorios del mundo (excluida España),5000_XES_O,Fuerteventura,3250.0
2020-M12,12/2020,Turista,Otros países o territorios del mundo (excluida España),5000_XES_O,Gran Canaria,10973.0
2020-M12,12/2020,Turista,Otros países o territorios del mundo (excluida España),5000_XES_O,Tenerife,14523.0
2020-M12,12/2020,Turista,Otros países o territorios del mundo (excluida España),5000_XES_O,La Palma,658.0
2021-M01,01/2021,Turista,Otros países o territorios del mundo (excluida España),5000_XES_O,Lanzarote,1679.0
2021-M01,01/2021,Turista,Otros países o territorios del mundo (excluida España),5000_XES_O,Fuerteventura,3336.0
2021-M01,01/2021,Turista,Otros países o territorios del mundo (excluida España),5000_XES_O,Gran Canaria,6587.0
2021-M01,01/2021,Turista,Otros países o territorios del mundo (excluida España),5000_XES_O,Tenerife,12111.0
2021-M01,01/2021,Turista,Otros países o territorios del mundo (excluida España),5000_XES_O,La Palma,506.0
2021-M02,02/2021,Turista,Otros países o territorios del mundo (excluida España),5000_XES_O,Lanzarote,1005.0
2021-M02,02/2021,Turista,Otros países o territorios del mundo (excluida España),5000_XES_O,Fuerteventura,2253.0
2021-M02,02/2021,Turista,Otros países o territorios del mundo (excluida España),5000_XES_O,Gran Canaria,6144.0
2021-M02,02/2021,Turista,Otros países o territorios del mundo (excluida España),5000_XES_O,Tenerife,14130.0
2021-M02,02/2021,Turista,Otros países o territorios del mundo (excluida España),5000_XES_O,La Palma,518.0
2021-M03,03/2021,Turista,Otros países o territorios del mundo (excluida España),5000_XES_O,Lanzarote,1369.0
2021-M03,03/2021,Turista,Otros países o territorios del mundo (excluida España),5000_XES_O,Fuerteventura,2720.0
2021-M03,03/2021,Turista,Otros países o territorios del mundo (excluida España),5000_XES_O,Gran Canaria,8729.0
2021-M03,03/2021,Turista,Otros países o territorios del mundo (excluida España),5000_XES_O,Tenerife,17819.0
2021-M03,03/2021,Turista,Otros países o territorios del mundo (excluida España),5000_XES_O,La Palma,390.0
2021-M04,04/2021,Turista,Otros países o territorios del mundo (excluida España),5000_XES_O,Lanzarote,2609.0
2021-M04,04/2021,Turista,Otros países o territorios del mundo (excluida España),5000_XES_O,Fuerteventura,4597.0
2021-M04,04/2021,Turista,Otros países o territorios del mundo (excluida España),5000_XES_O,Gran Canaria,10756.0
2021-M04,04/2021,Turista,Otros países o territorios del mundo (excluida España),5000_XES_O,Tenerife,23369.0
2021-M04,04/2021,Turista,Otros países o territorios del mundo (excluida España),5000_XES_O,La Palma,436.0
2021-M05,05/2021,Turista,Otros países o territorios del mundo (excluida España),5000_XES_O,Lanzarote,2953.0
2021-M05,05/2021,Turista,Otros países o territorios del mundo (excluida España),5000_XES_O,Fuerteventura,6507.0
2021-M05,05/2021,Turista,Otros países o territorios del mundo (excluida España),5000_XES_O,Gran Canaria,11195.0
2021-M05,05/2021,Turista,Otros países o territorios del mundo (excluida España),5000_XES_O,Tenerife,24011.0
2021-M05,05/2021,Turista,Otros países o territorios del mundo (excluida España),5000_XES_O,La Palma,619.0
2021-M06,06/2021,Turista,Otros países o territorios del mundo (excluida España),5000_XES_O,Lanzarote,3217.0
2021-M06,06/2021,Turista,Otros países o territorios del mundo (excluida España),5000_XES_O,Fuerteventura,7108.0
2021-M06,06/2021,Turista,Otros países o territorios del mundo (excluida España),5000_XES_O,Gran Canaria,12574.0
2021-M06,06/2021,Turista,Otros países o territorios del mundo (excluida España),5000_XES_O,Tenerife,23592.0
2021-M06,06/2021,Turista,Otros países o territorios del mundo (excluida España),5000_XES_O,La Palma,1042.0
2021-M07,07/2021,Turista,Otros países o territorios del mundo (excluida España),5000_XES_O,Lanzarote,6423.0
2021-M07,07/2021,Turista,Otros países o territorios del mundo (excluida España),5000_XES_O,Fuerteventura,13745.0
2021-M07,07/2021,Turista,Otros países o territorios del mundo (excluida España),5000_XES_O,Gran Canaria,21915.0
2021-M07,07/2021,Turista,Otros países o territorios del mundo (excluida España),5000_XES_O,Tenerife,42690.0
2021-M07,07/2021,Turista,Otros países o territorios del mundo (excluida España),5000_XES_O,La Palma,1979.0
2021-M08,08/2021,Turista,Otros países o territorios del mundo (excluida España),5000_XES_O,Lanzarote,6809.0
2021-M08,08/2021,Turista,Otros países o territorios del mundo (excluida España),5000_XES_O,Fuerteventura,13596.0
2021-M08,08/2021,Turista,Otros países o territorios del mundo (excluida España),5000_XES_O,Gran Canaria,20310.0
2021-M08,08/2021,Turista,Otros países o territorios del mundo (excluida España),5000_XES_O,Tenerife,38760.0
2021-M08,08/2021,Turista,Otros países o territorios del mundo (excluida España),5000_XES_O,La Palma,1576.0
2021-M09,09/2021,Turista,Otros países o territorios del mundo (excluida España),5000_XES_O,Lanzarote,6553.0
2021-M09,09/2021,Turista,Otros países o territorios del mundo (excluida España),5000_XES_O,Fuerteventura,12801.0
2021-M09,09/2021,Turista,Otros países o territorios del mundo (excluida España),5000_XES_O,Gran Canaria,20793.0
2021-M09,09/2021,Turista,Otros países o territorios del mundo (excluida España),5000_XES_O,Tenerife,41056.0
2021-M09,09/2021,Turista,Otros países o territorios del mundo (excluida España),5000_XES_O,La Palma,1142.0
2021-M10,10/2021,Turista,Otros países o territorios del mundo (excluida España),5000_XES_O,Lanzarote,9276.0
2021-M10,10/2021,Turista,Otros países o territorios del mundo (excluida España),5000_XES_O,Fuerteventura,14348.0
2021-M10,10/2021,Turista,Otros países o territorios del mundo (excluida España),5000_XES_O,Gran Canaria,25669.0
2021-M10,10/2021,Turista,Otros países o territorios del mundo (excluida España),5000_XES_O,Tenerife,52248.0
2021-M10,10/2021,Turista,Otros países o territorios del mundo (excluida España),5000_XES_O,La Palma,931.0
2021-M11,11/2021,Turista,Otros países o territorios del mundo (excluida España),5000_XES_O,Lanzarote,10037.0
2021-M11,11/2021,Turista,Otros países o territorios del mundo (excluida España),5000_XES_O,Fuerteventura,13050.0
2021-M11,11/2021,Turista,Otros países o territorios del mundo (excluida España),5000_XES_O,Gran Canaria,24314.0
2021-M11,11/2021,Turista,Otros países o territorios del mundo (excluida España),5000_XES_O,Tenerife,52584.0
2021-M11,11/2021,Turista,Otros países o territorios del mundo (excluida España),5000_XES_O,La Palma,1194.0
2021-M12,12/2021,Turista,Otros países o territorios del mundo (excluida España),5000_XES_O,Lanzarote,9568.0
2021-M12,12/2021,Turista,Otros países o territorios del mundo (excluida España),5000_XES_O,Fuerteventura,12690.0
2021-M12,12/2021,Turista,Otros países o territorios del mundo (excluida España),5000_XES_O,Gran Canaria,28954.0
2021-M12,12/2021,Turista,Otros países o territorios del mundo (excluida España),5000_XES_O,Tenerife,51848.0
2021-M12,12/2021,Turista,Otros países o territorios del mundo (excluida España),5000_XES_O,La Palma,1303.0
2022-M01,01/2022,Turista,Otros países o territorios del mundo (excluida España),5000_XES_O,Lanzarote,8517.0
2022-M01,01/2022,Turista,Otros países o territorios del mundo (excluida España),5000_XES_O,Fuerteventura,12632.0
2022-M01,01/2022,Turista,Otros países o territorios del mundo (excluida España),5000_XES_O,Gran Canaria,25809.0
2022-M01,01/2022,Turista,Otros países o territorios del mundo (excluida España),5000_XES_O,Tenerife,54462.0
2022-M01,01/2022,Turista,Otros países o territorios del mundo (excluida España),5000_XES_O,La Palma,1136.0
2022-M02,02/2022,Turista,Otros países o territorios del mundo (excluida España),5000_XES_O,Lanzarote,11324.0
2022-M02,02/2022,Turista,Otros países o territorios del mundo (excluida España),5000_XES_O,Fuerteventura,15945.0
2022-M02,02/2022,Turista,Otros países o territorios del mundo (excluida España),5000_XES_O,Gran Canaria,28010.0
2022-M02,02/2022,Turista,Otros países o territorios del mundo (excluida España),5000_XES_O,Tenerife,62710.0
2022-M02,02/2022,Turista,Otros países o territorios del mundo (excluida España),5000_XES_O,La Palma,1325.0
2022-M03,03/2022,Turista,Otros países o territorios del mundo (excluida España),5000_XES_O,Lanzarote,10571.0
2022-M03,03/2022,Turista,Otros países o territorios del mundo (excluida España),5000_XES_O,Fuerteventura,13631.0
2022-M03,03/2022,Turista,Otros países o territorios del mundo (excluida España),5000_XES_O,Gran Canaria,29857.0
2022-M03,03/2022,Turista,Otros países o territorios del mundo (excluida España),5000_XES_O,Tenerife,60160.0
2022-M03,03/2022,Turista,Otros países o territorios del mundo (excluida España),5000_XES_O,La Palma,1487.0
2022-M04,04/2022,Turista,Otros países o territorios del mundo (excluida España),5000_XES_O,Lanzarote,11504.0
2022-M04,04/2022,Turista,Otros países o territorios del mundo (excluida España),5000_XES_O,Fuerteventura,14325.0
2022-M04,04/2022,Turista,Otros países o territorios del mundo (excluida España),5000_XES_O,Gran Canaria,30554.0
2022-M04,04/2022,Turista,Otros países o territorios del mundo (excluida España),5000_XES_O,Tenerife,58265.0
2022-M04,04/2022,Turista,Otros países o territorios del mundo (excluida España),5000_XES_O,La Palma,1885.0
2022-M05,05/2022,Turista,Otros países o territorios del mundo (excluida España),5000_XES_O,Lanzarote,9244.0
2022-M05,05/2022,Turista,Otros países o territorios del mundo (excluida España),5000_XES_O,Fuerteventura,13201.0
2022-M05,05/2022,Turista,Otros países o territorios del mundo (excluida España),5000_XES_O,Gran Canaria,26269.0
2022-M05,05/2022,Turista,Otros países o territorios del mundo (excluida España),5000_XES_O,Tenerife,42874.0
2022-M05,05/2022,Turista,Otros países o territorios del mundo (excluida España),5000_XES_O,La Palma,1447.0
2022-M06,06/2022,Turista,Otros países o territorios del mundo (excluida España),5000_XES_O,Lanzarote,8078.0
2022-M06,06/2022,Turista,Otros países o territorios del mundo (excluida España),5000_XES_O,Fuerteventura,13154.0
2022-M06,06/2022,Turista,Otros países o territorios del mundo (excluida España),5000_XES_O,Gran Canaria,23676.0
2022-M06,06/2022,Turista,Otros países o territorios del mundo (excluida España),5000_XES_O,Tenerife,42354.0
2022-M06,06/2022,Turista,Otros países o territorios del mundo (excluida España),5000_XES_O,La Palma,1257.0
2022-M07,07/2022,Turista,Otros países o territorios del mundo (excluida España),5000_XES_O,Lanzarote,9789.0
2022-M07,07/2022,Turista,Otros países o territorios del mundo (excluida España),5000_XES_O,Fuerteventura,21567.0
2022-M07,07/2022,Turista,Otros países o territorios del mundo (excluida España),5000_XES_O,Gran Canaria,35306.0
2022-M07,07/2022,Turista,Otros países o territorios del mundo (excluida España),5000_XES_O,Tenerife,52715.0
2022-M07,07/2022,Turista,Otros países o territorios del mundo (excluida España),5000_XES_O,La Palma,1835.0
2022-M08,08/2022,Turista,Otros países o territorios del mundo (excluida España),5000_XES_O,Lanzarote,9051.0
2022-M08,08/2022,Turista,Otros países o territorios del mundo (excluida España),5000_XES_O,Fuerteventura,20137.0
2022-M08,08/2022,Turista,Otros países o territorios del mundo (excluida España),5000_XES_O,Gran Canaria,29883.0
2022-M08,08/2022,Turista,Otros países o territorios del mundo (excluida España),5000_XES_O,Tenerife,48996.0
2022-M08,08/2022,Turista,Otros países o territorios del mundo (excluida España),5000_XES_O,La Palma,1548.0
2022-M09,09/2022,Turista,Otros países o territorios del mundo (excluida España),5000_XES_O,Lanzarote,8536.0
2022-M09,09/2022,Turista,Otros países o territorios del mundo (excluida España),5000_XES_O,Fuerteventura,15422.0
2022-M09,09/2022,Turista,Otros países o territorios del mundo (excluida España),5000_XES_O,Gran Canaria,26135.0
2022-M09,09/2022,Turista,Otros países o territorios del mundo (excluida España),5000_XES_O,Tenerife,44797.0
2022-M09,09/2022,Turista,Otros países o territorios del mundo (excluida España),5000_XES_O,La Palma,1477.0
2022-M10,10/2022,Turista,Otros países o territorios del mundo (excluida España),5000_XES_O,Lanzarote,11974.0
2022-M10,10/2022,Turista,Otros países o territorios del mundo (excluida España),5000_XES_O,Fuerteventura,16338.0
2022-M10,10/2022,Turista,Otros países o territorios del mundo (excluida España),5000_XES_O,Gran Canaria,33335.0
2022-M10,10/2022,Turista,Otros países o territorios del mundo (excluida España),5000_XES_O,Tenerife,57520.0
2022-M10,10/2022,Turista,Otros países o territorios del mundo (excluida España),5000_XES_O,La Palma,2725.0
2022-M11,11/2022,Turista,Otros países o territorios del mundo (excluida España),5000_XES_O,Lanzarote,9231.0
2022-M11,11/2022,Turista,Otros países o territorios del mundo (excluida España),5000_XES_O,Fuerteventura,15346.0
2022-M11,11/2022,Turista,Otros países o territorios del mundo (excluida España),5000_XES_O,Gran Canaria,31214.0
2022-M11,11/2022,Turista,Otros países o territorios del mundo (excluida España),5000_XES_O,Tenerife,62081.0
2022-M11,11/2022,Turista,Otros países o territorios del mundo (excluida España),5000_XES_O,La Palma,2152.0
2022-M12,12/2022,Turista,Otros países o territorios del mundo (excluida España),5000_XES_O,Lanzarote,11829.0
2022-M12,12/2022,Turista,Otros países o territorios del mundo (excluida España),5000_XES_O,Fuerteventura,15653.0
2022-M12,12/2022,Turista,Otros países o territorios del mundo (excluida España),5000_XES_O,Gran Canaria,34099.0
2022-M12,12/2022,Turista,Otros países o territorios del mundo (excluida España),5000_XES_O,Tenerife,62312.0
2022-M12,12/2022,Turista,Otros países o territorios del mundo (excluida España),5000_XES_O,La Palma,1272.0
2023-M01,01/2023,Turista,Otros países o territorios del mundo (excluida España),5000_XES_O,Lanzarote,12251.0
2023-M01,01/2023,Turista,Otros países o territorios del mundo (excluida España),5000_XES_O,Fuerteventura,19154.0
2023-M01,01/2023,Turista,Otros países o territorios del mundo (excluida España),5000_XES_O,Gran Canaria,36768.0
2023-M01,01/2023,Turista,Otros países o territorios del mundo (excluida España),5000_XES_O,Tenerife,70412.0
2023-M01,01/2023,Turista,Otros países o territorios del mundo (excluida España),5000_XES_O,La Palma,2080.0
2023-M02,02/2023,Turista,Otros países o territorios del mundo (excluida España),5000_XES_O,Lanzarote,13695.0
2023-M02,02/2023,Turista,Otros países o territorios del mundo (excluida España),5000_XES_O,Fuerteventura,22946.0
2023-M02,02/2023,Turista,Otros países o territorios del mundo (excluida España),5000_XES_O,Gran Canaria,40382.0
2023-M02,02/2023,Turista,Otros países o territorios del mundo (excluida España),5000_XES_O,Tenerife,77372.0
2023-M02,02/2023,Turista,Otros países o territorios del mundo (excluida España),5000_XES_O,La Palma,2902.0
2023-M03,03/2023,Turista,Otros países o territorios del mundo (excluida España),5000_XES_O,Lanzarote,9914.0
2023-M03,03/2023,Turista,Otros países o territorios del mundo (excluida España),5000_XES_O,Fuerteventura,17295.0
2023-M03,03/2023,Turista,Otros países o territorios del mundo (excluida España),5000_XES_O,Gran Canaria,37312.0
2023-M03,03/2023,Turista,Otros países o territorios del mundo (excluida España),5000_XES_O,Tenerife,68969.0
2023-M03,03/2023,Turista,Otros países o territorios del mundo (excluida España),5000_XES_O,La Palma,1837.0
2023-M04,04/2023,Turista,Otros países o territorios del mundo (excluida España),5000_XES_O,Lanzarote,8548.0
2023-M04,04/2023,Turista,Otros países o territorios del mundo (excluida España),5000_XES_O,Fuerteventura,17591.0
2023-M04,04/2023,Turista,Otros países o territorios del mundo (excluida España),5000_XES_O,Gran Canaria,35360.0
2023-M04,04/2023,Turista,Otros países o territorios del mundo (excluida España),5000_XES_O,Tenerife,70938.0
2023-M04,04/2023,Turista,Otros países o territorios del mundo (excluida España),5000_XES_O,La Palma,1760.0
2023-M05,05/2023,Turista,Otros países o territorios del mundo (excluida España),5000_XES_O,Lanzarote,8107.0
2023-M05,05/2023,Turista,Otros países o territorios del mundo (excluida España),5000_XES_O,Fuerteventura,13557.0
2023-M05,05/2023,Turista,Otros países o territorios del mundo (excluida España),5000_XES_O,Gran Canaria,30417.0
2023-M05,05/2023,Turista,Otros países o territorios del mundo (excluida España),5000_XES_O,Tenerife,50396.0
2023-M05,05/2023,Turista,Otros países o territorios del mundo (excluida España),5000_XES_O,La Palma,1820.0
2023-M06,06/2023,Turista,Otros países o territorios del mundo (excluida España),5000_XES_O,Lanzarote,6535.0
2023-M06,06/2023,Turista,Otros países o territorios del mundo (excluida España),5000_XES_O,Fuerteventura,20679.0
2023-M06,06/2023,Turista,Otros países o territorios del mundo (excluida España),5000_XES_O,Gran Canaria,30684.0
2023-M06,06/2023,Turista,Otros países o territorios del mundo (excluida España),5000_XES_O,Tenerife,51324.0
2023-M06,06/2023,Turista,Otros países o territorios del mundo (excluida España),5000_XES_O,La Palma,1242.0
2023-M07,07/2023,Turista,Otros países o territorios del mundo (excluida España),5000_XES_O,Lanzarote,10294.0
2023-M07,07/2023,Turista,Otros países o territorios del mundo (excluida España),5000_XES_O,Fuerteventura,21798.0
2023-M07,07/2023,Turista,Otros países o territorios del mundo (excluida España),5000_XES_O,Gran Canaria,39617.0
2023-M07,07/2023,Turista,Otros países o territorios del mundo (excluida España),5000_XES_O,Tenerife,59670.0
2023-M07,07/2023,Turista,Otros países o territorios del mundo (excluida España),5000_XES_O,La Palma,2072.0
2023-M08,08/2023,Turista,Otros países o territorios del mundo (excluida España),5000_XES_O,Lanzarote,8939.0
2023-M08,08/2023,Turista,Otros países o territorios del mundo (excluida España),5000_XES_O,Fuerteventura,21905.0
2023-M08,08/2023,Turista,Otros países o territorios del mundo (excluida España),5000_XES_O,Gran Canaria,36420.0
2023-M08,08/2023,Turista,Otros países o territorios del mundo (excluida España),5000_XES_O,Tenerife,53594.0
2023-M08,08/2023,Turista,Otros países o territorios del mundo (excluida España),5000_XES_O,La Palma,2309.0
2023-M09,09/2023,Turista,Otros países o territorios del mundo (excluida España),5000_XES_O,Lanzarote,8078.0
2023-M09,09/2023,Turista,Otros países o territorios del mundo (excluida España),5000_XES_O,Fuerteventura,18860.0
2023-M09,09/2023,Turista,Otros países o territorios del mundo (excluida España),5000_XES_O,Gran Canaria,31688.0
2023-M09,09/2023,Turista,Otros países o territorios del mundo (excluida España),5000_XES_O,Tenerife,51536.0
2023-M09,09/2023,Turista,Otros países o territorios del mundo (excluida España),5000_XES_O,La Palma,2116.0
2023-M10,10/2023,Turista,Otros países o territorios del mundo (excluida España),5000_XES_O,Lanzarote,11712.0
2023-M10,10/2023,Turista,Otros países o territorios del mundo (excluida España),5000_XES_O,Fuerteventura,19671.0
2023-M10,10/2023,Turista,Otros países o territorios del mundo (excluida España),5000_XES_O,Gran Canaria,36337.0
2023-M10,10/2023,Turista,Otros países o territorios del mundo (excluida España),5000_XES_O,Tenerife,59148.0
2023-M10,10/2023,Turista,Otros países o territorios del mundo (excluida España),5000_XES_O,La Palma,1987.0
2023-M11,11/2023,Turista,Otros países o territorios del mundo (excluida España),5000_XES_O,Lanzarote,12810.0
2023-M11,11/2023,Turista,Otros países o territorios del mundo (excluida España),5000_XES_O,Fuerteventura,18263.0
2023-M11,11/2023,Turista,Otros países o territorios del mundo (excluida España),5000_XES_O,Gran Canaria,36437.0
2023-M11,11/2023,Turista,Otros países o territorios del mundo (excluida España),5000_XES_O,Tenerife,59753.0
2023-M11,11/2023,Turista,Otros países o territorios del mundo (excluida España),5000_XES_O,La Palma,1669.0
2023-M12,12/2023,Turista,Otros países o territorios del mundo (excluida España),5000_XES_O,Lanzarote,15217.0
2023-M12,12/2023,Turista,Otros países o territorios del mundo (excluida España),5000_XES_O,Fuerteventura,17339.0
2023-M12,12/2023,Turista,Otros países o territorios del mundo (excluida España),5000_XES_O,Gran Canaria,37460.0
2023-M12,12/2023,Turista,Otros países o territorios del mundo (excluida España),5000_XES_O,Tenerife,62173.0
2023-M12,12/2023,Turista,Otros países o territorios del mundo (excluida España),5000_XES_O,La Palma,3330.0
2024-M01,01/2024,Turista,Otros países o territorios del mundo (excluida España),5000_XES_O,Lanzarote,15029.0
2024-M01,01/2024,Turista,Otros países o territorios del mundo (excluida España),5000_XES_O,Fuerteventura,25017.0
2024-M01,01/2024,Turista,Otros países o territorios del mundo (excluida España),5000_XES_O,Gran Canaria,41493.0
2024-M01,01/2024,Turista,Otros países o territorios del mundo (excluida España),5000_XES_O,Tenerife,77229.0
2024-M01,01/2024,Turista,Otros países o territorios del mundo (excluida España),5000_XES_O,La Palma,2542.0
2024-M02,02/2024,Turista,Otros países o territorios del mundo (excluida España),5000_XES_O,Lanzarote,12572.0
2024-M02,02/2024,Turista,Otros países o territorios del mundo (excluida España),5000_XES_O,Fuerteventura,24853.0
2024-M02,02/2024,Turista,Otros países o territorios del mundo (excluida España),5000_XES_O,Gran Canaria,50614.0
2024-M02,02/2024,Turista,Otros países o territorios del mundo (excluida España),5000_XES_O,Tenerife,83720.0
2024-M02,02/2024,Turista,Otros países o territorios del mundo (excluida España),5000_XES_O,La Palma,1620.0
2024-M03,03/2024,Turista,Otros países o territorios del mundo (excluida España),5000_XES_O,Lanzarote,13818.0
2024-M03,03/2024,Turista,Otros países o territorios del mundo (excluida España),5000_XES_O,Fuerteventura,20739.0
2024-M03,03/2024,Turista,Otros países o territorios del mundo (excluida España),5000_XES_O,Gran Canaria,43027.0
2024-M03,03/2024,Turista,Otros países o territorios del mundo (excluida España),5000_XES_O,Tenerife,82182.0
2024-M03,03/2024,Turista,Otros países o territorios del mundo (excluida España),5000_XES_O,La Palma,2323.0
2024-M04,04/2024,Turista,Otros países o territorios del mundo (excluida España),5000_XES_O,Lanzarote,11181.0
2024-M04,04/2024,Turista,Otros países o territorios del mundo (excluida España),5000_XES_O,Fuerteventura,19802.0
2024-M04,04/2024,Turista,Otros países o territorios del mundo (excluida España),5000_XES_O,Gran Canaria,33873.0
2024-M04,04/2024,Turista,Otros países o territorios del mundo (excluida España),5000_XES_O,Tenerife,68825.0
2024-M04,04/2024,Turista,Otros países o territorios del mundo (excluida España),5000_XES_O,La Palma,1008.0
2024-M05,05/2024,Turista,Otros países o territorios del mundo (excluida España),5000_XES_O,Lanzarote,8428.0
2024-M05,05/2024,Turista,Otros países o territorios del mundo (excluida España),5000_XES_O,Fuerteventura,16411.0
2024-M05,05/2024,Turista,Otros países o territorios del mundo (excluida España),5000_XES_O,Gran Canaria,31088.0
2024-M05,05/2024,Turista,Otros países o territorios del mundo (excluida España),5000_XES_O,Tenerife,67226.0
2024-M05,05/2024,Turista,Otros países o territorios del mundo (excluida España),5000_XES_O,La Palma,1038.0
2024-M06,06/2024,Turista,Otros países o territorios del mundo (excluida España),5000_XES_O,Lanzarote,8549.0
2024-M06,06/2024,Turista,Otros países o territorios del mundo (excluida España),5000_XES_O,Fuerteventura,19645.0
2024-M06,06/2024,Turista,Otros países o territorios del mundo (excluida España),5000_XES_O,Gran Canaria,31969.0
2024-M06,06/2024,Turista,Otros países o territorios del mundo (excluida España),5000_XES_O,Tenerife,62310.0
2024-M06,06/2024,Turista,Otros países o territorios del mundo (excluida España),5000_XES_O,La Palma,972.0
2024-M07,07/2024,Turista,Otros países o territorios del mundo (excluida España),5000_XES_O,Lanzarote,11721.0
2024-M07,07/2024,Turista,Otros países o territorios del mundo (excluida España),5000_XES_O,Fuerteventura,25596.0
2024-M07,07/2024,Turista,Otros países o territorios del mundo (excluida España),5000_XES_O,Gran Canaria,39065.0
2024-M07,07/2024,Turista,Otros países o territorios del mundo (excluida España),5000_XES_O,Tenerife,74519.0
2024-M07,07/2024,Turista,Otros países o territorios del mundo (excluida España),5000_XES_O,La Palma,2251.0
2024-M08,08/2024,Turista,Otros países o territorios del mundo (excluida España),5000_XES_O,Lanzarote,10264.0
2024-M08,08/2024,Turista,Otros países o territorios del mundo (excluida España),5000_XES_O,Fuerteventura,22478.0
2024-M08,08/2024,Turista,Otros países o territorios del mundo (excluida España),5000_XES_O,Gran Canaria,38031.0
2024-M08,08/2024,Turista,Otros países o territorios del mundo (excluida España),5000_XES_O,Tenerife,68555.0
2024-M08,08/2024,Turista,Otros países o territorios del mundo (excluida España),5000_XES_O,La Palma,2178.0
2024-M09,09/2024,Turista,Otros países o territorios del mundo (excluida España),5000_XES_O,Lanzarote,8626.0
2024-M09,09/2024,Turista,Otros países o territorios del mundo (excluida España),5000_XES_O,Fuerteventura,21791.0
2024-M09,09/2024,Turista,Otros países o territorios del mundo (excluida España),5000_XES_O,Gran Canaria,36751.0
2024-M09,09/2024,Turista,Otros países o territorios del mundo (excluida España),5000_XES_O,Tenerife,66238.0
2024-M09,09/2024,Turista,Otros países o territorios del mundo (excluida España),5000_XES_O,La Palma,1763.0
2024-M10,10/2024,Turista,Otros países o territorios del mundo (excluida España),5000_XES_O,Lanzarote,11511.0
2024-M10,10/2024,Turista,Otros países o territorios del mundo (excluida España),5000_XES_O,Fuerteventura,19279.0
2024-M10,10/2024,Turista,Otros países o territorios del mundo (excluida España),5000_XES_O,Gran Canaria,40568.0
2024-M10,10/2024,Turista,Otros países o territorios del mundo (excluida España),5000_XES_O,Tenerife,73664.0
2024-M10,10/2024,Turista,Otros países o territorios del mundo (excluida España),5000_XES_O,La Palma,1077.0
2024-M11,11/2024,Turista,Otros países o territorios del mundo (excluida España),5000_XES_O,Lanzarote,12075.0
2024-M11,11/2024,Turista,Otros países o territorios del mundo (excluida España),5000_XES_O,Fuerteventura,22407.0
2024-M11,11/2024,Turista,Otros países o territorios del mundo (excluida España),5000_XES_O,Gran Canaria,45826.0
2024-M11,11/2024,Turista,Otros países o territorios del mundo (excluida España),5000_XES_O,Tenerife,77173.0
2024-M11,11/2024,Turista,Otros países o territorios del mundo (excluida España),5000_XES_O,La Palma,1984.0
2024-M12,12/2024,Turista,Otros países o territorios del mundo (excluida España),5000_XES_O,Lanzarote,15488.0
2024-M12,12/2024,Turista,Otros países o territorios del mundo (excluida España),5000_XES_O,Fuerteventura,25959.0
2024-M12,12/2024,Turista,Otros países o territorios del mundo (excluida España),5000_XES_O,Gran Canaria,50035.0
2024-M12,12/2024,Turista,Otros países o territorios del mundo (excluida España),5000_XES_O,Tenerife,82736.0
2024-M12,12/2024,Turista,Otros países o territorios del mundo (excluida España),5000_XES_O,La Palma,3852.0
2025-M01,01/2025,Turista,Otros países o territorios del mundo (excluida España),5000_XES_O,Lanzarote,15114.0
2025-M01,01/2025,Turista,Otros países o territorios del mundo (excluida España),5000_XES_O,Fuerteventura,25331.0
2025-M01,01/2025,Turista,Otros países o territorios del mundo (excluida España),5000_XES_O,Gran Canaria,50138.0
2025-M01,01/2025,Turista,Otros países o territorios del mundo (excluida España),5000_XES_O,Tenerife,93569.0
2025-M01,01/2025,Turista,Otros países o territorios del mundo (excluida España),5000_XES_O,La Palma,2721.0
2025-M02,02/2025,Turista,Otros países o territorios del mundo (excluida España),5000_XES_O,Lanzarote,17955.0
2025-M02,02/2025,Turista,Otros países o territorios del mundo (excluida España),5000_XES_O,Fuerteventura,28031.0
2025-M02,02/2025,Turista,Otros países o territorios del mundo (excluida España),5000_XES_O,Gran Canaria,58596.0
2025-M02,02/2025,Turista,Otros países o territorios del mundo (excluida España),5000_XES_O,Tenerife,101410.0
2025-M02,02/2025,Turista,Otros países o territorios del mundo (excluida España),5000_XES_O,La Palma,3539.0
2025-M03,03/2025,Turista,Otros países o territorios del mundo (excluida España),5000_XES_O,Lanzarote,18387.0
2025-M03,03/2025,Turista,Otros países o territorios del mundo (excluida España),5000_XES_O,Fuerteventura,27841.0
2025-M03,03/2025,Turista,Otros países o territorios del mundo (excluida España),5000_XES_O,Gran Canaria,49521.0
2025-M03,03/2025,Turista,Otros países o territorios del mundo (excluida España),5000_XES_O,Tenerife,97789.0
2025-M03,03/2025,Turista,Otros países o territorios del mundo (excluida España),5000_XES_O,La Palma,3430.0
2025-M04,04/2025,Turista,Otros países o territorios del mundo (excluida España),5000_XES_O,Lanzarote,11685.0
2025-M04,04/2025,Turista,Otros países o territorios del mundo (excluida España),5000_XES_O,Fuerteventura,24148.0
2025-M04,04/2025,Turista,Otros países o territorios del mundo (excluida España),5000_XES_O,Gran Canaria,48334.0
2025-M04,04/2025,Turista,Otros países o territorios del mundo (excluida España),5000_XES_O,Tenerife,89351.0
2025-M04,04/2025,Turista,Otros países o territorios del mundo (excluida España),5000_XES_O,La Palma,3057.0
2025-M05,05/2025,Turista,Otros países o territorios del mundo (excluida España),5000_XES_O,Lanzarote,9618.0
2025-M05,05/2025,Turista,Otros países o territorios del mundo (excluida España),5000_XES_O,Fuerteventura,21730.0
2025-M05,05/2025,Turista,Otros países o territorios del mundo (excluida España),5000_XES_O,Gran Canaria,35487.0
2025-M05,05/2025,Turista,Otros países o territorios del mundo (excluida España),5000_XES_O,Tenerife,70744.0
2025-M05,05/2025,Turista,Otros países o territorios del mundo (excluida España),5000_XES_O,La Palma,1672.0
2025-M06,06/2025,Turista,Otros países o territorios del mundo (excluida España),5000_XES_O,Lanzarote,9849.0
2025-M06,06/2025,Turista,Otros países o territorios del mundo (excluida España),5000_XES_O,Fuerteventura,27171.0
2025-M06,06/2025,Turista,Otros países o territorios del mundo (excluida España),5000_XES_O,Gran Canaria,35180.0
2025-M06,06/2025,Turista,Otros países o territorios del mundo (excluida España),5000_XES_O,Tenerife,73308.0
2025-M06,06/2025,Turista,Otros países o territorios del mundo (excluida España),5000_XES_O,La Palma,1786.0
2025-M07,07/2025,Turista,Otros países o territorios del mundo (excluida España),5000_XES_O,Lanzarote,14237.0
2025-M07,07/2025,Turista,Otros países o territorios del mundo (excluida España),5000_XES_O,Fuerteventura,33495.0
2025-M07,07/2025,Turista,Otros países o territorios del mundo (excluida España),5000_XES_O,Gran Canaria,48777.0
2025-M07,07/2025,Turista,Otros países o territorios del mundo (excluida España),5000_XES_O,Tenerife,84275.0
2025-M07,07/2025,Turista,Otros países o territorios del mundo (excluida España),5000_XES_O,La Palma,1788.0
2020-M01,01/2020,Turista,Irlanda,IE,Lanzarote,15698.0
2020-M01,01/2020,Turista,Irlanda,IE,Fuerteventura,1972.0
2020-M01,01/2020,Turista,Irlanda,IE,Gran Canaria,7169.0
2020-M01,01/2020,Turista,Irlanda,IE,Tenerife,12433.0
2020-M01,01/2020,Turista,Irlanda,IE,La Palma,258.0
2020-M02,02/2020,Turista,Irlanda,IE,Lanzarote,15047.0
2020-M02,02/2020,Turista,Irlanda,IE,Fuerteventura,2273.0
2020-M02,02/2020,Turista,Irlanda,IE,Gran Canaria,6540.0
2020-M02,02/2020,Turista,Irlanda,IE,Tenerife,12201.0
2020-M02,02/2020,Turista,Irlanda,IE,La Palma,194.0
2020-M03,03/2020,Turista,Irlanda,IE,Lanzarote,7659.0
2020-M03,03/2020,Turista,Irlanda,IE,Fuerteventura,1141.0
2020-M03,03/2020,Turista,Irlanda,IE,Gran Canaria,1937.0
2020-M03,03/2020,Turista,Irlanda,IE,Tenerife,4225.0
2020-M03,03/2020,Turista,Irlanda,IE,La Palma,44.0
2020-M04,04/2020,Turista,Irlanda,IE,Lanzarote,
2020-M04,04/2020,Turista,Irlanda,IE,Fuerteventura,
2020-M04,04/2020,Turista,Irlanda,IE,Gran Canaria,
2020-M04,04/2020,Turista,Irlanda,IE,Tenerife,
2020-M04,04/2020,Turista,Irlanda,IE,La Palma,
2020-M05,05/2020,Turista,Irlanda,IE,Lanzarote,
2020-M05,05/2020,Turista,Irlanda,IE,Fuerteventura,
2020-M05,05/2020,Turista,Irlanda,IE,Gran Canaria,
2020-M05,05/2020,Turista,Irlanda,IE,Tenerife,
2020-M05,05/2020,Turista,Irlanda,IE,La Palma,
2020-M06,06/2020,Turista,Irlanda,IE,Lanzarote,22.0
2020-M06,06/2020,Turista,Irlanda,IE,Fuerteventura,
2020-M06,06/2020,Turista,Irlanda,IE,Gran Canaria,
2020-M06,06/2020,Turista,Irlanda,IE,Tenerife,59.0
2020-M06,06/2020,Turista,Irlanda,IE,La Palma,
2020-M07,07/2020,Turista,Irlanda,IE,Lanzarote,3135.0
2020-M07,07/2020,Turista,Irlanda,IE,Fuerteventura,645.0
2020-M07,07/2020,Turista,Irlanda,IE,Gran Canaria,666.0
2020-M07,07/2020,Turista,Irlanda,IE,Tenerife,2847.0
2020-M07,07/2020,Turista,Irlanda,IE,La Palma,
2020-M08,08/2020,Turista,Irlanda,IE,Lanzarote,2738.0
2020-M08,08/2020,Turista,Irlanda,IE,Fuerteventura,524.0
2020-M08,08/2020,Turista,Irlanda,IE,Gran Canaria,777.0
2020-M08,08/2020,Turista,Irlanda,IE,Tenerife,2112.0
2020-M08,08/2020,Turista,Irlanda,IE,La Palma,12.0
2020-M09,09/2020,Turista,Irlanda,IE,Lanzarote,1426.0
2020-M09,09/2020,Turista,Irlanda,IE,Fuerteventura,381.0
2020-M09,09/2020,Turista,Irlanda,IE,Gran Canaria,540.0
2020-M09,09/2020,Turista,Irlanda,IE,Tenerife,1189.0
2020-M09,09/2020,Turista,Irlanda,IE,La Palma,
2020-M10,10/2020,Turista,Irlanda,IE,Lanzarote,2133.0
2020-M10,10/2020,Turista,Irlanda,IE,Fuerteventura,622.0
2020-M10,10/2020,Turista,Irlanda,IE,Gran Canaria,436.0
2020-M10,10/2020,Turista,Irlanda,IE,Tenerife,1502.0
2020-M10,10/2020,Turista,Irlanda,IE,La Palma,12.0
2020-M11,11/2020,Turista,Irlanda,IE,Lanzarote,1476.0
2020-M11,11/2020,Turista,Irlanda,IE,Fuerteventura,213.0
2020-M11,11/2020,Turista,Irlanda,IE,Gran Canaria,567.0
2020-M11,11/2020,Turista,Irlanda,IE,Tenerife,1909.0
2020-M11,11/2020,Turista,Irlanda,IE,La Palma,7.0
2020-M12,12/2020,Turista,Irlanda,IE,Lanzarote,2017.0
2020-M12,12/2020,Turista,Irlanda,IE,Fuerteventura,519.0
2020-M12,12/2020,Turista,Irlanda,IE,Gran Canaria,585.0
2020-M12,12/2020,Turista,Irlanda,IE,Tenerife,2307.0
2020-M12,12/2020,Turista,Irlanda,IE,La Palma,
2021-M01,01/2021,Turista,Irlanda,IE,Lanzarote,1292.0
2021-M01,01/2021,Turista,Irlanda,IE,Fuerteventura,523.0
2021-M01,01/2021,Turista,Irlanda,IE,Gran Canaria,604.0
2021-M01,01/2021,Turista,Irlanda,IE,Tenerife,1976.0
2021-M01,01/2021,Turista,Irlanda,IE,La Palma,7.0
2021-M02,02/2021,Turista,Irlanda,IE,Lanzarote,152.0
2021-M02,02/2021,Turista,Irlanda,IE,Fuerteventura,179.0
2021-M02,02/2021,Turista,Irlanda,IE,Gran Canaria,192.0
2021-M02,02/2021,Turista,Irlanda,IE,Tenerife,593.0
2021-M02,02/2021,Turista,Irlanda,IE,La Palma,1.0
2021-M03,03/2021,Turista,Irlanda,IE,Lanzarote,205.0
2021-M03,03/2021,Turista,Irlanda,IE,Fuerteventura,90.0
2021-M03,03/2021,Turista,Irlanda,IE,Gran Canaria,146.0
2021-M03,03/2021,Turista,Irlanda,IE,Tenerife,484.0
2021-M03,03/2021,Turista,Irlanda,IE,La Palma,
2021-M04,04/2021,Turista,Irlanda,IE,Lanzarote,164.0
2021-M04,04/2021,Turista,Irlanda,IE,Fuerteventura,95.0
2021-M04,04/2021,Turista,Irlanda,IE,Gran Canaria,136.0
2021-M04,04/2021,Turista,Irlanda,IE,Tenerife,368.0
2021-M04,04/2021,Turista,Irlanda,IE,La Palma,1.0
2021-M05,05/2021,Turista,Irlanda,IE,Lanzarote,377.0
2021-M05,05/2021,Turista,Irlanda,IE,Fuerteventura,
2021-M05,05/2021,Turista,Irlanda,IE,Gran Canaria,127.0
2021-M05,05/2021,Turista,Irlanda,IE,Tenerife,503.0
2021-M05,05/2021,Turista,Irlanda,IE,La Palma,9.0
2021-M06,06/2021,Turista,Irlanda,IE,Lanzarote,688.0
2021-M06,06/2021,Turista,Irlanda,IE,Fuerteventura,124.0
2021-M06,06/2021,Turista,Irlanda,IE,Gran Canaria,215.0
2021-M06,06/2021,Turista,Irlanda,IE,Tenerife,1027.0
2021-M06,06/2021,Turista,Irlanda,IE,La Palma,
2021-M07,07/2021,Turista,Irlanda,IE,Lanzarote,6465.0
2021-M07,07/2021,Turista,Irlanda,IE,Fuerteventura,832.0
2021-M07,07/2021,Turista,Irlanda,IE,Gran Canaria,1708.0
2021-M07,07/2021,Turista,Irlanda,IE,Tenerife,3872.0
2021-M07,07/2021,Turista,Irlanda,IE,La Palma,70.0
2021-M08,08/2021,Turista,Irlanda,IE,Lanzarote,16572.0
2021-M08,08/2021,Turista,Irlanda,IE,Fuerteventura,1255.0
2021-M08,08/2021,Turista,Irlanda,IE,Gran Canaria,3430.0
2021-M08,08/2021,Turista,Irlanda,IE,Tenerife,7508.0
2021-M08,08/2021,Turista,Irlanda,IE,La Palma,54.0
2021-M09,09/2021,Turista,Irlanda,IE,Lanzarote,13257.0
2021-M09,09/2021,Turista,Irlanda,IE,Fuerteventura,1651.0
2021-M09,09/2021,Turista,Irlanda,IE,Gran Canaria,3717.0
2021-M09,09/2021,Turista,Irlanda,IE,Tenerife,8220.0
2021-M09,09/2021,Turista,Irlanda,IE,La Palma,
2021-M10,10/2021,Turista,Irlanda,IE,Lanzarote,18790.0
2021-M10,10/2021,Turista,Irlanda,IE,Fuerteventura,2506.0
2021-M10,10/2021,Turista,Irlanda,IE,Gran Canaria,5510.0
2021-M10,10/2021,Turista,Irlanda,IE,Tenerife,13485.0
2021-M10,10/2021,Turista,Irlanda,IE,La Palma,38.0
2021-M11,11/2021,Turista,Irlanda,IE,Lanzarote,12989.0
2021-M11,11/2021,Turista,Irlanda,IE,Fuerteventura,2002.0
2021-M11,11/2021,Turista,Irlanda,IE,Gran Canaria,4619.0
2021-M11,11/2021,Turista,Irlanda,IE,Tenerife,12158.0
2021-M11,11/2021,Turista,Irlanda,IE,La Palma,157.0
2021-M12,12/2021,Turista,Irlanda,IE,Lanzarote,11460.0
2021-M12,12/2021,Turista,Irlanda,IE,Fuerteventura,2369.0
2021-M12,12/2021,Turista,Irlanda,IE,Gran Canaria,3953.0
2021-M12,12/2021,Turista,Irlanda,IE,Tenerife,10641.0
2021-M12,12/2021,Turista,Irlanda,IE,La Palma,30.0
2022-M01,01/2022,Turista,Irlanda,IE,Lanzarote,14043.0
2022-M01,01/2022,Turista,Irlanda,IE,Fuerteventura,2266.0
2022-M01,01/2022,Turista,Irlanda,IE,Gran Canaria,4663.0
2022-M01,01/2022,Turista,Irlanda,IE,Tenerife,14518.0
2022-M01,01/2022,Turista,Irlanda,IE,La Palma,245.0
2022-M02,02/2022,Turista,Irlanda,IE,Lanzarote,14806.0
2022-M02,02/2022,Turista,Irlanda,IE,Fuerteventura,2910.0
2022-M02,02/2022,Turista,Irlanda,IE,Gran Canaria,5652.0
2022-M02,02/2022,Turista,Irlanda,IE,Tenerife,14194.0
2022-M02,02/2022,Turista,Irlanda,IE,La Palma,96.0
2022-M03,03/2022,Turista,Irlanda,IE,Lanzarote,18084.0
2022-M03,03/2022,Turista,Irlanda,IE,Fuerteventura,2524.0
2022-M03,03/2022,Turista,Irlanda,IE,Gran Canaria,7078.0
2022-M03,03/2022,Turista,Irlanda,IE,Tenerife,15780.0
2022-M03,03/2022,Turista,Irlanda,IE,La Palma,83.0
2022-M04,04/2022,Turista,Irlanda,IE,Lanzarote,18549.0
2022-M04,04/2022,Turista,Irlanda,IE,Fuerteventura,2268.0
2022-M04,04/2022,Turista,Irlanda,IE,Gran Canaria,5788.0
2022-M04,04/2022,Turista,Irlanda,IE,Tenerife,13732.0
2022-M04,04/2022,Turista,Irlanda,IE,La Palma,117.0
2022-M05,05/2022,Turista,Irlanda,IE,Lanzarote,23253.0
2022-M05,05/2022,Turista,Irlanda,IE,Fuerteventura,3347.0
2022-M05,05/2022,Turista,Irlanda,IE,Gran Canaria,6618.0
2022-M05,05/2022,Turista,Irlanda,IE,Tenerife,14844.0
2022-M05,05/2022,Turista,Irlanda,IE,La Palma,35.0
2022-M06,06/2022,Turista,Irlanda,IE,Lanzarote,27286.0
2022-M06,06/2022,Turista,Irlanda,IE,Fuerteventura,3251.0
2022-M06,06/2022,Turista,Irlanda,IE,Gran Canaria,7077.0
2022-M06,06/2022,Turista,Irlanda,IE,Tenerife,14305.0
2022-M06,06/2022,Turista,Irlanda,IE,La Palma,
2022-M07,07/2022,Turista,Irlanda,IE,Lanzarote,31599.0
2022-M07,07/2022,Turista,Irlanda,IE,Fuerteventura,3657.0
2022-M07,07/2022,Turista,Irlanda,IE,Gran Canaria,7665.0
2022-M07,07/2022,Turista,Irlanda,IE,Tenerife,16916.0
2022-M07,07/2022,Turista,Irlanda,IE,La Palma,229.0
2022-M08,08/2022,Turista,Irlanda,IE,Lanzarote,29097.0
2022-M08,08/2022,Turista,Irlanda,IE,Fuerteventura,3488.0
2022-M08,08/2022,Turista,Irlanda,IE,Gran Canaria,7107.0
2022-M08,08/2022,Turista,Irlanda,IE,Tenerife,14739.0
2022-M08,08/2022,Turista,Irlanda,IE,La Palma,
2022-M09,09/2022,Turista,Irlanda,IE,Lanzarote,25603.0
2022-M09,09/2022,Turista,Irlanda,IE,Fuerteventura,3387.0
2022-M09,09/2022,Turista,Irlanda,IE,Gran Canaria,5692.0
2022-M09,09/2022,Turista,Irlanda,IE,Tenerife,16419.0
2022-M09,09/2022,Turista,Irlanda,IE,La Palma,37.0
2022-M10,10/2022,Turista,Irlanda,IE,Lanzarote,24128.0
2022-M10,10/2022,Turista,Irlanda,IE,Fuerteventura,3168.0
2022-M10,10/2022,Turista,Irlanda,IE,Gran Canaria,6669.0
2022-M10,10/2022,Turista,Irlanda,IE,Tenerife,15143.0
2022-M10,10/2022,Turista,Irlanda,IE,La Palma,14.0
2022-M11,11/2022,Turista,Irlanda,IE,Lanzarote,22321.0
2022-M11,11/2022,Turista,Irlanda,IE,Fuerteventura,4497.0
2022-M11,11/2022,Turista,Irlanda,IE,Gran Canaria,8225.0
2022-M11,11/2022,Turista,Irlanda,IE,Tenerife,16899.0
2022-M11,11/2022,Turista,Irlanda,IE,La Palma,45.0
2022-M12,12/2022,Turista,Irlanda,IE,Lanzarote,21145.0
2022-M12,12/2022,Turista,Irlanda,IE,Fuerteventura,4561.0
2022-M12,12/2022,Turista,Irlanda,IE,Gran Canaria,8891.0
2022-M12,12/2022,Turista,Irlanda,IE,Tenerife,15120.0
2022-M12,12/2022,Turista,Irlanda,IE,La Palma,67.0
2023-M01,01/2023,Turista,Irlanda,IE,Lanzarote,25949.0
2023-M01,01/2023,Turista,Irlanda,IE,Fuerteventura,3684.0
2023-M01,01/2023,Turista,Irlanda,IE,Gran Canaria,10809.0
2023-M01,01/2023,Turista,Irlanda,IE,Tenerife,16833.0
2023-M01,01/2023,Turista,Irlanda,IE,La Palma,99.0
2023-M02,02/2023,Turista,Irlanda,IE,Lanzarote,26348.0
2023-M02,02/2023,Turista,Irlanda,IE,Fuerteventura,4212.0
2023-M02,02/2023,Turista,Irlanda,IE,Gran Canaria,9246.0
2023-M02,02/2023,Turista,Irlanda,IE,Tenerife,13218.0
2023-M02,02/2023,Turista,Irlanda,IE,La Palma,229.0
2023-M03,03/2023,Turista,Irlanda,IE,Lanzarote,26248.0
2023-M03,03/2023,Turista,Irlanda,IE,Fuerteventura,5445.0
2023-M03,03/2023,Turista,Irlanda,IE,Gran Canaria,9604.0
2023-M03,03/2023,Turista,Irlanda,IE,Tenerife,16198.0
2023-M03,03/2023,Turista,Irlanda,IE,La Palma,33.0
2023-M04,04/2023,Turista,Irlanda,IE,Lanzarote,28853.0
2023-M04,04/2023,Turista,Irlanda,IE,Fuerteventura,5776.0
2023-M04,04/2023,Turista,Irlanda,IE,Gran Canaria,8122.0
2023-M04,04/2023,Turista,Irlanda,IE,Tenerife,17768.0
2023-M04,04/2023,Turista,Irlanda,IE,La Palma,23.0
2023-M05,05/2023,Turista,Irlanda,IE,Lanzarote,29348.0
2023-M05,05/2023,Turista,Irlanda,IE,Fuerteventura,5166.0
2023-M05,05/2023,Turista,Irlanda,IE,Gran Canaria,8316.0
2023-M05,05/2023,Turista,Irlanda,IE,Tenerife,14723.0
2023-M05,05/2023,Turista,Irlanda,IE,La Palma,
2023-M06,06/2023,Turista,Irlanda,IE,Lanzarote,31304.0
2023-M06,06/2023,Turista,Irlanda,IE,Fuerteventura,5805.0
2023-M06,06/2023,Turista,Irlanda,IE,Gran Canaria,8611.0
2023-M06,06/2023,Turista,Irlanda,IE,Tenerife,16089.0
2023-M06,06/2023,Turista,Irlanda,IE,La Palma,33.0
2023-M07,07/2023,Turista,Irlanda,IE,Lanzarote,36343.0
2023-M07,07/2023,Turista,Irlanda,IE,Fuerteventura,5944.0
2023-M07,07/2023,Turista,Irlanda,IE,Gran Canaria,9646.0
2023-M07,07/2023,Turista,Irlanda,IE,Tenerife,18546.0
2023-M07,07/2023,Turista,Irlanda,IE,La Palma,18.0
2023-M08,08/2023,Turista,Irlanda,IE,Lanzarote,30586.0
2023-M08,08/2023,Turista,Irlanda,IE,Fuerteventura,5674.0
2023-M08,08/2023,Turista,Irlanda,IE,Gran Canaria,10255.0
2023-M08,08/2023,Turista,Irlanda,IE,Tenerife,14518.0
2023-M08,08/2023,Turista,Irlanda,IE,La Palma,18.0
2023-M09,09/2023,Turista,Irlanda,IE,Lanzarote,29036.0
2023-M09,09/2023,Turista,Irlanda,IE,Fuerteventura,5288.0
2023-M09,09/2023,Turista,Irlanda,IE,Gran Canaria,8453.0
2023-M09,09/2023,Turista,Irlanda,IE,Tenerife,16860.0
2023-M09,09/2023,Turista,Irlanda,IE,La Palma,6.0
2023-M10,10/2023,Turista,Irlanda,IE,Lanzarote,27700.0
2023-M10,10/2023,Turista,Irlanda,IE,Fuerteventura,6100.0
2023-M10,10/2023,Turista,Irlanda,IE,Gran Canaria,8725.0
2023-M10,10/2023,Turista,Irlanda,IE,Tenerife,19488.0
2023-M10,10/2023,Turista,Irlanda,IE,La Palma,24.0
2023-M11,11/2023,Turista,Irlanda,IE,Lanzarote,33582.0
2023-M11,11/2023,Turista,Irlanda,IE,Fuerteventura,5948.0
2023-M11,11/2023,Turista,Irlanda,IE,Gran Canaria,9547.0
2023-M11,11/2023,Turista,Irlanda,IE,Tenerife,22883.0
2023-M11,11/2023,Turista,Irlanda,IE,La Palma,79.0
2023-M12,12/2023,Turista,Irlanda,IE,Lanzarote,25428.0
2023-M12,12/2023,Turista,Irlanda,IE,Fuerteventura,5552.0
2023-M12,12/2023,Turista,Irlanda,IE,Gran Canaria,9432.0
2023-M12,12/2023,Turista,Irlanda,IE,Tenerife,18830.0
2023-M12,12/2023,Turista,Irlanda,IE,La Palma,14.0
2024-M01,01/2024,Turista,Irlanda,IE,Lanzarote,29757.0
2024-M01,01/2024,Turista,Irlanda,IE,Fuerteventura,6440.0
2024-M01,01/2024,Turista,Irlanda,IE,Gran Canaria,11684.0
2024-M01,01/2024,Turista,Irlanda,IE,Tenerife,22098.0
2024-M01,01/2024,Turista,Irlanda,IE,La Palma,124.0
2024-M02,02/2024,Turista,Irlanda,IE,Lanzarote,29107.0
2024-M02,02/2024,Turista,Irlanda,IE,Fuerteventura,6405.0
2024-M02,02/2024,Turista,Irlanda,IE,Gran Canaria,10898.0
2024-M02,02/2024,Turista,Irlanda,IE,Tenerife,19999.0
2024-M02,02/2024,Turista,Irlanda,IE,La Palma,28.0
2024-M03,03/2024,Turista,Irlanda,IE,Lanzarote,31003.0
2024-M03,03/2024,Turista,Irlanda,IE,Fuerteventura,6859.0
2024-M03,03/2024,Turista,Irlanda,IE,Gran Canaria,11435.0
2024-M03,03/2024,Turista,Irlanda,IE,Tenerife,28174.0
2024-M03,03/2024,Turista,Irlanda,IE,La Palma,23.0
2024-M04,04/2024,Turista,Irlanda,IE,Lanzarote,28091.0
2024-M04,04/2024,Turista,Irlanda,IE,Fuerteventura,5889.0
2024-M04,04/2024,Turista,Irlanda,IE,Gran Canaria,9972.0
2024-M04,04/2024,Turista,Irlanda,IE,Tenerife,18672.0
2024-M04,04/2024,Turista,Irlanda,IE,La Palma,9.0
2024-M05,05/2024,Turista,Irlanda,IE,Lanzarote,28179.0
2024-M05,05/2024,Turista,Irlanda,IE,Fuerteventura,4819.0
2024-M05,05/2024,Turista,Irlanda,IE,Gran Canaria,11258.0
2024-M05,05/2024,Turista,Irlanda,IE,Tenerife,18622.0
2024-M05,05/2024,Turista,Irlanda,IE,La Palma,91.0
2024-M06,06/2024,Turista,Irlanda,IE,Lanzarote,31516.0
2024-M06,06/2024,Turista,Irlanda,IE,Fuerteventura,5602.0
2024-M06,06/2024,Turista,Irlanda,IE,Gran Canaria,9524.0
2024-M06,06/2024,Turista,Irlanda,IE,Tenerife,19716.0
2024-M06,06/2024,Turista,Irlanda,IE,La Palma,27.0
2024-M07,07/2024,Turista,Irlanda,IE,Lanzarote,33610.0
2024-M07,07/2024,Turista,Irlanda,IE,Fuerteventura,5904.0
2024-M07,07/2024,Turista,Irlanda,IE,Gran Canaria,10558.0
2024-M07,07/2024,Turista,Irlanda,IE,Tenerife,21269.0
2024-M07,07/2024,Turista,Irlanda,IE,La Palma,13.0
2024-M08,08/2024,Turista,Irlanda,IE,Lanzarote,31439.0
2024-M08,08/2024,Turista,Irlanda,IE,Fuerteventura,5693.0
2024-M08,08/2024,Turista,Irlanda,IE,Gran Canaria,10077.0
2024-M08,08/2024,Turista,Irlanda,IE,Tenerife,20617.0
2024-M08,08/2024,Turista,Irlanda,IE,La Palma,21.0
2024-M09,09/2024,Turista,Irlanda,IE,Lanzarote,30667.0
2024-M09,09/2024,Turista,Irlanda,IE,Fuerteventura,5586.0
2024-M09,09/2024,Turista,Irlanda,IE,Gran Canaria,9043.0
2024-M09,09/2024,Turista,Irlanda,IE,Tenerife,18003.0
2024-M09,09/2024,Turista,Irlanda,IE,La Palma,13.0
2024-M10,10/2024,Turista,Irlanda,IE,Lanzarote,30860.0
2024-M10,10/2024,Turista,Irlanda,IE,Fuerteventura,5736.0
2024-M10,10/2024,Turista,Irlanda,IE,Gran Canaria,9665.0
2024-M10,10/2024,Turista,Irlanda,IE,Tenerife,21174.0
2024-M10,10/2024,Turista,Irlanda,IE,La Palma,56.0
2024-M11,11/2024,Turista,Irlanda,IE,Lanzarote,28331.0
2024-M11,11/2024,Turista,Irlanda,IE,Fuerteventura,5883.0
2024-M11,11/2024,Turista,Irlanda,IE,Gran Canaria,10088.0
2024-M11,11/2024,Turista,Irlanda,IE,Tenerife,21405.0
2024-M11,11/2024,Turista,Irlanda,IE,La Palma,
2024-M12,12/2024,Turista,Irlanda,IE,Lanzarote,26134.0
2024-M12,12/2024,Turista,Irlanda,IE,Fuerteventura,5065.0
2024-M12,12/2024,Turista,Irlanda,IE,Gran Canaria,10291.0
2024-M12,12/2024,Turista,Irlanda,IE,Tenerife,26435.0
2024-M12,12/2024,Turista,Irlanda,IE,La Palma,9.0
2025-M01,01/2025,Turista,Irlanda,IE,Lanzarote,31690.0
2025-M01,01/2025,Turista,Irlanda,IE,Fuerteventura,6507.0
2025-M01,01/2025,Turista,Irlanda,IE,Gran Canaria,11051.0
2025-M01,01/2025,Turista,Irlanda,IE,Tenerife,23229.0
2025-M01,01/2025,Turista,Irlanda,IE,La Palma,197.0
2025-M02,02/2025,Turista,Irlanda,IE,Lanzarote,30336.0
2025-M02,02/2025,Turista,Irlanda,IE,Fuerteventura,6274.0
2025-M02,02/2025,Turista,Irlanda,IE,Gran Canaria,12922.0
2025-M02,02/2025,Turista,Irlanda,IE,Tenerife,22376.0
2025-M02,02/2025,Turista,Irlanda,IE,La Palma,1753.0
2025-M03,03/2025,Turista,Irlanda,IE,Lanzarote,32841.0
2025-M03,03/2025,Turista,Irlanda,IE,Fuerteventura,8544.0
2025-M03,03/2025,Turista,Irlanda,IE,Gran Canaria,11471.0
2025-M03,03/2025,Turista,Irlanda,IE,Tenerife,25058.0
2025-M03,03/2025,Turista,Irlanda,IE,La Palma,23.0
2025-M04,04/2025,Turista,Irlanda,IE,Lanzarote,31443.0
2025-M04,04/2025,Turista,Irlanda,IE,Fuerteventura,6790.0
2025-M04,04/2025,Turista,Irlanda,IE,Gran Canaria,8878.0
2025-M04,04/2025,Turista,Irlanda,IE,Tenerife,26206.0
2025-M04,04/2025,Turista,Irlanda,IE,La Palma,13.0
2025-M05,05/2025,Turista,Irlanda,IE,Lanzarote,31304.0
2025-M05,05/2025,Turista,Irlanda,IE,Fuerteventura,6928.0
2025-M05,05/2025,Turista,Irlanda,IE,Gran Canaria,8763.0
2025-M05,05/2025,Turista,Irlanda,IE,Tenerife,20924.0
2025-M05,05/2025,Turista,Irlanda,IE,La Palma,
2025-M06,06/2025,Turista,Irlanda,IE,Lanzarote,34051.0
2025-M06,06/2025,Turista,Irlanda,IE,Fuerteventura,6177.0
2025-M06,06/2025,Turista,Irlanda,IE,Gran Canaria,9072.0
2025-M06,06/2025,Turista,Irlanda,IE,Tenerife,22947.0
2025-M06,06/2025,Turista,Irlanda,IE,La Palma,15.0
2025-M07,07/2025,Turista,Irlanda,IE,Lanzarote,34984.0
2025-M07,07/2025,Turista,Irlanda,IE,Fuerteventura,6497.0
2025-M07,07/2025,Turista,Irlanda,IE,Gran Canaria,9780.0
2025-M07,07/2025,Turista,Irlanda,IE,Tenerife,23747.0
2025-M07,07/2025,Turista,Irlanda,IE,La Palma,529.0
2020-M01,01/2020,Turista,Países Nórdicos,5100_L1,Lanzarote,12196.0
2020-M01,01/2020,Turista,Países Nórdicos,5100_L1,Fuerteventura,9893.0
2020-M01,01/2020,Turista,Países Nórdicos,5100_L1,Gran Canaria,135939.0
2020-M01,01/2020,Turista,Países Nórdicos,5100_L1,Tenerife,58935.0
2020-M01,01/2020,Turista,Países Nórdicos,5100_L1,La Palma,3036.0
2020-M02,02/2020,Turista,Países Nórdicos,5100_L1,Lanzarote,12287.0
2020-M02,02/2020,Turista,Países Nórdicos,5100_L1,Fuerteventura,11606.0
2020-M02,02/2020,Turista,Países Nórdicos,5100_L1,Gran Canaria,128276.0
2020-M02,02/2020,Turista,Países Nórdicos,5100_L1,Tenerife,63872.0
2020-M02,02/2020,Turista,Países Nórdicos,5100_L1,La Palma,2876.0
2020-M03,03/2020,Turista,Países Nórdicos,5100_L1,Lanzarote,3676.0
2020-M03,03/2020,Turista,Países Nórdicos,5100_L1,Fuerteventura,4285.0
2020-M03,03/2020,Turista,Países Nórdicos,5100_L1,Gran Canaria,39339.0
2020-M03,03/2020,Turista,Países Nórdicos,5100_L1,Tenerife,28927.0
2020-M03,03/2020,Turista,Países Nórdicos,5100_L1,La Palma,636.0
2020-M04,04/2020,Turista,Países Nórdicos,5100_L1,Lanzarote,
2020-M04,04/2020,Turista,Países Nórdicos,5100_L1,Fuerteventura,
2020-M04,04/2020,Turista,Países Nórdicos,5100_L1,Gran Canaria,
2020-M04,04/2020,Turista,Países Nórdicos,5100_L1,Tenerife,
2020-M04,04/2020,Turista,Países Nórdicos,5100_L1,La Palma,
2020-M05,05/2020,Turista,Países Nórdicos,5100_L1,Lanzarote,
2020-M05,05/2020,Turista,Países Nórdicos,5100_L1,Fuerteventura,
2020-M05,05/2020,Turista,Países Nórdicos,5100_L1,Gran Canaria,
2020-M05,05/2020,Turista,Países Nórdicos,5100_L1,Tenerife,
2020-M05,05/2020,Turista,Países Nórdicos,5100_L1,La Palma,
2020-M06,06/2020,Turista,Países Nórdicos,5100_L1,Lanzarote,3.0
2020-M06,06/2020,Turista,Países Nórdicos,5100_L1,Fuerteventura,6.0
2020-M06,06/2020,Turista,Países Nórdicos,5100_L1,Gran Canaria,46.0
2020-M06,06/2020,Turista,Países Nórdicos,5100_L1,Tenerife,39.0
2020-M06,06/2020,Turista,Países Nórdicos,5100_L1,La Palma,2.0
2020-M07,07/2020,Turista,Países Nórdicos,5100_L1,Lanzarote,76.0
2020-M07,07/2020,Turista,Países Nórdicos,5100_L1,Fuerteventura,226.0
2020-M07,07/2020,Turista,Países Nórdicos,5100_L1,Gran Canaria,951.0
2020-M07,07/2020,Turista,Países Nórdicos,5100_L1,Tenerife,249.0
2020-M07,07/2020,Turista,Países Nórdicos,5100_L1,La Palma,18.0
2020-M08,08/2020,Turista,Países Nórdicos,5100_L1,Lanzarote,10.0
2020-M08,08/2020,Turista,Países Nórdicos,5100_L1,Fuerteventura,45.0
2020-M08,08/2020,Turista,Países Nórdicos,5100_L1,Gran Canaria,877.0
2020-M08,08/2020,Turista,Países Nórdicos,5100_L1,Tenerife,324.0
2020-M08,08/2020,Turista,Países Nórdicos,5100_L1,La Palma,47.0
2020-M09,09/2020,Turista,Países Nórdicos,5100_L1,Lanzarote,12.0
2020-M09,09/2020,Turista,Países Nórdicos,5100_L1,Fuerteventura,4.0
2020-M09,09/2020,Turista,Países Nórdicos,5100_L1,Gran Canaria,673.0
2020-M09,09/2020,Turista,Países Nórdicos,5100_L1,Tenerife,259.0
2020-M09,09/2020,Turista,Países Nórdicos,5100_L1,La Palma,18.0
2020-M10,10/2020,Turista,Países Nórdicos,5100_L1,Lanzarote,72.0
2020-M10,10/2020,Turista,Países Nórdicos,5100_L1,Fuerteventura,669.0
2020-M10,10/2020,Turista,Países Nórdicos,5100_L1,Gran Canaria,4243.0
2020-M10,10/2020,Turista,Países Nórdicos,5100_L1,Tenerife,1305.0
2020-M10,10/2020,Turista,Países Nórdicos,5100_L1,La Palma,
2020-M11,11/2020,Turista,Países Nórdicos,5100_L1,Lanzarote,84.0
2020-M11,11/2020,Turista,Países Nórdicos,5100_L1,Fuerteventura,1080.0
2020-M11,11/2020,Turista,Países Nórdicos,5100_L1,Gran Canaria,3945.0
2020-M11,11/2020,Turista,Países Nórdicos,5100_L1,Tenerife,1360.0
2020-M11,11/2020,Turista,Países Nórdicos,5100_L1,La Palma,63.0
2020-M12,12/2020,Turista,Países Nórdicos,5100_L1,Lanzarote,82.0
2020-M12,12/2020,Turista,Países Nórdicos,5100_L1,Fuerteventura,873.0
2020-M12,12/2020,Turista,Países Nórdicos,5100_L1,Gran Canaria,5693.0
2020-M12,12/2020,Turista,Países Nórdicos,5100_L1,Tenerife,908.0
2020-M12,12/2020,Turista,Países Nórdicos,5100_L1,La Palma,5.0
2021-M01,01/2021,Turista,Países Nórdicos,5100_L1,Lanzarote,122.0
2021-M01,01/2021,Turista,Países Nórdicos,5100_L1,Fuerteventura,895.0
2021-M01,01/2021,Turista,Países Nórdicos,5100_L1,Gran Canaria,4566.0
2021-M01,01/2021,Turista,Países Nórdicos,5100_L1,Tenerife,1188.0
2021-M01,01/2021,Turista,Países Nórdicos,5100_L1,La Palma,30.0
2021-M02,02/2021,Turista,Países Nórdicos,5100_L1,Lanzarote,32.0
2021-M02,02/2021,Turista,Países Nórdicos,5100_L1,Fuerteventura,786.0
2021-M02,02/2021,Turista,Países Nórdicos,5100_L1,Gran Canaria,2975.0
2021-M02,02/2021,Turista,Países Nórdicos,5100_L1,Tenerife,1143.0
2021-M02,02/2021,Turista,Países Nórdicos,5100_L1,La Palma,84.0
2021-M03,03/2021,Turista,Países Nórdicos,5100_L1,Lanzarote,124.0
2021-M03,03/2021,Turista,Países Nórdicos,5100_L1,Fuerteventura,984.0
2021-M03,03/2021,Turista,Países Nórdicos,5100_L1,Gran Canaria,3293.0
2021-M03,03/2021,Turista,Países Nórdicos,5100_L1,Tenerife,1576.0
2021-M03,03/2021,Turista,Países Nórdicos,5100_L1,La Palma,85.0
2021-M04,04/2021,Turista,Países Nórdicos,5100_L1,Lanzarote,104.0
2021-M04,04/2021,Turista,Países Nórdicos,5100_L1,Fuerteventura,605.0
2021-M04,04/2021,Turista,Países Nórdicos,5100_L1,Gran Canaria,1508.0
2021-M04,04/2021,Turista,Países Nórdicos,5100_L1,Tenerife,645.0
2021-M04,04/2021,Turista,Países Nórdicos,5100_L1,La Palma,25.0
2021-M05,05/2021,Turista,Países Nórdicos,5100_L1,Lanzarote,401.0
2021-M05,05/2021,Turista,Países Nórdicos,5100_L1,Fuerteventura,749.0
2021-M05,05/2021,Turista,Países Nórdicos,5100_L1,Gran Canaria,2645.0
2021-M05,05/2021,Turista,Países Nórdicos,5100_L1,Tenerife,628.0
2021-M05,05/2021,Turista,Países Nórdicos,5100_L1,La Palma,65.0
2021-M06,06/2021,Turista,Países Nórdicos,5100_L1,Lanzarote,1657.0
2021-M06,06/2021,Turista,Países Nórdicos,5100_L1,Fuerteventura,1837.0
2021-M06,06/2021,Turista,Países Nórdicos,5100_L1,Gran Canaria,4970.0
2021-M06,06/2021,Turista,Países Nórdicos,5100_L1,Tenerife,603.0
2021-M06,06/2021,Turista,Países Nórdicos,5100_L1,La Palma,21.0
2021-M07,07/2021,Turista,Países Nórdicos,5100_L1,Lanzarote,2780.0
2021-M07,07/2021,Turista,Países Nórdicos,5100_L1,Fuerteventura,4799.0
2021-M07,07/2021,Turista,Países Nórdicos,5100_L1,Gran Canaria,8071.0
2021-M07,07/2021,Turista,Países Nórdicos,5100_L1,Tenerife,2312.0
2021-M07,07/2021,Turista,Países Nórdicos,5100_L1,La Palma,60.0
2021-M08,08/2021,Turista,Países Nórdicos,5100_L1,Lanzarote,1784.0
2021-M08,08/2021,Turista,Países Nórdicos,5100_L1,Fuerteventura,2995.0
2021-M08,08/2021,Turista,Países Nórdicos,5100_L1,Gran Canaria,6420.0
2021-M08,08/2021,Turista,Países Nórdicos,5100_L1,Tenerife,1876.0
2021-M08,08/2021,Turista,Países Nórdicos,5100_L1,La Palma,
2021-M09,09/2021,Turista,Países Nórdicos,5100_L1,Lanzarote,2029.0
2021-M09,09/2021,Turista,Países Nórdicos,5100_L1,Fuerteventura,1438.0
2021-M09,09/2021,Turista,Países Nórdicos,5100_L1,Gran Canaria,10531.0
2021-M09,09/2021,Turista,Países Nórdicos,5100_L1,Tenerife,2010.0
2021-M09,09/2021,Turista,Países Nórdicos,5100_L1,La Palma,5.0
2021-M10,10/2021,Turista,Países Nórdicos,5100_L1,Lanzarote,7516.0
2021-M10,10/2021,Turista,Países Nórdicos,5100_L1,Fuerteventura,6985.0
2021-M10,10/2021,Turista,Países Nórdicos,5100_L1,Gran Canaria,49710.0
2021-M10,10/2021,Turista,Países Nórdicos,5100_L1,Tenerife,17477.0
2021-M10,10/2021,Turista,Países Nórdicos,5100_L1,La Palma,113.0
2021-M11,11/2021,Turista,Países Nórdicos,5100_L1,Lanzarote,9338.0
2021-M11,11/2021,Turista,Países Nórdicos,5100_L1,Fuerteventura,8248.0
2021-M11,11/2021,Turista,Países Nórdicos,5100_L1,Gran Canaria,83618.0
2021-M11,11/2021,Turista,Países Nórdicos,5100_L1,Tenerife,38250.0
2021-M11,11/2021,Turista,Países Nórdicos,5100_L1,La Palma,199.0
2021-M12,12/2021,Turista,Países Nórdicos,5100_L1,Lanzarote,8690.0
2021-M12,12/2021,Turista,Países Nórdicos,5100_L1,Fuerteventura,7155.0
2021-M12,12/2021,Turista,Países Nórdicos,5100_L1,Gran Canaria,95576.0
2021-M12,12/2021,Turista,Países Nórdicos,5100_L1,Tenerife,34627.0
2021-M12,12/2021,Turista,Países Nórdicos,5100_L1,La Palma,
2022-M01,01/2022,Turista,Países Nórdicos,5100_L1,Lanzarote,8592.0
2022-M01,01/2022,Turista,Países Nórdicos,5100_L1,Fuerteventura,5859.0
2022-M01,01/2022,Turista,Países Nórdicos,5100_L1,Gran Canaria,77946.0
2022-M01,01/2022,Turista,Países Nórdicos,5100_L1,Tenerife,35914.0
2022-M01,01/2022,Turista,Países Nórdicos,5100_L1,La Palma,135.0
2022-M02,02/2022,Turista,Países Nórdicos,5100_L1,Lanzarote,9962.0
2022-M02,02/2022,Turista,Países Nórdicos,5100_L1,Fuerteventura,8277.0
2022-M02,02/2022,Turista,Países Nórdicos,5100_L1,Gran Canaria,82436.0
2022-M02,02/2022,Turista,Países Nórdicos,5100_L1,Tenerife,35147.0
2022-M02,02/2022,Turista,Países Nórdicos,5100_L1,La Palma,312.0
2022-M03,03/2022,Turista,Países Nórdicos,5100_L1,Lanzarote,8253.0
2022-M03,03/2022,Turista,Países Nórdicos,5100_L1,Fuerteventura,5988.0
2022-M03,03/2022,Turista,Países Nórdicos,5100_L1,Gran Canaria,79078.0
2022-M03,03/2022,Turista,Países Nórdicos,5100_L1,Tenerife,35515.0
2022-M03,03/2022,Turista,Países Nórdicos,5100_L1,La Palma,188.0
2022-M04,04/2022,Turista,Países Nórdicos,5100_L1,Lanzarote,9541.0
2022-M04,04/2022,Turista,Países Nórdicos,5100_L1,Fuerteventura,9691.0
2022-M04,04/2022,Turista,Países Nórdicos,5100_L1,Gran Canaria,76972.0
2022-M04,04/2022,Turista,Países Nórdicos,5100_L1,Tenerife,35239.0
2022-M04,04/2022,Turista,Países Nórdicos,5100_L1,La Palma,230.0
2022-M05,05/2022,Turista,Países Nórdicos,5100_L1,Lanzarote,2534.0
2022-M05,05/2022,Turista,Países Nórdicos,5100_L1,Fuerteventura,1840.0
2022-M05,05/2022,Turista,Países Nórdicos,5100_L1,Gran Canaria,12397.0
2022-M05,05/2022,Turista,Países Nórdicos,5100_L1,Tenerife,2246.0
2022-M05,05/2022,Turista,Países Nórdicos,5100_L1,La Palma,51.0
2022-M06,06/2022,Turista,Países Nórdicos,5100_L1,Lanzarote,2735.0
2022-M06,06/2022,Turista,Países Nórdicos,5100_L1,Fuerteventura,2459.0
2022-M06,06/2022,Turista,Países Nórdicos,5100_L1,Gran Canaria,16875.0
2022-M06,06/2022,Turista,Países Nórdicos,5100_L1,Tenerife,3030.0
2022-M06,06/2022,Turista,Países Nórdicos,5100_L1,La Palma,180.0
2022-M07,07/2022,Turista,Países Nórdicos,5100_L1,Lanzarote,4532.0
2022-M07,07/2022,Turista,Países Nórdicos,5100_L1,Fuerteventura,2225.0
2022-M07,07/2022,Turista,Países Nórdicos,5100_L1,Gran Canaria,25857.0
2022-M07,07/2022,Turista,Países Nórdicos,5100_L1,Tenerife,4556.0
2022-M07,07/2022,Turista,Países Nórdicos,5100_L1,La Palma,27.0
2022-M08,08/2022,Turista,Países Nórdicos,5100_L1,Lanzarote,3816.0
2022-M08,08/2022,Turista,Países Nórdicos,5100_L1,Fuerteventura,1888.0
2022-M08,08/2022,Turista,Países Nórdicos,5100_L1,Gran Canaria,22151.0
2022-M08,08/2022,Turista,Países Nórdicos,5100_L1,Tenerife,4030.0
2022-M08,08/2022,Turista,Países Nórdicos,5100_L1,La Palma,
2022-M09,09/2022,Turista,Países Nórdicos,5100_L1,Lanzarote,3175.0
2022-M09,09/2022,Turista,Países Nórdicos,5100_L1,Fuerteventura,3131.0
2022-M09,09/2022,Turista,Países Nórdicos,5100_L1,Gran Canaria,15115.0
2022-M09,09/2022,Turista,Países Nórdicos,5100_L1,Tenerife,3114.0
2022-M09,09/2022,Turista,Países Nórdicos,5100_L1,La Palma,28.0
2022-M10,10/2022,Turista,Países Nórdicos,5100_L1,Lanzarote,8465.0
2022-M10,10/2022,Turista,Países Nórdicos,5100_L1,Fuerteventura,5903.0
2022-M10,10/2022,Turista,Países Nórdicos,5100_L1,Gran Canaria,82365.0
2022-M10,10/2022,Turista,Países Nórdicos,5100_L1,Tenerife,31816.0
2022-M10,10/2022,Turista,Países Nórdicos,5100_L1,La Palma,34.0
2022-M11,11/2022,Turista,Países Nórdicos,5100_L1,Lanzarote,10508.0
2022-M11,11/2022,Turista,Países Nórdicos,5100_L1,Fuerteventura,8094.0
2022-M11,11/2022,Turista,Países Nórdicos,5100_L1,Gran Canaria,121005.0
2022-M11,11/2022,Turista,Países Nórdicos,5100_L1,Tenerife,56136.0
2022-M11,11/2022,Turista,Países Nórdicos,5100_L1,La Palma,461.0
2022-M12,12/2022,Turista,Países Nórdicos,5100_L1,Lanzarote,9481.0
2022-M12,12/2022,Turista,Países Nórdicos,5100_L1,Fuerteventura,8113.0
2022-M12,12/2022,Turista,Países Nórdicos,5100_L1,Gran Canaria,124066.0
2022-M12,12/2022,Turista,Países Nórdicos,5100_L1,Tenerife,47856.0
2022-M12,12/2022,Turista,Países Nórdicos,5100_L1,La Palma,711.0
2023-M01,01/2023,Turista,Países Nórdicos,5100_L1,Lanzarote,10168.0
2023-M01,01/2023,Turista,Países Nórdicos,5100_L1,Fuerteventura,9037.0
2023-M01,01/2023,Turista,Países Nórdicos,5100_L1,Gran Canaria,120536.0
2023-M01,01/2023,Turista,Países Nórdicos,5100_L1,Tenerife,58453.0
2023-M01,01/2023,Turista,Países Nórdicos,5100_L1,La Palma,836.0
2023-M02,02/2023,Turista,Países Nórdicos,5100_L1,Lanzarote,9503.0
2023-M02,02/2023,Turista,Países Nórdicos,5100_L1,Fuerteventura,8770.0
2023-M02,02/2023,Turista,Países Nórdicos,5100_L1,Gran Canaria,113084.0
2023-M02,02/2023,Turista,Países Nórdicos,5100_L1,Tenerife,54306.0
2023-M02,02/2023,Turista,Países Nórdicos,5100_L1,La Palma,1061.0
2023-M03,03/2023,Turista,Países Nórdicos,5100_L1,Lanzarote,9478.0
2023-M03,03/2023,Turista,Países Nórdicos,5100_L1,Fuerteventura,8621.0
2023-M03,03/2023,Turista,Países Nórdicos,5100_L1,Gran Canaria,104368.0
2023-M03,03/2023,Turista,Países Nórdicos,5100_L1,Tenerife,44794.0
2023-M03,03/2023,Turista,Países Nórdicos,5100_L1,La Palma,1303.0
2023-M04,04/2023,Turista,Países Nórdicos,5100_L1,Lanzarote,4011.0
2023-M04,04/2023,Turista,Países Nórdicos,5100_L1,Fuerteventura,3698.0
2023-M04,04/2023,Turista,Países Nórdicos,5100_L1,Gran Canaria,52091.0
2023-M04,04/2023,Turista,Países Nórdicos,5100_L1,Tenerife,21474.0
2023-M04,04/2023,Turista,Países Nórdicos,5100_L1,La Palma,993.0
2023-M05,05/2023,Turista,Países Nórdicos,5100_L1,Lanzarote,1705.0
2023-M05,05/2023,Turista,Países Nórdicos,5100_L1,Fuerteventura,3118.0
2023-M05,05/2023,Turista,Países Nórdicos,5100_L1,Gran Canaria,16833.0
2023-M05,05/2023,Turista,Países Nórdicos,5100_L1,Tenerife,2761.0
2023-M05,05/2023,Turista,Países Nórdicos,5100_L1,La Palma,40.0
2023-M06,06/2023,Turista,Países Nórdicos,5100_L1,Lanzarote,2082.0
2023-M06,06/2023,Turista,Países Nórdicos,5100_L1,Fuerteventura,2293.0
2023-M06,06/2023,Turista,Países Nórdicos,5100_L1,Gran Canaria,16852.0
2023-M06,06/2023,Turista,Países Nórdicos,5100_L1,Tenerife,3330.0
2023-M06,06/2023,Turista,Países Nórdicos,5100_L1,La Palma,97.0
2023-M07,07/2023,Turista,Países Nórdicos,5100_L1,Lanzarote,1892.0
2023-M07,07/2023,Turista,Países Nórdicos,5100_L1,Fuerteventura,3546.0
2023-M07,07/2023,Turista,Países Nórdicos,5100_L1,Gran Canaria,32413.0
2023-M07,07/2023,Turista,Países Nórdicos,5100_L1,Tenerife,6744.0
2023-M07,07/2023,Turista,Países Nórdicos,5100_L1,La Palma,53.0
2023-M08,08/2023,Turista,Países Nórdicos,5100_L1,Lanzarote,2059.0
2023-M08,08/2023,Turista,Países Nórdicos,5100_L1,Fuerteventura,2610.0
2023-M08,08/2023,Turista,Países Nórdicos,5100_L1,Gran Canaria,23093.0
2023-M08,08/2023,Turista,Países Nórdicos,5100_L1,Tenerife,5289.0
2023-M08,08/2023,Turista,Países Nórdicos,5100_L1,La Palma,
2023-M09,09/2023,Turista,Países Nórdicos,5100_L1,Lanzarote,2121.0
2023-M09,09/2023,Turista,Países Nórdicos,5100_L1,Fuerteventura,1532.0
2023-M09,09/2023,Turista,Países Nórdicos,5100_L1,Gran Canaria,22536.0
2023-M09,09/2023,Turista,Países Nórdicos,5100_L1,Tenerife,5668.0
2023-M09,09/2023,Turista,Países Nórdicos,5100_L1,La Palma,25.0
2023-M10,10/2023,Turista,Países Nórdicos,5100_L1,Lanzarote,5252.0
2023-M10,10/2023,Turista,Países Nórdicos,5100_L1,Fuerteventura,5766.0
2023-M10,10/2023,Turista,Países Nórdicos,5100_L1,Gran Canaria,80064.0
2023-M10,10/2023,Turista,Países Nórdicos,5100_L1,Tenerife,31991.0
2023-M10,10/2023,Turista,Países Nórdicos,5100_L1,La Palma,868.0
2023-M11,11/2023,Turista,Países Nórdicos,5100_L1,Lanzarote,8907.0
2023-M11,11/2023,Turista,Países Nórdicos,5100_L1,Fuerteventura,8694.0
2023-M11,11/2023,Turista,Países Nórdicos,5100_L1,Gran Canaria,123080.0
2023-M11,11/2023,Turista,Países Nórdicos,5100_L1,Tenerife,49277.0
2023-M11,11/2023,Turista,Países Nórdicos,5100_L1,La Palma,1132.0
2023-M12,12/2023,Turista,Países Nórdicos,5100_L1,Lanzarote,10174.0
2023-M12,12/2023,Turista,Países Nórdicos,5100_L1,Fuerteventura,8832.0
2023-M12,12/2023,Turista,Países Nórdicos,5100_L1,Gran Canaria,131889.0
2023-M12,12/2023,Turista,Países Nórdicos,5100_L1,Tenerife,52490.0
2023-M12,12/2023,Turista,Países Nórdicos,5100_L1,La Palma,1329.0
2024-M01,01/2024,Turista,Países Nórdicos,5100_L1,Lanzarote,8834.0
2024-M01,01/2024,Turista,Países Nórdicos,5100_L1,Fuerteventura,11494.0
2024-M01,01/2024,Turista,Países Nórdicos,5100_L1,Gran Canaria,125146.0
2024-M01,01/2024,Turista,Países Nórdicos,5100_L1,Tenerife,56044.0
2024-M01,01/2024,Turista,Países Nórdicos,5100_L1,La Palma,1032.0
2024-M02,02/2024,Turista,Países Nórdicos,5100_L1,Lanzarote,8999.0
2024-M02,02/2024,Turista,Países Nórdicos,5100_L1,Fuerteventura,9740.0
2024-M02,02/2024,Turista,Países Nórdicos,5100_L1,Gran Canaria,125542.0
2024-M02,02/2024,Turista,Países Nórdicos,5100_L1,Tenerife,56820.0
2024-M02,02/2024,Turista,Países Nórdicos,5100_L1,La Palma,1465.0
2024-M03,03/2024,Turista,Países Nórdicos,5100_L1,Lanzarote,8447.0
2024-M03,03/2024,Turista,Países Nórdicos,5100_L1,Fuerteventura,7617.0
2024-M03,03/2024,Turista,Países Nórdicos,5100_L1,Gran Canaria,128483.0
2024-M03,03/2024,Turista,Países Nórdicos,5100_L1,Tenerife,54180.0
2024-M03,03/2024,Turista,Países Nórdicos,5100_L1,La Palma,1247.0
2024-M04,04/2024,Turista,Países Nórdicos,5100_L1,Lanzarote,3058.0
2024-M04,04/2024,Turista,Países Nórdicos,5100_L1,Fuerteventura,3704.0
2024-M04,04/2024,Turista,Países Nórdicos,5100_L1,Gran Canaria,39183.0
2024-M04,04/2024,Turista,Países Nórdicos,5100_L1,Tenerife,17337.0
2024-M04,04/2024,Turista,Países Nórdicos,5100_L1,La Palma,459.0
2024-M05,05/2024,Turista,Países Nórdicos,5100_L1,Lanzarote,1885.0
2024-M05,05/2024,Turista,Países Nórdicos,5100_L1,Fuerteventura,2117.0
2024-M05,05/2024,Turista,Países Nórdicos,5100_L1,Gran Canaria,17755.0
2024-M05,05/2024,Turista,Países Nórdicos,5100_L1,Tenerife,4250.0
2024-M05,05/2024,Turista,Países Nórdicos,5100_L1,La Palma,12.0
2024-M06,06/2024,Turista,Países Nórdicos,5100_L1,Lanzarote,1565.0
2024-M06,06/2024,Turista,Países Nórdicos,5100_L1,Fuerteventura,2410.0
2024-M06,06/2024,Turista,Países Nórdicos,5100_L1,Gran Canaria,19091.0
2024-M06,06/2024,Turista,Países Nórdicos,5100_L1,Tenerife,3814.0
2024-M06,06/2024,Turista,Países Nórdicos,5100_L1,La Palma,16.0
2024-M07,07/2024,Turista,Países Nórdicos,5100_L1,Lanzarote,1634.0
2024-M07,07/2024,Turista,Países Nórdicos,5100_L1,Fuerteventura,3614.0
2024-M07,07/2024,Turista,Países Nórdicos,5100_L1,Gran Canaria,33415.0
2024-M07,07/2024,Turista,Países Nórdicos,5100_L1,Tenerife,6332.0
2024-M07,07/2024,Turista,Países Nórdicos,5100_L1,La Palma,35.0
2024-M08,08/2024,Turista,Países Nórdicos,5100_L1,Lanzarote,1804.0
2024-M08,08/2024,Turista,Países Nórdicos,5100_L1,Fuerteventura,2285.0
2024-M08,08/2024,Turista,Países Nórdicos,5100_L1,Gran Canaria,16873.0
2024-M08,08/2024,Turista,Países Nórdicos,5100_L1,Tenerife,4711.0
2024-M08,08/2024,Turista,Países Nórdicos,5100_L1,La Palma,75.0
2024-M09,09/2024,Turista,Países Nórdicos,5100_L1,Lanzarote,1720.0
2024-M09,09/2024,Turista,Países Nórdicos,5100_L1,Fuerteventura,2110.0
2024-M09,09/2024,Turista,Países Nórdicos,5100_L1,Gran Canaria,18717.0
2024-M09,09/2024,Turista,Países Nórdicos,5100_L1,Tenerife,4739.0
2024-M09,09/2024,Turista,Países Nórdicos,5100_L1,La Palma,40.0
2024-M10,10/2024,Turista,Países Nórdicos,5100_L1,Lanzarote,4645.0
2024-M10,10/2024,Turista,Países Nórdicos,5100_L1,Fuerteventura,6215.0
2024-M10,10/2024,Turista,Países Nórdicos,5100_L1,Gran Canaria,86927.0
2024-M10,10/2024,Turista,Países Nórdicos,5100_L1,Tenerife,26020.0
2024-M10,10/2024,Turista,Países Nórdicos,5100_L1,La Palma,443.0
2024-M11,11/2024,Turista,Países Nórdicos,5100_L1,Lanzarote,10034.0
2024-M11,11/2024,Turista,Países Nórdicos,5100_L1,Fuerteventura,9372.0
2024-M11,11/2024,Turista,Países Nórdicos,5100_L1,Gran Canaria,123259.0
2024-M11,11/2024,Turista,Países Nórdicos,5100_L1,Tenerife,48099.0
2024-M11,11/2024,Turista,Países Nórdicos,5100_L1,La Palma,1012.0
2024-M12,12/2024,Turista,Países Nórdicos,5100_L1,Lanzarote,10204.0
2024-M12,12/2024,Turista,Países Nórdicos,5100_L1,Fuerteventura,10763.0
2024-M12,12/2024,Turista,Países Nórdicos,5100_L1,Gran Canaria,127610.0
2024-M12,12/2024,Turista,Países Nórdicos,5100_L1,Tenerife,50448.0
2024-M12,12/2024,Turista,Países Nórdicos,5100_L1,La Palma,1200.0
2025-M01,01/2025,Turista,Países Nórdicos,5100_L1,Lanzarote,9319.0
2025-M01,01/2025,Turista,Países Nórdicos,5100_L1,Fuerteventura,10359.0
2025-M01,01/2025,Turista,Países Nórdicos,5100_L1,Gran Canaria,129370.0
2025-M01,01/2025,Turista,Países Nórdicos,5100_L1,Tenerife,47739.0
2025-M01,01/2025,Turista,Países Nórdicos,5100_L1,La Palma,1586.0
2025-M02,02/2025,Turista,Países Nórdicos,5100_L1,Lanzarote,11245.0
2025-M02,02/2025,Turista,Países Nórdicos,5100_L1,Fuerteventura,9396.0
2025-M02,02/2025,Turista,Países Nórdicos,5100_L1,Gran Canaria,120062.0
2025-M02,02/2025,Turista,Países Nórdicos,5100_L1,Tenerife,49608.0
2025-M02,02/2025,Turista,Países Nórdicos,5100_L1,La Palma,962.0
2025-M03,03/2025,Turista,Países Nórdicos,5100_L1,Lanzarote,8307.0
2025-M03,03/2025,Turista,Países Nórdicos,5100_L1,Fuerteventura,8930.0
2025-M03,03/2025,Turista,Países Nórdicos,5100_L1,Gran Canaria,118957.0
2025-M03,03/2025,Turista,Países Nórdicos,5100_L1,Tenerife,45200.0
2025-M03,03/2025,Turista,Países Nórdicos,5100_L1,La Palma,754.0
2025-M04,04/2025,Turista,Países Nórdicos,5100_L1,Lanzarote,2935.0
2025-M04,04/2025,Turista,Países Nórdicos,5100_L1,Fuerteventura,4085.0
2025-M04,04/2025,Turista,Países Nórdicos,5100_L1,Gran Canaria,57662.0
2025-M04,04/2025,Turista,Países Nórdicos,5100_L1,Tenerife,22503.0
2025-M04,04/2025,Turista,Países Nórdicos,5100_L1,La Palma,492.0
2025-M05,05/2025,Turista,Países Nórdicos,5100_L1,Lanzarote,1932.0
2025-M05,05/2025,Turista,Países Nórdicos,5100_L1,Fuerteventura,1977.0
2025-M05,05/2025,Turista,Países Nórdicos,5100_L1,Gran Canaria,17403.0
2025-M05,05/2025,Turista,Países Nórdicos,5100_L1,Tenerife,3266.0
2025-M05,05/2025,Turista,Países Nórdicos,5100_L1,La Palma,191.0
2025-M06,06/2025,Turista,Países Nórdicos,5100_L1,Lanzarote,1570.0
2025-M06,06/2025,Turista,Países Nórdicos,5100_L1,Fuerteventura,2428.0
2025-M06,06/2025,Turista,Países Nórdicos,5100_L1,Gran Canaria,19969.0
2025-M06,06/2025,Turista,Países Nórdicos,5100_L1,Tenerife,3032.0
2025-M06,06/2025,Turista,Países Nórdicos,5100_L1,La Palma,48.0
2025-M07,07/2025,Turista,Países Nórdicos,5100_L1,Lanzarote,2543.0
2025-M07,07/2025,Turista,Países Nórdicos,5100_L1,Fuerteventura,3381.0
2025-M07,07/2025,Turista,Países Nórdicos,5100_L1,Gran Canaria,34062.0
2025-M07,07/2025,Turista,Países Nórdicos,5100_L1,Tenerife,5193.0
2025-M07,07/2025,Turista,Países Nórdicos,5100_L1,La Palma,94.0
2020-M01,01/2020,Turista,Total,_T,Lanzarote,209769.0
2020-M01,01/2020,Turista,Total,_T,Fuerteventura,149141.0
2020-M01,01/2020,Turista,Total,_T,Gran Canaria,405209.0
2020-M01,01/2020,Turista,Total,_T,Tenerife,512153.0
2020-M01,01/2020,Turista,Total,_T,La Palma,36618.0
2020-M02,02/2020,Turista,Total,_T,Lanzarote,215054.0
2020-M02,02/2020,Turista,Total,_T,Fuerteventura,175618.0
2020-M02,02/2020,Turista,Total,_T,Gran Canaria,387432.0
2020-M02,02/2020,Turista,Total,_T,Tenerife,528873.0
2020-M02,02/2020,Turista,Total,_T,La Palma,31996.0
2020-M03,03/2020,Turista,Total,_T,Lanzarote,99407.0
2020-M03,03/2020,Turista,Total,_T,Fuerteventura,71988.0
2020-M03,03/2020,Turista,Total,_T,Gran Canaria,141692.0
2020-M03,03/2020,Turista,Total,_T,Tenerife,208696.0
2020-M03,03/2020,Turista,Total,_T,La Palma,11531.0
2020-M04,04/2020,Turista,Total,_T,Lanzarote,
2020-M04,04/2020,Turista,Total,_T,Fuerteventura,
2020-M04,04/2020,Turista,Total,_T,Gran Canaria,
2020-M04,04/2020,Turista,Total,_T,Tenerife,
2020-M04,04/2020,Turista,Total,_T,La Palma,
2020-M05,05/2020,Turista,Total,_T,Lanzarote,
2020-M05,05/2020,Turista,Total,_T,Fuerteventura,
2020-M05,05/2020,Turista,Total,_T,Gran Canaria,
2020-M05,05/2020,Turista,Total,_T,Tenerife,
2020-M05,05/2020,Turista,Total,_T,La Palma,
2020-M06,06/2020,Turista,Total,_T,Lanzarote,788.0
2020-M06,06/2020,Turista,Total,_T,Fuerteventura,611.0
2020-M06,06/2020,Turista,Total,_T,Gran Canaria,6405.0
2020-M06,06/2020,Turista,Total,_T,Tenerife,5732.0
2020-M06,06/2020,Turista,Total,_T,La Palma,14.0
2020-M07,07/2020,Turista,Total,_T,Lanzarote,57457.0
2020-M07,07/2020,Turista,Total,_T,Fuerteventura,53295.0
2020-M07,07/2020,Turista,Total,_T,Gran Canaria,69912.0
2020-M07,07/2020,Turista,Total,_T,Tenerife,120529.0
2020-M07,07/2020,Turista,Total,_T,La Palma,4495.0
2020-M08,08/2020,Turista,Total,_T,Lanzarote,69133.0
2020-M08,08/2020,Turista,Total,_T,Fuerteventura,75686.0
2020-M08,08/2020,Turista,Total,_T,Gran Canaria,101836.0
2020-M08,08/2020,Turista,Total,_T,Tenerife,158567.0
2020-M08,08/2020,Turista,Total,_T,La Palma,10749.0
2020-M09,09/2020,Turista,Total,_T,Lanzarote,33754.0
2020-M09,09/2020,Turista,Total,_T,Fuerteventura,26016.0
2020-M09,09/2020,Turista,Total,_T,Gran Canaria,38899.0
2020-M09,09/2020,Turista,Total,_T,Tenerife,100893.0
2020-M09,09/2020,Turista,Total,_T,La Palma,6957.0
2020-M10,10/2020,Turista,Total,_T,Lanzarote,41635.0
2020-M10,10/2020,Turista,Total,_T,Fuerteventura,28670.0
2020-M10,10/2020,Turista,Total,_T,Gran Canaria,43237.0
2020-M10,10/2020,Turista,Total,_T,Tenerife,100854.0
2020-M10,10/2020,Turista,Total,_T,La Palma,4759.0
2020-M11,11/2020,Turista,Total,_T,Lanzarote,29510.0
2020-M11,11/2020,Turista,Total,_T,Fuerteventura,31772.0
2020-M11,11/2020,Turista,Total,_T,Gran Canaria,61827.0
2020-M11,11/2020,Turista,Total,_T,Tenerife,86333.0
2020-M11,11/2020,Turista,Total,_T,La Palma,6851.0
2020-M12,12/2020,Turista,Total,_T,Lanzarote,38706.0
2020-M12,12/2020,Turista,Total,_T,Fuerteventura,39909.0
2020-M12,12/2020,Turista,Total,_T,Gran Canaria,74976.0
2020-M12,12/2020,Turista,Total,_T,Tenerife,109315.0
2020-M12,12/2020,Turista,Total,_T,La Palma,9735.0
2021-M01,01/2021,Turista,Total,_T,Lanzarote,17528.0
2021-M01,01/2021,Turista,Total,_T,Fuerteventura,23299.0
2021-M01,01/2021,Turista,Total,_T,Gran Canaria,41241.0
2021-M01,01/2021,Turista,Total,_T,Tenerife,56277.0
2021-M01,01/2021,Turista,Total,_T,La Palma,8406.0
2021-M02,02/2021,Turista,Total,_T,Lanzarote,11903.0
2021-M02,02/2021,Turista,Total,_T,Fuerteventura,15880.0
2021-M02,02/2021,Turista,Total,_T,Gran Canaria,31824.0
2021-M02,02/2021,Turista,Total,_T,Tenerife,57462.0
2021-M02,02/2021,Turista,Total,_T,La Palma,6306.0
2021-M03,03/2021,Turista,Total,_T,Lanzarote,17476.0
2021-M03,03/2021,Turista,Total,_T,Fuerteventura,25182.0
2021-M03,03/2021,Turista,Total,_T,Gran Canaria,47972.0
2021-M03,03/2021,Turista,Total,_T,Tenerife,75377.0
2021-M03,03/2021,Turista,Total,_T,La Palma,7752.0
2021-M04,04/2021,Turista,Total,_T,Lanzarote,22187.0
2021-M04,04/2021,Turista,Total,_T,Fuerteventura,27076.0
2021-M04,04/2021,Turista,Total,_T,Gran Canaria,52264.0
2021-M04,04/2021,Turista,Total,_T,Tenerife,86159.0
2021-M04,04/2021,Turista,Total,_T,La Palma,7781.0
2021-M05,05/2021,Turista,Total,_T,Lanzarote,37081.0
2021-M05,05/2021,Turista,Total,_T,Fuerteventura,41814.0
2021-M05,05/2021,Turista,Total,_T,Gran Canaria,69204.0
2021-M05,05/2021,Turista,Total,_T,Tenerife,114290.0
2021-M05,05/2021,Turista,Total,_T,La Palma,7406.0
2021-M06,06/2021,Turista,Total,_T,Lanzarote,52728.0
2021-M06,06/2021,Turista,Total,_T,Fuerteventura,55411.0
2021-M06,06/2021,Turista,Total,_T,Gran Canaria,96406.0
2021-M06,06/2021,Turista,Total,_T,Tenerife,139012.0
2021-M06,06/2021,Turista,Total,_T,La Palma,10616.0
2021-M07,07/2021,Turista,Total,_T,Lanzarote,113436.0
2021-M07,07/2021,Turista,Total,_T,Fuerteventura,105881.0
2021-M07,07/2021,Turista,Total,_T,Gran Canaria,147568.0
2021-M07,07/2021,Turista,Total,_T,Tenerife,233597.0
2021-M07,07/2021,Turista,Total,_T,La Palma,16860.0
2021-M08,08/2021,Turista,Total,_T,Lanzarote,173983.0
2021-M08,08/2021,Turista,Total,_T,Fuerteventura,141027.0
2021-M08,08/2021,Turista,Total,_T,Gran Canaria,193905.0
2021-M08,08/2021,Turista,Total,_T,Tenerife,326667.0
2021-M08,08/2021,Turista,Total,_T,La Palma,22839.0
2021-M09,09/2021,Turista,Total,_T,Lanzarote,151983.0
2021-M09,09/2021,Turista,Total,_T,Fuerteventura,118375.0
2021-M09,09/2021,Turista,Total,_T,Gran Canaria,195034.0
2021-M09,09/2021,Turista,Total,_T,Tenerife,323760.0
2021-M09,09/2021,Turista,Total,_T,La Palma,18405.0
2021-M10,10/2021,Turista,Total,_T,Lanzarote,215646.0
2021-M10,10/2021,Turista,Total,_T,Fuerteventura,169817.0
2021-M10,10/2021,Turista,Total,_T,Gran Canaria,292968.0
2021-M10,10/2021,Turista,Total,_T,Tenerife,457826.0
2021-M10,10/2021,Turista,Total,_T,La Palma,15004.0
2021-M11,11/2021,Turista,Total,_T,Lanzarote,205010.0
2021-M11,11/2021,Turista,Total,_T,Fuerteventura,158663.0
2021-M11,11/2021,Turista,Total,_T,Gran Canaria,304600.0
2021-M11,11/2021,Turista,Total,_T,Tenerife,476682.0
2021-M11,11/2021,Turista,Total,_T,La Palma,21060.0
2021-M12,12/2021,Turista,Total,_T,Lanzarote,169823.0
2021-M12,12/2021,Turista,Total,_T,Fuerteventura,141590.0
2021-M12,12/2021,Turista,Total,_T,Gran Canaria,316527.0
2021-M12,12/2021,Turista,Total,_T,Tenerife,415641.0
2021-M12,12/2021,Turista,Total,_T,La Palma,18737.0
2022-M01,01/2022,Turista,Total,_T,Lanzarote,135642.0
2022-M01,01/2022,Turista,Total,_T,Fuerteventura,100111.0
2022-M01,01/2022,Turista,Total,_T,Gran Canaria,256728.0
2022-M01,01/2022,Turista,Total,_T,Tenerife,380884.0
2022-M01,01/2022,Turista,Total,_T,La Palma,14066.0
2022-M02,02/2022,Turista,Total,_T,Lanzarote,203781.0
2022-M02,02/2022,Turista,Total,_T,Fuerteventura,155768.0
2022-M02,02/2022,Turista,Total,_T,Gran Canaria,294431.0
2022-M02,02/2022,Turista,Total,_T,Tenerife,472638.0
2022-M02,02/2022,Turista,Total,_T,La Palma,18160.0
2022-M03,03/2022,Turista,Total,_T,Lanzarote,234486.0
2022-M03,03/2022,Turista,Total,_T,Fuerteventura,172538.0
2022-M03,03/2022,Turista,Total,_T,Gran Canaria,325288.0
2022-M03,03/2022,Turista,Total,_T,Tenerife,549699.0
2022-M03,03/2022,Turista,Total,_T,La Palma,20225.0
2022-M04,04/2022,Turista,Total,_T,Lanzarote,240350.0
2022-M04,04/2022,Turista,Total,_T,Fuerteventura,181665.0
2022-M04,04/2022,Turista,Total,_T,Gran Canaria,356410.0
2022-M04,04/2022,Turista,Total,_T,Tenerife,522681.0
2022-M04,04/2022,Turista,Total,_T,La Palma,27088.0
2022-M05,05/2022,Turista,Total,_T,Lanzarote,221255.0
2022-M05,05/2022,Turista,Total,_T,Fuerteventura,155214.0
2022-M05,05/2022,Turista,Total,_T,Gran Canaria,259935.0
2022-M05,05/2022,Turista,Total,_T,Tenerife,431473.0
2022-M05,05/2022,Turista,Total,_T,La Palma,15701.0
2022-M06,06/2022,Turista,Total,_T,Lanzarote,230602.0
2022-M06,06/2022,Turista,Total,_T,Fuerteventura,168721.0
2022-M06,06/2022,Turista,Total,_T,Gran Canaria,265785.0
2022-M06,06/2022,Turista,Total,_T,Tenerife,438558.0
2022-M06,06/2022,Turista,Total,_T,La Palma,12776.0
2022-M07,07/2022,Turista,Total,_T,Lanzarote,266002.0
2022-M07,07/2022,Turista,Total,_T,Fuerteventura,202924.0
2022-M07,07/2022,Turista,Total,_T,Gran Canaria,315843.0
2022-M07,07/2022,Turista,Total,_T,Tenerife,499610.0
2022-M07,07/2022,Turista,Total,_T,La Palma,16092.0
2022-M08,08/2022,Turista,Total,_T,Lanzarote,278200.0
2022-M08,08/2022,Turista,Total,_T,Fuerteventura,207169.0
2022-M08,08/2022,Turista,Total,_T,Gran Canaria,332139.0
2022-M08,08/2022,Turista,Total,_T,Tenerife,515419.0
2022-M08,08/2022,Turista,Total,_T,La Palma,19732.0
2022-M09,09/2022,Turista,Total,_T,Lanzarote,231983.0
2022-M09,09/2022,Turista,Total,_T,Fuerteventura,179559.0
2022-M09,09/2022,Turista,Total,_T,Gran Canaria,275539.0
2022-M09,09/2022,Turista,Total,_T,Tenerife,453353.0
2022-M09,09/2022,Turista,Total,_T,La Palma,15808.0
2022-M10,10/2022,Turista,Total,_T,Lanzarote,272094.0
2022-M10,10/2022,Turista,Total,_T,Fuerteventura,209202.0
2022-M10,10/2022,Turista,Total,_T,Gran Canaria,375614.0
2022-M10,10/2022,Turista,Total,_T,Tenerife,527238.0
2022-M10,10/2022,Turista,Total,_T,La Palma,15470.0
2022-M11,11/2022,Turista,Total,_T,Lanzarote,238077.0
2022-M11,11/2022,Turista,Total,_T,Fuerteventura,194729.0
2022-M11,11/2022,Turista,Total,_T,Gran Canaria,388852.0
2022-M11,11/2022,Turista,Total,_T,Tenerife,575105.0
2022-M11,11/2022,Turista,Total,_T,La Palma,26763.0
2022-M12,12/2022,Turista,Total,_T,Lanzarote,263759.0
2022-M12,12/2022,Turista,Total,_T,Fuerteventura,210152.0
2022-M12,12/2022,Turista,Total,_T,Gran Canaria,421484.0
2022-M12,12/2022,Turista,Total,_T,Tenerife,584798.0
2022-M12,12/2022,Turista,Total,_T,La Palma,22470.0
2023-M01,01/2023,Turista,Total,_T,Lanzarote,242354.0
2023-M01,01/2023,Turista,Total,_T,Fuerteventura,179527.0
2023-M01,01/2023,Turista,Total,_T,Gran Canaria,409144.0
2023-M01,01/2023,Turista,Total,_T,Tenerife,562537.0
2023-M01,01/2023,Turista,Total,_T,La Palma,23245.0
2023-M02,02/2023,Turista,Total,_T,Lanzarote,262225.0
2023-M02,02/2023,Turista,Total,_T,Fuerteventura,202585.0
2023-M02,02/2023,Turista,Total,_T,Gran Canaria,397277.0
2023-M02,02/2023,Turista,Total,_T,Tenerife,563027.0
2023-M02,02/2023,Turista,Total,_T,La Palma,26919.0
2023-M03,03/2023,Turista,Total,_T,Lanzarote,275748.0
2023-M03,03/2023,Turista,Total,_T,Fuerteventura,215571.0
2023-M03,03/2023,Turista,Total,_T,Gran Canaria,403014.0
2023-M03,03/2023,Turista,Total,_T,Tenerife,593981.0
2023-M03,03/2023,Turista,Total,_T,La Palma,19953.0
2023-M04,04/2023,Turista,Total,_T,Lanzarote,266919.0
2023-M04,04/2023,Turista,Total,_T,Fuerteventura,204967.0
2023-M04,04/2023,Turista,Total,_T,Gran Canaria,354131.0
2023-M04,04/2023,Turista,Total,_T,Tenerife,555233.0
2023-M04,04/2023,Turista,Total,_T,La Palma,16282.0
2023-M05,05/2023,Turista,Total,_T,Lanzarote,238368.0
2023-M05,05/2023,Turista,Total,_T,Fuerteventura,167549.0
2023-M05,05/2023,Turista,Total,_T,Gran Canaria,271622.0
2023-M05,05/2023,Turista,Total,_T,Tenerife,464767.0
2023-M05,05/2023,Turista,Total,_T,La Palma,11083.0
2023-M06,06/2023,Turista,Total,_T,Lanzarote,241359.0
2023-M06,06/2023,Turista,Total,_T,Fuerteventura,173760.0
2023-M06,06/2023,Turista,Total,_T,Gran Canaria,270269.0
2023-M06,06/2023,Turista,Total,_T,Tenerife,472751.0
2023-M06,06/2023,Turista,Total,_T,La Palma,10434.0
2023-M07,07/2023,Turista,Total,_T,Lanzarote,275470.0
2023-M07,07/2023,Turista,Total,_T,Fuerteventura,197670.0
2023-M07,07/2023,Turista,Total,_T,Gran Canaria,327022.0
2023-M07,07/2023,Turista,Total,_T,Tenerife,522761.0
2023-M07,07/2023,Turista,Total,_T,La Palma,14012.0
2023-M08,08/2023,Turista,Total,_T,Lanzarote,275252.0
2023-M08,08/2023,Turista,Total,_T,Fuerteventura,197593.0
2023-M08,08/2023,Turista,Total,_T,Gran Canaria,326111.0
2023-M08,08/2023,Turista,Total,_T,Tenerife,535822.0
2023-M08,08/2023,Turista,Total,_T,La Palma,15189.0
2023-M09,09/2023,Turista,Total,_T,Lanzarote,244990.0
2023-M09,09/2023,Turista,Total,_T,Fuerteventura,186219.0
2023-M09,09/2023,Turista,Total,_T,Gran Canaria,299487.0
2023-M09,09/2023,Turista,Total,_T,Tenerife,490822.0
2023-M09,09/2023,Turista,Total,_T,La Palma,14202.0
2023-M10,10/2023,Turista,Total,_T,Lanzarote,277737.0
2023-M10,10/2023,Turista,Total,_T,Fuerteventura,208068.0
2023-M10,10/2023,Turista,Total,_T,Gran Canaria,392527.0
2023-M10,10/2023,Turista,Total,_T,Tenerife,569996.0
2023-M10,10/2023,Turista,Total,_T,La Palma,13583.0
2023-M11,11/2023,Turista,Total,_T,Lanzarote,277861.0
2023-M11,11/2023,Turista,Total,_T,Fuerteventura,216177.0
2023-M11,11/2023,Turista,Total,_T,Gran Canaria,424973.0
2023-M11,11/2023,Turista,Total,_T,Tenerife,605064.0
2023-M11,11/2023,Turista,Total,_T,La Palma,30551.0
2023-M12,12/2023,Turista,Total,_T,Lanzarote,300753.0
2023-M12,12/2023,Turista,Total,_T,Fuerteventura,230895.0
2023-M12,12/2023,Turista,Total,_T,Gran Canaria,465099.0
2023-M12,12/2023,Turista,Total,_T,Tenerife,636062.0
2023-M12,12/2023,Turista,Total,_T,La Palma,37974.0
2024-M01,01/2024,Turista,Total,_T,Lanzarote,271931.0
2024-M01,01/2024,Turista,Total,_T,Fuerteventura,217439.0
2024-M01,01/2024,Turista,Total,_T,Gran Canaria,448376.0
2024-M01,01/2024,Turista,Total,_T,Tenerife,631173.0
2024-M01,01/2024,Turista,Total,_T,La Palma,33655.0
2024-M02,02/2024,Turista,Total,_T,Lanzarote,303640.0
2024-M02,02/2024,Turista,Total,_T,Fuerteventura,239970.0
2024-M02,02/2024,Turista,Total,_T,Gran Canaria,457306.0
2024-M02,02/2024,Turista,Total,_T,Tenerife,656925.0
2024-M02,02/2024,Turista,Total,_T,La Palma,23250.0
2024-M03,03/2024,Turista,Total,_T,Lanzarote,322453.0
2024-M03,03/2024,Turista,Total,_T,Fuerteventura,253455.0
2024-M03,03/2024,Turista,Total,_T,Gran Canaria,494149.0
2024-M03,03/2024,Turista,Total,_T,Tenerife,688942.0
2024-M03,03/2024,Turista,Total,_T,La Palma,25084.0
2024-M04,04/2024,Turista,Total,_T,Lanzarote,274798.0
2024-M04,04/2024,Turista,Total,_T,Fuerteventura,209505.0
2024-M04,04/2024,Turista,Total,_T,Gran Canaria,363550.0
2024-M04,04/2024,Turista,Total,_T,Tenerife,594315.0
2024-M04,04/2024,Turista,Total,_T,La Palma,18893.0
2024-M05,05/2024,Turista,Total,_T,Lanzarote,245917.0
2024-M05,05/2024,Turista,Total,_T,Fuerteventura,181349.0
2024-M05,05/2024,Turista,Total,_T,Gran Canaria,299418.0
2024-M05,05/2024,Turista,Total,_T,Tenerife,533631.0
2024-M05,05/2024,Turista,Total,_T,La Palma,13391.0
2024-M06,06/2024,Turista,Total,_T,Lanzarote,251568.0
2024-M06,06/2024,Turista,Total,_T,Fuerteventura,192900.0
2024-M06,06/2024,Turista,Total,_T,Gran Canaria,297226.0
2024-M06,06/2024,Turista,Total,_T,Tenerife,526294.0
2024-M06,06/2024,Turista,Total,_T,La Palma,13558.0
2024-M07,07/2024,Turista,Total,_T,Lanzarote,275363.0
2024-M07,07/2024,Turista,Total,_T,Fuerteventura,213001.0
2024-M07,07/2024,Turista,Total,_T,Gran Canaria,331394.0
2024-M07,07/2024,Turista,Total,_T,Tenerife,585538.0
2024-M07,07/2024,Turista,Total,_T,La Palma,15904.0
2024-M08,08/2024,Turista,Total,_T,Lanzarote,287292.0
2024-M08,08/2024,Turista,Total,_T,Fuerteventura,215258.0
2024-M08,08/2024,Turista,Total,_T,Gran Canaria,338980.0
2024-M08,08/2024,Turista,Total,_T,Tenerife,608617.0
2024-M08,08/2024,Turista,Total,_T,La Palma,15939.0
2024-M09,09/2024,Turista,Total,_T,Lanzarote,254351.0
2024-M09,09/2024,Turista,Total,_T,Fuerteventura,193716.0
2024-M09,09/2024,Turista,Total,_T,Gran Canaria,314423.0
2024-M09,09/2024,Turista,Total,_T,Tenerife,557010.0
2024-M09,09/2024,Turista,Total,_T,La Palma,11002.0
2024-M10,10/2024,Turista,Total,_T,Lanzarote,293269.0
2024-M10,10/2024,Turista,Total,_T,Fuerteventura,222085.0
2024-M10,10/2024,Turista,Total,_T,Gran Canaria,413453.0
2024-M10,10/2024,Turista,Total,_T,Tenerife,626619.0
2024-M10,10/2024,Turista,Total,_T,La Palma,12928.0
2024-M11,11/2024,Turista,Total,_T,Lanzarote,299502.0
2024-M11,11/2024,Turista,Total,_T,Fuerteventura,246154.0
2024-M11,11/2024,Turista,Total,_T,Gran Canaria,458963.0
2024-M11,11/2024,Turista,Total,_T,Tenerife,670045.0
2024-M11,11/2024,Turista,Total,_T,La Palma,27961.0
2024-M12,12/2024,Turista,Total,_T,Lanzarote,326827.0
2024-M12,12/2024,Turista,Total,_T,Fuerteventura,275431.0
2024-M12,12/2024,Turista,Total,_T,Gran Canaria,498966.0
2024-M12,12/2024,Turista,Total,_T,Tenerife,705598.0
2024-M12,12/2024,Turista,Total,_T,La Palma,39545.0
2025-M01,01/2025,Turista,Total,_T,Lanzarote,275232.0
2025-M01,01/2025,Turista,Total,_T,Fuerteventura,227207.0
2025-M01,01/2025,Turista,Total,_T,Gran Canaria,460303.0
2025-M01,01/2025,Turista,Total,_T,Tenerife,658300.0
2025-M01,01/2025,Turista,Total,_T,La Palma,28821.0
2025-M02,02/2025,Turista,Total,_T,Lanzarote,314382.0
2025-M02,02/2025,Turista,Total,_T,Fuerteventura,266290.0
2025-M02,02/2025,Turista,Total,_T,Gran Canaria,482351.0
2025-M02,02/2025,Turista,Total,_T,Tenerife,668939.0
2025-M02,02/2025,Turista,Total,_T,La Palma,34349.0
2025-M03,03/2025,Turista,Total,_T,Lanzarote,325730.0
2025-M03,03/2025,Turista,Total,_T,Fuerteventura,272548.0
2025-M03,03/2025,Turista,Total,_T,Gran Canaria,496898.0
2025-M03,03/2025,Turista,Total,_T,Tenerife,691516.0
2025-M03,03/2025,Turista,Total,_T,La Palma,33521.0
2025-M04,04/2025,Turista,Total,_T,Lanzarote,289911.0
2025-M04,04/2025,Turista,Total,_T,Fuerteventura,241710.0
2025-M04,04/2025,Turista,Total,_T,Gran Canaria,391411.0
2025-M04,04/2025,Turista,Total,_T,Tenerife,628371.0
2025-M04,04/2025,Turista,Total,_T,La Palma,21974.0
2025-M05,05/2025,Turista,Total,_T,Lanzarote,259671.0
2025-M05,05/2025,Turista,Total,_T,Fuerteventura,202244.0
2025-M05,05/2025,Turista,Total,_T,Gran Canaria,314081.0
2025-M05,05/2025,Turista,Total,_T,Tenerife,544078.0
2025-M05,05/2025,Turista,Total,_T,La Palma,16235.0
2025-M06,06/2025,Turista,Total,_T,Lanzarote,257221.0
2025-M06,06/2025,Turista,Total,_T,Fuerteventura,206213.0
2025-M06,06/2025,Turista,Total,_T,Gran Canaria,314737.0
2025-M06,06/2025,Turista,Total,_T,Tenerife,547139.0
2025-M06,06/2025,Turista,Total,_T,La Palma,12761.0
2025-M07,07/2025,Turista,Total,_T,Lanzarote,307714.0
2025-M07,07/2025,Turista,Total,_T,Fuerteventura,244169.0
2025-M07,07/2025,Turista,Total,_T,Gran Canaria,361876.0
2025-M07,07/2025,Turista,Total,_T,Tenerife,616517.0
2025-M07,07/2025,Turista,Total,_T,La Palma,16753.0
2020-M01,01/2020,Turista,Alemania,DE,Lanzarote,41469.0
2020-M01,01/2020,Turista,Alemania,DE,Fuerteventura,63675.0
2020-M01,01/2020,Turista,Alemania,DE,Gran Canaria,92114.0
2020-M01,01/2020,Turista,Alemania,DE,Tenerife,81631.0
2020-M01,01/2020,Turista,Alemania,DE,La Palma,20603.0
2020-M02,02/2020,Turista,Alemania,DE,Lanzarote,32156.0
2020-M02,02/2020,Turista,Alemania,DE,Fuerteventura,72951.0
2020-M02,02/2020,Turista,Alemania,DE,Gran Canaria,81126.0
2020-M02,02/2020,Turista,Alemania,DE,Tenerife,84333.0
2020-M02,02/2020,Turista,Alemania,DE,La Palma,16866.0
2020-M03,03/2020,Turista,Alemania,DE,Lanzarote,18324.0
2020-M03,03/2020,Turista,Alemania,DE,Fuerteventura,29406.0
2020-M03,03/2020,Turista,Alemania,DE,Gran Canaria,29114.0
2020-M03,03/2020,Turista,Alemania,DE,Tenerife,36164.0
2020-M03,03/2020,Turista,Alemania,DE,La Palma,4825.0
2020-M04,04/2020,Turista,Alemania,DE,Lanzarote,
2020-M04,04/2020,Turista,Alemania,DE,Fuerteventura,
2020-M04,04/2020,Turista,Alemania,DE,Gran Canaria,
2020-M04,04/2020,Turista,Alemania,DE,Tenerife,
2020-M04,04/2020,Turista,Alemania,DE,La Palma,
2020-M05,05/2020,Turista,Alemania,DE,Lanzarote,
2020-M05,05/2020,Turista,Alemania,DE,Fuerteventura,
2020-M05,05/2020,Turista,Alemania,DE,Gran Canaria,
2020-M05,05/2020,Turista,Alemania,DE,Tenerife,
2020-M05,05/2020,Turista,Alemania,DE,La Palma,
2020-M06,06/2020,Turista,Alemania,DE,Lanzarote,54.0
2020-M06,06/2020,Turista,Alemania,DE,Fuerteventura,23.0
2020-M06,06/2020,Turista,Alemania,DE,Gran Canaria,425.0
2020-M06,06/2020,Turista,Alemania,DE,Tenerife,616.0
2020-M06,06/2020,Turista,Alemania,DE,La Palma,
2020-M07,07/2020,Turista,Alemania,DE,Lanzarote,8531.0
2020-M07,07/2020,Turista,Alemania,DE,Fuerteventura,26507.0
2020-M07,07/2020,Turista,Alemania,DE,Gran Canaria,16578.0
2020-M07,07/2020,Turista,Alemania,DE,Tenerife,17551.0
2020-M07,07/2020,Turista,Alemania,DE,La Palma,1895.0
2020-M08,08/2020,Turista,Alemania,DE,Lanzarote,7073.0
2020-M08,08/2020,Turista,Alemania,DE,Fuerteventura,32157.0
2020-M08,08/2020,Turista,Alemania,DE,Gran Canaria,19146.0
2020-M08,08/2020,Turista,Alemania,DE,Tenerife,16092.0
2020-M08,08/2020,Turista,Alemania,DE,La Palma,1374.0
2020-M09,09/2020,Turista,Alemania,DE,Lanzarote,1129.0
2020-M09,09/2020,Turista,Alemania,DE,Fuerteventura,3576.0
2020-M09,09/2020,Turista,Alemania,DE,Gran Canaria,2787.0
2020-M09,09/2020,Turista,Alemania,DE,Tenerife,3192.0
2020-M09,09/2020,Turista,Alemania,DE,La Palma,1063.0
2020-M10,10/2020,Turista,Alemania,DE,Lanzarote,1676.0
2020-M10,10/2020,Turista,Alemania,DE,Fuerteventura,3710.0
2020-M10,10/2020,Turista,Alemania,DE,Gran Canaria,4409.0
2020-M10,10/2020,Turista,Alemania,DE,Tenerife,5477.0
2020-M10,10/2020,Turista,Alemania,DE,La Palma,851.0
2020-M11,11/2020,Turista,Alemania,DE,Lanzarote,8320.0
2020-M11,11/2020,Turista,Alemania,DE,Fuerteventura,19728.0
2020-M11,11/2020,Turista,Alemania,DE,Gran Canaria,21718.0
2020-M11,11/2020,Turista,Alemania,DE,Tenerife,18593.0
2020-M11,11/2020,Turista,Alemania,DE,La Palma,4179.0
2020-M12,12/2020,Turista,Alemania,DE,Lanzarote,7137.0
2020-M12,12/2020,Turista,Alemania,DE,Fuerteventura,20839.0
2020-M12,12/2020,Turista,Alemania,DE,Gran Canaria,25224.0
2020-M12,12/2020,Turista,Alemania,DE,Tenerife,19169.0
2020-M12,12/2020,Turista,Alemania,DE,La Palma,6835.0
2021-M01,01/2021,Turista,Alemania,DE,Lanzarote,6288.0
2021-M01,01/2021,Turista,Alemania,DE,Fuerteventura,11333.0
2021-M01,01/2021,Turista,Alemania,DE,Gran Canaria,11849.0
2021-M01,01/2021,Turista,Alemania,DE,Tenerife,11915.0
2021-M01,01/2021,Turista,Alemania,DE,La Palma,5810.0
2021-M02,02/2021,Turista,Alemania,DE,Lanzarote,3200.0
2021-M02,02/2021,Turista,Alemania,DE,Fuerteventura,7231.0
2021-M02,02/2021,Turista,Alemania,DE,Gran Canaria,7692.0
2021-M02,02/2021,Turista,Alemania,DE,Tenerife,9921.0
2021-M02,02/2021,Turista,Alemania,DE,La Palma,3858.0
2021-M03,03/2021,Turista,Alemania,DE,Lanzarote,5966.0
2021-M03,03/2021,Turista,Alemania,DE,Fuerteventura,13599.0
2021-M03,03/2021,Turista,Alemania,DE,Gran Canaria,14546.0
2021-M03,03/2021,Turista,Alemania,DE,Tenerife,17156.0
2021-M03,03/2021,Turista,Alemania,DE,La Palma,5043.0
2021-M04,04/2021,Turista,Alemania,DE,Lanzarote,6088.0
2021-M04,04/2021,Turista,Alemania,DE,Fuerteventura,12074.0
2021-M04,04/2021,Turista,Alemania,DE,Gran Canaria,16183.0
2021-M04,04/2021,Turista,Alemania,DE,Tenerife,15352.0
2021-M04,04/2021,Turista,Alemania,DE,La Palma,5278.0
2021-M05,05/2021,Turista,Alemania,DE,Lanzarote,8120.0
2021-M05,05/2021,Turista,Alemania,DE,Fuerteventura,16420.0
2021-M05,05/2021,Turista,Alemania,DE,Gran Canaria,20263.0
2021-M05,05/2021,Turista,Alemania,DE,Tenerife,19801.0
2021-M05,05/2021,Turista,Alemania,DE,La Palma,3447.0
2021-M06,06/2021,Turista,Alemania,DE,Lanzarote,7709.0
2021-M06,06/2021,Turista,Alemania,DE,Fuerteventura,22739.0
2021-M06,06/2021,Turista,Alemania,DE,Gran Canaria,22314.0
2021-M06,06/2021,Turista,Alemania,DE,Tenerife,20181.0
2021-M06,06/2021,Turista,Alemania,DE,La Palma,2257.0
2021-M07,07/2021,Turista,Alemania,DE,Lanzarote,12170.0
2021-M07,07/2021,Turista,Alemania,DE,Fuerteventura,42765.0
2021-M07,07/2021,Turista,Alemania,DE,Gran Canaria,33756.0
2021-M07,07/2021,Turista,Alemania,DE,Tenerife,27686.0
2021-M07,07/2021,Turista,Alemania,DE,La Palma,2986.0
2021-M08,08/2021,Turista,Alemania,DE,Lanzarote,11057.0
2021-M08,08/2021,Turista,Alemania,DE,Fuerteventura,39706.0
2021-M08,08/2021,Turista,Alemania,DE,Gran Canaria,28468.0
2021-M08,08/2021,Turista,Alemania,DE,Tenerife,32339.0
2021-M08,08/2021,Turista,Alemania,DE,La Palma,3299.0
2021-M09,09/2021,Turista,Alemania,DE,Lanzarote,13165.0
2021-M09,09/2021,Turista,Alemania,DE,Fuerteventura,44685.0
2021-M09,09/2021,Turista,Alemania,DE,Gran Canaria,38616.0
2021-M09,09/2021,Turista,Alemania,DE,Tenerife,39381.0
2021-M09,09/2021,Turista,Alemania,DE,La Palma,2870.0
2021-M10,10/2021,Turista,Alemania,DE,Lanzarote,26009.0
2021-M10,10/2021,Turista,Alemania,DE,Fuerteventura,68558.0
2021-M10,10/2021,Turista,Alemania,DE,Gran Canaria,65072.0
2021-M10,10/2021,Turista,Alemania,DE,Tenerife,56587.0
2021-M10,10/2021,Turista,Alemania,DE,La Palma,2233.0
2021-M11,11/2021,Turista,Alemania,DE,Lanzarote,34169.0
2021-M11,11/2021,Turista,Alemania,DE,Fuerteventura,68198.0
2021-M11,11/2021,Turista,Alemania,DE,Gran Canaria,74613.0
2021-M11,11/2021,Turista,Alemania,DE,Tenerife,74599.0
2021-M11,11/2021,Turista,Alemania,DE,La Palma,3580.0
2021-M12,12/2021,Turista,Alemania,DE,Lanzarote,29537.0
2021-M12,12/2021,Turista,Alemania,DE,Fuerteventura,58307.0
2021-M12,12/2021,Turista,Alemania,DE,Gran Canaria,74094.0
2021-M12,12/2021,Turista,Alemania,DE,Tenerife,68414.0
2021-M12,12/2021,Turista,Alemania,DE,La Palma,4027.0
2022-M01,01/2022,Turista,Alemania,DE,Lanzarote,16691.0
2022-M01,01/2022,Turista,Alemania,DE,Fuerteventura,34586.0
2022-M01,01/2022,Turista,Alemania,DE,Gran Canaria,47997.0
2022-M01,01/2022,Turista,Alemania,DE,Tenerife,51945.0
2022-M01,01/2022,Turista,Alemania,DE,La Palma,6657.0
2022-M02,02/2022,Turista,Alemania,DE,Lanzarote,27569.0
2022-M02,02/2022,Turista,Alemania,DE,Fuerteventura,52048.0
2022-M02,02/2022,Turista,Alemania,DE,Gran Canaria,57292.0
2022-M02,02/2022,Turista,Alemania,DE,Tenerife,60227.0
2022-M02,02/2022,Turista,Alemania,DE,La Palma,11156.0
2022-M03,03/2022,Turista,Alemania,DE,Lanzarote,32637.0
2022-M03,03/2022,Turista,Alemania,DE,Fuerteventura,66620.0
2022-M03,03/2022,Turista,Alemania,DE,Gran Canaria,71279.0
2022-M03,03/2022,Turista,Alemania,DE,Tenerife,78859.0
2022-M03,03/2022,Turista,Alemania,DE,La Palma,10469.0
2022-M04,04/2022,Turista,Alemania,DE,Lanzarote,23335.0
2022-M04,04/2022,Turista,Alemania,DE,Fuerteventura,64270.0
2022-M04,04/2022,Turista,Alemania,DE,Gran Canaria,75348.0
2022-M04,04/2022,Turista,Alemania,DE,Tenerife,62780.0
2022-M04,04/2022,Turista,Alemania,DE,La Palma,10986.0
2022-M05,05/2022,Turista,Alemania,DE,Lanzarote,15746.0
2022-M05,05/2022,Turista,Alemania,DE,Fuerteventura,48344.0
2022-M05,05/2022,Turista,Alemania,DE,Gran Canaria,44536.0
2022-M05,05/2022,Turista,Alemania,DE,Tenerife,38082.0
2022-M05,05/2022,Turista,Alemania,DE,La Palma,2683.0
2022-M06,06/2022,Turista,Alemania,DE,Lanzarote,15972.0
2022-M06,06/2022,Turista,Alemania,DE,Fuerteventura,55679.0
2022-M06,06/2022,Turista,Alemania,DE,Gran Canaria,46973.0
2022-M06,06/2022,Turista,Alemania,DE,Tenerife,35541.0
2022-M06,06/2022,Turista,Alemania,DE,La Palma,2864.0
2022-M07,07/2022,Turista,Alemania,DE,Lanzarote,17320.0
2022-M07,07/2022,Turista,Alemania,DE,Fuerteventura,62919.0
2022-M07,07/2022,Turista,Alemania,DE,Gran Canaria,50689.0
2022-M07,07/2022,Turista,Alemania,DE,Tenerife,38667.0
2022-M07,07/2022,Turista,Alemania,DE,La Palma,2719.0
2022-M08,08/2022,Turista,Alemania,DE,Lanzarote,17117.0
2022-M08,08/2022,Turista,Alemania,DE,Fuerteventura,60937.0
2022-M08,08/2022,Turista,Alemania,DE,Gran Canaria,49821.0
2022-M08,08/2022,Turista,Alemania,DE,Tenerife,40238.0
2022-M08,08/2022,Turista,Alemania,DE,La Palma,2900.0
2022-M09,09/2022,Turista,Alemania,DE,Lanzarote,14558.0
2022-M09,09/2022,Turista,Alemania,DE,Fuerteventura,57889.0
2022-M09,09/2022,Turista,Alemania,DE,Gran Canaria,49765.0
2022-M09,09/2022,Turista,Alemania,DE,Tenerife,40672.0
2022-M09,09/2022,Turista,Alemania,DE,La Palma,3168.0
2022-M10,10/2022,Turista,Alemania,DE,Lanzarote,21531.0
2022-M10,10/2022,Turista,Alemania,DE,Fuerteventura,72022.0
2022-M10,10/2022,Turista,Alemania,DE,Gran Canaria,63490.0
2022-M10,10/2022,Turista,Alemania,DE,Tenerife,50209.0
2022-M10,10/2022,Turista,Alemania,DE,La Palma,3345.0
2022-M11,11/2022,Turista,Alemania,DE,Lanzarote,31083.0
2022-M11,11/2022,Turista,Alemania,DE,Fuerteventura,69491.0
2022-M11,11/2022,Turista,Alemania,DE,Gran Canaria,79743.0
2022-M11,11/2022,Turista,Alemania,DE,Tenerife,86667.0
2022-M11,11/2022,Turista,Alemania,DE,La Palma,15732.0
2022-M12,12/2022,Turista,Alemania,DE,Lanzarote,30356.0
2022-M12,12/2022,Turista,Alemania,DE,Fuerteventura,70976.0
2022-M12,12/2022,Turista,Alemania,DE,Gran Canaria,84026.0
2022-M12,12/2022,Turista,Alemania,DE,Tenerife,82431.0
2022-M12,12/2022,Turista,Alemania,DE,La Palma,11104.0
2023-M01,01/2023,Turista,Alemania,DE,Lanzarote,28749.0
2023-M01,01/2023,Turista,Alemania,DE,Fuerteventura,57899.0
2023-M01,01/2023,Turista,Alemania,DE,Gran Canaria,82622.0
2023-M01,01/2023,Turista,Alemania,DE,Tenerife,72180.0
2023-M01,01/2023,Turista,Alemania,DE,La Palma,11241.0
2023-M02,02/2023,Turista,Alemania,DE,Lanzarote,37071.0
2023-M02,02/2023,Turista,Alemania,DE,Fuerteventura,64945.0
2023-M02,02/2023,Turista,Alemania,DE,Gran Canaria,81919.0
2023-M02,02/2023,Turista,Alemania,DE,Tenerife,80300.0
2023-M02,02/2023,Turista,Alemania,DE,La Palma,15264.0
2023-M03,03/2023,Turista,Alemania,DE,Lanzarote,34370.0
2023-M03,03/2023,Turista,Alemania,DE,Fuerteventura,73139.0
2023-M03,03/2023,Turista,Alemania,DE,Gran Canaria,83025.0
2023-M03,03/2023,Turista,Alemania,DE,Tenerife,88466.0
2023-M03,03/2023,Turista,Alemania,DE,La Palma,7621.0
2023-M04,04/2023,Turista,Alemania,DE,Lanzarote,31448.0
2023-M04,04/2023,Turista,Alemania,DE,Fuerteventura,75117.0
2023-M04,04/2023,Turista,Alemania,DE,Gran Canaria,78670.0
2023-M04,04/2023,Turista,Alemania,DE,Tenerife,72893.0
2023-M04,04/2023,Turista,Alemania,DE,La Palma,4327.0
2023-M05,05/2023,Turista,Alemania,DE,Lanzarote,14999.0
2023-M05,05/2023,Turista,Alemania,DE,Fuerteventura,52590.0
2023-M05,05/2023,Turista,Alemania,DE,Gran Canaria,46613.0
2023-M05,05/2023,Turista,Alemania,DE,Tenerife,42597.0
2023-M05,05/2023,Turista,Alemania,DE,La Palma,2472.0
2023-M06,06/2023,Turista,Alemania,DE,Lanzarote,15775.0
2023-M06,06/2023,Turista,Alemania,DE,Fuerteventura,52959.0
2023-M06,06/2023,Turista,Alemania,DE,Gran Canaria,44581.0
2023-M06,06/2023,Turista,Alemania,DE,Tenerife,42507.0
2023-M06,06/2023,Turista,Alemania,DE,La Palma,1583.0
2023-M07,07/2023,Turista,Alemania,DE,Lanzarote,15011.0
2023-M07,07/2023,Turista,Alemania,DE,Fuerteventura,55142.0
2023-M07,07/2023,Turista,Alemania,DE,Gran Canaria,47470.0
2023-M07,07/2023,Turista,Alemania,DE,Tenerife,41429.0
2023-M07,07/2023,Turista,Alemania,DE,La Palma,2385.0
2023-M08,08/2023,Turista,Alemania,DE,Lanzarote,13890.0
2023-M08,08/2023,Turista,Alemania,DE,Fuerteventura,52100.0
2023-M08,08/2023,Turista,Alemania,DE,Gran Canaria,50259.0
2023-M08,08/2023,Turista,Alemania,DE,Tenerife,43432.0
2023-M08,08/2023,Turista,Alemania,DE,La Palma,2802.0
2023-M09,09/2023,Turista,Alemania,DE,Lanzarote,16656.0
2023-M09,09/2023,Turista,Alemania,DE,Fuerteventura,60236.0
2023-M09,09/2023,Turista,Alemania,DE,Gran Canaria,53758.0
2023-M09,09/2023,Turista,Alemania,DE,Tenerife,45915.0
2023-M09,09/2023,Turista,Alemania,DE,La Palma,2406.0
2023-M10,10/2023,Turista,Alemania,DE,Lanzarote,24145.0
2023-M10,10/2023,Turista,Alemania,DE,Fuerteventura,68662.0
2023-M10,10/2023,Turista,Alemania,DE,Gran Canaria,75406.0
2023-M10,10/2023,Turista,Alemania,DE,Tenerife,56734.0
2023-M10,10/2023,Turista,Alemania,DE,La Palma,4298.0
2023-M11,11/2023,Turista,Alemania,DE,Lanzarote,39019.0
2023-M11,11/2023,Turista,Alemania,DE,Fuerteventura,71870.0
2023-M11,11/2023,Turista,Alemania,DE,Gran Canaria,78934.0
2023-M11,11/2023,Turista,Alemania,DE,Tenerife,92291.0
2023-M11,11/2023,Turista,Alemania,DE,La Palma,11596.0
2023-M12,12/2023,Turista,Alemania,DE,Lanzarote,34075.0
2023-M12,12/2023,Turista,Alemania,DE,Fuerteventura,75198.0
2023-M12,12/2023,Turista,Alemania,DE,Gran Canaria,96403.0
2023-M12,12/2023,Turista,Alemania,DE,Tenerife,94800.0
2023-M12,12/2023,Turista,Alemania,DE,La Palma,12231.0
2024-M01,01/2024,Turista,Alemania,DE,Lanzarote,35893.0
2024-M01,01/2024,Turista,Alemania,DE,Fuerteventura,66659.0
2024-M01,01/2024,Turista,Alemania,DE,Gran Canaria,85438.0
2024-M01,01/2024,Turista,Alemania,DE,Tenerife,93805.0
2024-M01,01/2024,Turista,Alemania,DE,La Palma,13432.0
2024-M02,02/2024,Turista,Alemania,DE,Lanzarote,44215.0
2024-M02,02/2024,Turista,Alemania,DE,Fuerteventura,79714.0
2024-M02,02/2024,Turista,Alemania,DE,Gran Canaria,84456.0
2024-M02,02/2024,Turista,Alemania,DE,Tenerife,96344.0
2024-M02,02/2024,Turista,Alemania,DE,La Palma,11452.0
2024-M03,03/2024,Turista,Alemania,DE,Lanzarote,45401.0
2024-M03,03/2024,Turista,Alemania,DE,Fuerteventura,93130.0
2024-M03,03/2024,Turista,Alemania,DE,Gran Canaria,113085.0
2024-M03,03/2024,Turista,Alemania,DE,Tenerife,102331.0
2024-M03,03/2024,Turista,Alemania,DE,La Palma,12976.0
2024-M04,04/2024,Turista,Alemania,DE,Lanzarote,34680.0
2024-M04,04/2024,Turista,Alemania,DE,Fuerteventura,76199.0
2024-M04,04/2024,Turista,Alemania,DE,Gran Canaria,85806.0
2024-M04,04/2024,Turista,Alemania,DE,Tenerife,86586.0
2024-M04,04/2024,Turista,Alemania,DE,La Palma,5909.0
2024-M05,05/2024,Turista,Alemania,DE,Lanzarote,14787.0
2024-M05,05/2024,Turista,Alemania,DE,Fuerteventura,50127.0
2024-M05,05/2024,Turista,Alemania,DE,Gran Canaria,44328.0
2024-M05,05/2024,Turista,Alemania,DE,Tenerife,47120.0
2024-M05,05/2024,Turista,Alemania,DE,La Palma,3184.0
2024-M06,06/2024,Turista,Alemania,DE,Lanzarote,13263.0
2024-M06,06/2024,Turista,Alemania,DE,Fuerteventura,53590.0
2024-M06,06/2024,Turista,Alemania,DE,Gran Canaria,43518.0
2024-M06,06/2024,Turista,Alemania,DE,Tenerife,40943.0
2024-M06,06/2024,Turista,Alemania,DE,La Palma,2745.0
2024-M07,07/2024,Turista,Alemania,DE,Lanzarote,13283.0
2024-M07,07/2024,Turista,Alemania,DE,Fuerteventura,56391.0
2024-M07,07/2024,Turista,Alemania,DE,Gran Canaria,46309.0
2024-M07,07/2024,Turista,Alemania,DE,Tenerife,43746.0
2024-M07,07/2024,Turista,Alemania,DE,La Palma,3063.0
2024-M08,08/2024,Turista,Alemania,DE,Lanzarote,13856.0
2024-M08,08/2024,Turista,Alemania,DE,Fuerteventura,62052.0
2024-M08,08/2024,Turista,Alemania,DE,Gran Canaria,47051.0
2024-M08,08/2024,Turista,Alemania,DE,Tenerife,47690.0
2024-M08,08/2024,Turista,Alemania,DE,La Palma,3022.0
2024-M09,09/2024,Turista,Alemania,DE,Lanzarote,15631.0
2024-M09,09/2024,Turista,Alemania,DE,Fuerteventura,61212.0
2024-M09,09/2024,Turista,Alemania,DE,Gran Canaria,53577.0
2024-M09,09/2024,Turista,Alemania,DE,Tenerife,48198.0
2024-M09,09/2024,Turista,Alemania,DE,La Palma,2354.0
2024-M10,10/2024,Turista,Alemania,DE,Lanzarote,24661.0
2024-M10,10/2024,Turista,Alemania,DE,Fuerteventura,73332.0
2024-M10,10/2024,Turista,Alemania,DE,Gran Canaria,73393.0
2024-M10,10/2024,Turista,Alemania,DE,Tenerife,65935.0
2024-M10,10/2024,Turista,Alemania,DE,La Palma,5184.0
2024-M11,11/2024,Turista,Alemania,DE,Lanzarote,41164.0
2024-M11,11/2024,Turista,Alemania,DE,Fuerteventura,86405.0
2024-M11,11/2024,Turista,Alemania,DE,Gran Canaria,106974.0
2024-M11,11/2024,Turista,Alemania,DE,Tenerife,107408.0
2024-M11,11/2024,Turista,Alemania,DE,La Palma,11802.0
2024-M12,12/2024,Turista,Alemania,DE,Lanzarote,52616.0
2024-M12,12/2024,Turista,Alemania,DE,Fuerteventura,101225.0
2024-M12,12/2024,Turista,Alemania,DE,Gran Canaria,119088.0
2024-M12,12/2024,Turista,Alemania,DE,Tenerife,121339.0
2024-M12,12/2024,Turista,Alemania,DE,La Palma,15540.0
2025-M01,01/2025,Turista,Alemania,DE,Lanzarote,28778.0
2025-M01,01/2025,Turista,Alemania,DE,Fuerteventura,69957.0
2025-M01,01/2025,Turista,Alemania,DE,Gran Canaria,93724.0
2025-M01,01/2025,Turista,Alemania,DE,Tenerife,95173.0
2025-M01,01/2025,Turista,Alemania,DE,La Palma,14672.0
2025-M02,02/2025,Turista,Alemania,DE,Lanzarote,36438.0
2025-M02,02/2025,Turista,Alemania,DE,Fuerteventura,80145.0
2025-M02,02/2025,Turista,Alemania,DE,Gran Canaria,100034.0
2025-M02,02/2025,Turista,Alemania,DE,Tenerife,95560.0
2025-M02,02/2025,Turista,Alemania,DE,La Palma,14732.0
2025-M03,03/2025,Turista,Alemania,DE,Lanzarote,32805.0
2025-M03,03/2025,Turista,Alemania,DE,Fuerteventura,86294.0
2025-M03,03/2025,Turista,Alemania,DE,Gran Canaria,110872.0
2025-M03,03/2025,Turista,Alemania,DE,Tenerife,88438.0
2025-M03,03/2025,Turista,Alemania,DE,La Palma,15354.0
2025-M04,04/2025,Turista,Alemania,DE,Lanzarote,34748.0
2025-M04,04/2025,Turista,Alemania,DE,Fuerteventura,79219.0
2025-M04,04/2025,Turista,Alemania,DE,Gran Canaria,82009.0
2025-M04,04/2025,Turista,Alemania,DE,Tenerife,81629.0
2025-M04,04/2025,Turista,Alemania,DE,La Palma,9205.0
2025-M05,05/2025,Turista,Alemania,DE,Lanzarote,13310.0
2025-M05,05/2025,Turista,Alemania,DE,Fuerteventura,49161.0
2025-M05,05/2025,Turista,Alemania,DE,Gran Canaria,47551.0
2025-M05,05/2025,Turista,Alemania,DE,Tenerife,45240.0
2025-M05,05/2025,Turista,Alemania,DE,La Palma,3500.0
2025-M06,06/2025,Turista,Alemania,DE,Lanzarote,14282.0
2025-M06,06/2025,Turista,Alemania,DE,Fuerteventura,52627.0
2025-M06,06/2025,Turista,Alemania,DE,Gran Canaria,51640.0
2025-M06,06/2025,Turista,Alemania,DE,Tenerife,46044.0
2025-M06,06/2025,Turista,Alemania,DE,La Palma,2961.0
2025-M07,07/2025,Turista,Alemania,DE,Lanzarote,16156.0
2025-M07,07/2025,Turista,Alemania,DE,Fuerteventura,59725.0
2025-M07,07/2025,Turista,Alemania,DE,Gran Canaria,47352.0
2025-M07,07/2025,Turista,Alemania,DE,Tenerife,48075.0
2025-M07,07/2025,Turista,Alemania,DE,La Palma,2849.0
2020-M01,01/2020,Turista,Mundo (excluida España),5000_XES,Lanzarote,194252.0
2020-M01,01/2020,Turista,Mundo (excluida España),5000_XES,Fuerteventura,138174.0
2020-M01,01/2020,Turista,Mundo (excluida España),5000_XES,Gran Canaria,366401.0
2020-M01,01/2020,Turista,Mundo (excluida España),5000_XES,Tenerife,458860.0
2020-M01,01/2020,Turista,Mundo (excluida España),5000_XES,La Palma,33210.0
2020-M02,02/2020,Turista,Mundo (excluida España),5000_XES,Lanzarote,199693.0
2020-M02,02/2020,Turista,Mundo (excluida España),5000_XES,Fuerteventura,165527.0
2020-M02,02/2020,Turista,Mundo (excluida España),5000_XES,Gran Canaria,349693.0
2020-M02,02/2020,Turista,Mundo (excluida España),5000_XES,Tenerife,479020.0
2020-M02,02/2020,Turista,Mundo (excluida España),5000_XES,La Palma,28935.0
2020-M03,03/2020,Turista,Mundo (excluida España),5000_XES,Lanzarote,91441.0
2020-M03,03/2020,Turista,Mundo (excluida España),5000_XES,Fuerteventura,67404.0
2020-M03,03/2020,Turista,Mundo (excluida España),5000_XES,Gran Canaria,122150.0
2020-M03,03/2020,Turista,Mundo (excluida España),5000_XES,Tenerife,185003.0
2020-M03,03/2020,Turista,Mundo (excluida España),5000_XES,La Palma,9888.0
2020-M04,04/2020,Turista,Mundo (excluida España),5000_XES,Lanzarote,
2020-M04,04/2020,Turista,Mundo (excluida España),5000_XES,Fuerteventura,
2020-M04,04/2020,Turista,Mundo (excluida España),5000_XES,Gran Canaria,
2020-M04,04/2020,Turista,Mundo (excluida España),5000_XES,Tenerife,
2020-M04,04/2020,Turista,Mundo (excluida España),5000_XES,La Palma,
2020-M05,05/2020,Turista,Mundo (excluida España),5000_XES,Lanzarote,
2020-M05,05/2020,Turista,Mundo (excluida España),5000_XES,Fuerteventura,
2020-M05,05/2020,Turista,Mundo (excluida España),5000_XES,Gran Canaria,
2020-M05,05/2020,Turista,Mundo (excluida España),5000_XES,Tenerife,
2020-M05,05/2020,Turista,Mundo (excluida España),5000_XES,La Palma,
2020-M06,06/2020,Turista,Mundo (excluida España),5000_XES,Lanzarote,412.0
2020-M06,06/2020,Turista,Mundo (excluida España),5000_XES,Fuerteventura,186.0
2020-M06,06/2020,Turista,Mundo (excluida España),5000_XES,Gran Canaria,2192.0
2020-M06,06/2020,Turista,Mundo (excluida España),5000_XES,Tenerife,2879.0
2020-M06,06/2020,Turista,Mundo (excluida España),5000_XES,La Palma,7.0
2020-M07,07/2020,Turista,Mundo (excluida España),5000_XES,Lanzarote,41627.0
2020-M07,07/2020,Turista,Mundo (excluida España),5000_XES,Fuerteventura,44021.0
2020-M07,07/2020,Turista,Mundo (excluida España),5000_XES,Gran Canaria,45132.0
2020-M07,07/2020,Turista,Mundo (excluida España),5000_XES,Tenerife,87450.0
2020-M07,07/2020,Turista,Mundo (excluida España),5000_XES,La Palma,2703.0
2020-M08,08/2020,Turista,Mundo (excluida España),5000_XES,Lanzarote,37493.0
2020-M08,08/2020,Turista,Mundo (excluida España),5000_XES,Fuerteventura,54233.0
2020-M08,08/2020,Turista,Mundo (excluida España),5000_XES,Gran Canaria,56340.0
2020-M08,08/2020,Turista,Mundo (excluida España),5000_XES,Tenerife,89188.0
2020-M08,08/2020,Turista,Mundo (excluida España),5000_XES,La Palma,2530.0
2020-M09,09/2020,Turista,Mundo (excluida España),5000_XES,Lanzarote,14572.0
2020-M09,09/2020,Turista,Mundo (excluida España),5000_XES,Fuerteventura,13252.0
2020-M09,09/2020,Turista,Mundo (excluida España),5000_XES,Gran Canaria,15481.0
2020-M09,09/2020,Turista,Mundo (excluida España),5000_XES,Tenerife,47208.0
2020-M09,09/2020,Turista,Mundo (excluida España),5000_XES,La Palma,1858.0
2020-M10,10/2020,Turista,Mundo (excluida España),5000_XES,Lanzarote,26741.0
2020-M10,10/2020,Turista,Mundo (excluida España),5000_XES,Fuerteventura,18963.0
2020-M10,10/2020,Turista,Mundo (excluida España),5000_XES,Gran Canaria,23822.0
2020-M10,10/2020,Turista,Mundo (excluida España),5000_XES,Tenerife,65907.0
2020-M10,10/2020,Turista,Mundo (excluida España),5000_XES,La Palma,1710.0
2020-M11,11/2020,Turista,Mundo (excluida España),5000_XES,Lanzarote,24008.0
2020-M11,11/2020,Turista,Mundo (excluida España),5000_XES,Fuerteventura,28645.0
2020-M11,11/2020,Turista,Mundo (excluida España),5000_XES,Gran Canaria,47470.0
2020-M11,11/2020,Turista,Mundo (excluida España),5000_XES,Tenerife,71015.0
2020-M11,11/2020,Turista,Mundo (excluida España),5000_XES,La Palma,5258.0
2020-M12,12/2020,Turista,Mundo (excluida España),5000_XES,Lanzarote,31285.0
2020-M12,12/2020,Turista,Mundo (excluida España),5000_XES,Fuerteventura,35812.0
2020-M12,12/2020,Turista,Mundo (excluida España),5000_XES,Gran Canaria,61848.0
2020-M12,12/2020,Turista,Mundo (excluida España),5000_XES,Tenerife,92652.0
2020-M12,12/2020,Turista,Mundo (excluida España),5000_XES,La Palma,8308.0
2021-M01,01/2021,Turista,Mundo (excluida España),5000_XES,Lanzarote,12868.0
2021-M01,01/2021,Turista,Mundo (excluida España),5000_XES,Fuerteventura,19304.0
2021-M01,01/2021,Turista,Mundo (excluida España),5000_XES,Gran Canaria,30235.0
2021-M01,01/2021,Turista,Mundo (excluida España),5000_XES,Tenerife,42461.0
2021-M01,01/2021,Turista,Mundo (excluida España),5000_XES,La Palma,6918.0
2021-M02,02/2021,Turista,Mundo (excluida España),5000_XES,Lanzarote,8766.0
2021-M02,02/2021,Turista,Mundo (excluida España),5000_XES,Fuerteventura,13312.0
2021-M02,02/2021,Turista,Mundo (excluida España),5000_XES,Gran Canaria,21345.0
2021-M02,02/2021,Turista,Mundo (excluida España),5000_XES,Tenerife,45118.0
2021-M02,02/2021,Turista,Mundo (excluida España),5000_XES,La Palma,4870.0
2021-M03,03/2021,Turista,Mundo (excluida España),5000_XES,Lanzarote,11276.0
2021-M03,03/2021,Turista,Mundo (excluida España),5000_XES,Fuerteventura,20984.0
2021-M03,03/2021,Turista,Mundo (excluida España),5000_XES,Gran Canaria,33350.0
2021-M03,03/2021,Turista,Mundo (excluida España),5000_XES,Tenerife,55536.0
2021-M03,03/2021,Turista,Mundo (excluida España),5000_XES,La Palma,6049.0
2021-M04,04/2021,Turista,Mundo (excluida España),5000_XES,Lanzarote,14775.0
2021-M04,04/2021,Turista,Mundo (excluida España),5000_XES,Fuerteventura,22989.0
2021-M04,04/2021,Turista,Mundo (excluida España),5000_XES,Gran Canaria,36380.0
2021-M04,04/2021,Turista,Mundo (excluida España),5000_XES,Tenerife,60800.0
2021-M04,04/2021,Turista,Mundo (excluida España),5000_XES,La Palma,6145.0
2021-M05,05/2021,Turista,Mundo (excluida España),5000_XES,Lanzarote,23563.0
2021-M05,05/2021,Turista,Mundo (excluida España),5000_XES,Fuerteventura,33142.0
2021-M05,05/2021,Turista,Mundo (excluida España),5000_XES,Gran Canaria,47525.0
2021-M05,05/2021,Turista,Mundo (excluida España),5000_XES,Tenerife,79121.0
2021-M05,05/2021,Turista,Mundo (excluida España),5000_XES,La Palma,4752.0
2021-M06,06/2021,Turista,Mundo (excluida España),5000_XES,Lanzarote,28736.0
2021-M06,06/2021,Turista,Mundo (excluida España),5000_XES,Fuerteventura,44426.0
2021-M06,06/2021,Turista,Mundo (excluida España),5000_XES,Gran Canaria,63620.0
2021-M06,06/2021,Turista,Mundo (excluida España),5000_XES,Tenerife,89281.0
2021-M06,06/2021,Turista,Mundo (excluida España),5000_XES,La Palma,4444.0
2021-M07,07/2021,Turista,Mundo (excluida España),5000_XES,Lanzarote,70876.0
2021-M07,07/2021,Turista,Mundo (excluida España),5000_XES,Fuerteventura,85700.0
2021-M07,07/2021,Turista,Mundo (excluida España),5000_XES,Gran Canaria,105793.0
2021-M07,07/2021,Turista,Mundo (excluida España),5000_XES,Tenerife,159514.0
2021-M07,07/2021,Turista,Mundo (excluida España),5000_XES,La Palma,6769.0
2021-M08,08/2021,Turista,Mundo (excluida España),5000_XES,Lanzarote,110918.0
2021-M08,08/2021,Turista,Mundo (excluida España),5000_XES,Fuerteventura,105753.0
2021-M08,08/2021,Turista,Mundo (excluida España),5000_XES,Gran Canaria,125539.0
2021-M08,08/2021,Turista,Mundo (excluida España),5000_XES,Tenerife,222133.0
2021-M08,08/2021,Turista,Mundo (excluida España),5000_XES,La Palma,7985.0
2021-M09,09/2021,Turista,Mundo (excluida España),5000_XES,Lanzarote,104440.0
2021-M09,09/2021,Turista,Mundo (excluida España),5000_XES,Fuerteventura,98198.0
2021-M09,09/2021,Turista,Mundo (excluida España),5000_XES,Gran Canaria,141960.0
2021-M09,09/2021,Turista,Mundo (excluida España),5000_XES,Tenerife,238930.0
2021-M09,09/2021,Turista,Mundo (excluida España),5000_XES,La Palma,6324.0
2021-M10,10/2021,Turista,Mundo (excluida España),5000_XES,Lanzarote,183817.0
2021-M10,10/2021,Turista,Mundo (excluida España),5000_XES,Fuerteventura,154525.0
2021-M10,10/2021,Turista,Mundo (excluida España),5000_XES,Gran Canaria,244908.0
2021-M10,10/2021,Turista,Mundo (excluida España),5000_XES,Tenerife,397448.0
2021-M10,10/2021,Turista,Mundo (excluida España),5000_XES,La Palma,4150.0
2021-M11,11/2021,Turista,Mundo (excluida España),5000_XES,Lanzarote,184529.0
2021-M11,11/2021,Turista,Mundo (excluida España),5000_XES,Fuerteventura,148939.0
2021-M11,11/2021,Turista,Mundo (excluida España),5000_XES,Gran Canaria,268316.0
2021-M11,11/2021,Turista,Mundo (excluida España),5000_XES,Tenerife,430956.0
2021-M11,11/2021,Turista,Mundo (excluida España),5000_XES,La Palma,7274.0
2021-M12,12/2021,Turista,Mundo (excluida España),5000_XES,Lanzarote,148414.0
2021-M12,12/2021,Turista,Mundo (excluida España),5000_XES,Fuerteventura,130332.0
2021-M12,12/2021,Turista,Mundo (excluida España),5000_XES,Gran Canaria,280210.0
2021-M12,12/2021,Turista,Mundo (excluida España),5000_XES,Tenerife,367811.0
2021-M12,12/2021,Turista,Mundo (excluida España),5000_XES,La Palma,6578.0
2022-M01,01/2022,Turista,Mundo (excluida España),5000_XES,Lanzarote,118479.0
2022-M01,01/2022,Turista,Mundo (excluida España),5000_XES,Fuerteventura,92313.0
2022-M01,01/2022,Turista,Mundo (excluida España),5000_XES,Gran Canaria,225023.0
2022-M01,01/2022,Turista,Mundo (excluida España),5000_XES,Tenerife,337578.0
2022-M01,01/2022,Turista,Mundo (excluida España),5000_XES,La Palma,9799.0
2022-M02,02/2022,Turista,Mundo (excluida España),5000_XES,Lanzarote,185120.0
2022-M02,02/2022,Turista,Mundo (excluida España),5000_XES,Fuerteventura,147530.0
2022-M02,02/2022,Turista,Mundo (excluida España),5000_XES,Gran Canaria,262852.0
2022-M02,02/2022,Turista,Mundo (excluida España),5000_XES,Tenerife,425565.0
2022-M02,02/2022,Turista,Mundo (excluida España),5000_XES,La Palma,14826.0
2022-M03,03/2022,Turista,Mundo (excluida España),5000_XES,Lanzarote,213491.0
2022-M03,03/2022,Turista,Mundo (excluida España),5000_XES,Fuerteventura,163526.0
2022-M03,03/2022,Turista,Mundo (excluida España),5000_XES,Gran Canaria,292761.0
2022-M03,03/2022,Turista,Mundo (excluida España),5000_XES,Tenerife,495375.0
2022-M03,03/2022,Turista,Mundo (excluida España),5000_XES,La Palma,16588.0
2022-M04,04/2022,Turista,Mundo (excluida España),5000_XES,Lanzarote,214439.0
2022-M04,04/2022,Turista,Mundo (excluida España),5000_XES,Fuerteventura,169101.0
2022-M04,04/2022,Turista,Mundo (excluida España),5000_XES,Gran Canaria,308398.0
2022-M04,04/2022,Turista,Mundo (excluida España),5000_XES,Tenerife,455715.0
2022-M04,04/2022,Turista,Mundo (excluida España),5000_XES,La Palma,19928.0
2022-M05,05/2022,Turista,Mundo (excluida España),5000_XES,Lanzarote,197008.0
2022-M05,05/2022,Turista,Mundo (excluida España),5000_XES,Fuerteventura,141034.0
2022-M05,05/2022,Turista,Mundo (excluida España),5000_XES,Gran Canaria,214150.0
2022-M05,05/2022,Turista,Mundo (excluida España),5000_XES,Tenerife,361032.0
2022-M05,05/2022,Turista,Mundo (excluida España),5000_XES,La Palma,8664.0
2022-M06,06/2022,Turista,Mundo (excluida España),5000_XES,Lanzarote,196150.0
2022-M06,06/2022,Turista,Mundo (excluida España),5000_XES,Fuerteventura,152197.0
2022-M06,06/2022,Turista,Mundo (excluida España),5000_XES,Gran Canaria,214115.0
2022-M06,06/2022,Turista,Mundo (excluida España),5000_XES,Tenerife,357737.0
2022-M06,06/2022,Turista,Mundo (excluida España),5000_XES,La Palma,7809.0
2022-M07,07/2022,Turista,Mundo (excluida España),5000_XES,Lanzarote,222362.0
2022-M07,07/2022,Turista,Mundo (excluida España),5000_XES,Fuerteventura,182278.0
2022-M07,07/2022,Turista,Mundo (excluida España),5000_XES,Gran Canaria,255991.0
2022-M07,07/2022,Turista,Mundo (excluida España),5000_XES,Tenerife,407930.0
2022-M07,07/2022,Turista,Mundo (excluida España),5000_XES,La Palma,9035.0
2022-M08,08/2022,Turista,Mundo (excluida España),5000_XES,Lanzarote,225041.0
2022-M08,08/2022,Turista,Mundo (excluida España),5000_XES,Fuerteventura,181786.0
2022-M08,08/2022,Turista,Mundo (excluida España),5000_XES,Gran Canaria,261265.0
2022-M08,08/2022,Turista,Mundo (excluida España),5000_XES,Tenerife,412194.0
2022-M08,08/2022,Turista,Mundo (excluida España),5000_XES,La Palma,9042.0
2022-M09,09/2022,Turista,Mundo (excluida España),5000_XES,Lanzarote,195643.0
2022-M09,09/2022,Turista,Mundo (excluida España),5000_XES,Fuerteventura,162223.0
2022-M09,09/2022,Turista,Mundo (excluida España),5000_XES,Gran Canaria,223010.0
2022-M09,09/2022,Turista,Mundo (excluida España),5000_XES,Tenerife,370071.0
2022-M09,09/2022,Turista,Mundo (excluida España),5000_XES,La Palma,8059.0
2022-M10,10/2022,Turista,Mundo (excluida España),5000_XES,Lanzarote,240023.0
2022-M10,10/2022,Turista,Mundo (excluida España),5000_XES,Fuerteventura,194432.0
2022-M10,10/2022,Turista,Mundo (excluida España),5000_XES,Gran Canaria,325123.0
2022-M10,10/2022,Turista,Mundo (excluida España),5000_XES,Tenerife,456716.0
2022-M10,10/2022,Turista,Mundo (excluida España),5000_XES,La Palma,9576.0
2022-M11,11/2022,Turista,Mundo (excluida España),5000_XES,Lanzarote,217553.0
2022-M11,11/2022,Turista,Mundo (excluida España),5000_XES,Fuerteventura,184179.0
2022-M11,11/2022,Turista,Mundo (excluida España),5000_XES,Gran Canaria,351004.0
2022-M11,11/2022,Turista,Mundo (excluida España),5000_XES,Tenerife,509841.0
2022-M11,11/2022,Turista,Mundo (excluida España),5000_XES,La Palma,21779.0
2022-M12,12/2022,Turista,Mundo (excluida España),5000_XES,Lanzarote,240727.0
2022-M12,12/2022,Turista,Mundo (excluida España),5000_XES,Fuerteventura,197959.0
2022-M12,12/2022,Turista,Mundo (excluida España),5000_XES,Gran Canaria,383148.0
2022-M12,12/2022,Turista,Mundo (excluida España),5000_XES,Tenerife,526495.0
2022-M12,12/2022,Turista,Mundo (excluida España),5000_XES,La Palma,19406.0
2023-M01,01/2023,Turista,Mundo (excluida España),5000_XES,Lanzarote,218407.0
2023-M01,01/2023,Turista,Mundo (excluida España),5000_XES,Fuerteventura,168805.0
2023-M01,01/2023,Turista,Mundo (excluida España),5000_XES,Gran Canaria,367501.0
2023-M01,01/2023,Turista,Mundo (excluida España),5000_XES,Tenerife,490086.0
2023-M01,01/2023,Turista,Mundo (excluida España),5000_XES,La Palma,18815.0
2023-M02,02/2023,Turista,Mundo (excluida España),5000_XES,Lanzarote,245176.0
2023-M02,02/2023,Turista,Mundo (excluida España),5000_XES,Fuerteventura,192042.0
2023-M02,02/2023,Turista,Mundo (excluida España),5000_XES,Gran Canaria,366153.0
2023-M02,02/2023,Turista,Mundo (excluida España),5000_XES,Tenerife,506065.0
2023-M02,02/2023,Turista,Mundo (excluida España),5000_XES,La Palma,24284.0
2023-M03,03/2023,Turista,Mundo (excluida España),5000_XES,Lanzarote,254146.0
2023-M03,03/2023,Turista,Mundo (excluida España),5000_XES,Fuerteventura,202624.0
2023-M03,03/2023,Turista,Mundo (excluida España),5000_XES,Gran Canaria,360672.0
2023-M03,03/2023,Turista,Mundo (excluida España),5000_XES,Tenerife,530074.0
2023-M03,03/2023,Turista,Mundo (excluida España),5000_XES,La Palma,17340.0
2023-M04,04/2023,Turista,Mundo (excluida España),5000_XES,Lanzarote,241501.0
2023-M04,04/2023,Turista,Mundo (excluida España),5000_XES,Fuerteventura,190968.0
2023-M04,04/2023,Turista,Mundo (excluida España),5000_XES,Gran Canaria,306614.0
2023-M04,04/2023,Turista,Mundo (excluida España),5000_XES,Tenerife,478688.0
2023-M04,04/2023,Turista,Mundo (excluida España),5000_XES,La Palma,12948.0
2023-M05,05/2023,Turista,Mundo (excluida España),5000_XES,Lanzarote,213780.0
2023-M05,05/2023,Turista,Mundo (excluida España),5000_XES,Fuerteventura,153632.0
2023-M05,05/2023,Turista,Mundo (excluida España),5000_XES,Gran Canaria,229587.0
2023-M05,05/2023,Turista,Mundo (excluida España),5000_XES,Tenerife,395913.0
2023-M05,05/2023,Turista,Mundo (excluida España),5000_XES,La Palma,8519.0
2023-M06,06/2023,Turista,Mundo (excluida España),5000_XES,Lanzarote,211974.0
2023-M06,06/2023,Turista,Mundo (excluida España),5000_XES,Fuerteventura,158224.0
2023-M06,06/2023,Turista,Mundo (excluida España),5000_XES,Gran Canaria,224561.0
2023-M06,06/2023,Turista,Mundo (excluida España),5000_XES,Tenerife,390023.0
2023-M06,06/2023,Turista,Mundo (excluida España),5000_XES,La Palma,5159.0
2023-M07,07/2023,Turista,Mundo (excluida España),5000_XES,Lanzarote,235366.0
2023-M07,07/2023,Turista,Mundo (excluida España),5000_XES,Fuerteventura,176430.0
2023-M07,07/2023,Turista,Mundo (excluida España),5000_XES,Gran Canaria,273889.0
2023-M07,07/2023,Turista,Mundo (excluida España),5000_XES,Tenerife,431041.0
2023-M07,07/2023,Turista,Mundo (excluida España),5000_XES,La Palma,6605.0
2023-M08,08/2023,Turista,Mundo (excluida España),5000_XES,Lanzarote,232526.0
2023-M08,08/2023,Turista,Mundo (excluida España),5000_XES,Fuerteventura,174230.0
2023-M08,08/2023,Turista,Mundo (excluida España),5000_XES,Gran Canaria,266071.0
2023-M08,08/2023,Turista,Mundo (excluida España),5000_XES,Tenerife,427951.0
2023-M08,08/2023,Turista,Mundo (excluida España),5000_XES,La Palma,8863.0
2023-M09,09/2023,Turista,Mundo (excluida España),5000_XES,Lanzarote,210431.0
2023-M09,09/2023,Turista,Mundo (excluida España),5000_XES,Fuerteventura,168373.0
2023-M09,09/2023,Turista,Mundo (excluida España),5000_XES,Gran Canaria,248194.0
2023-M09,09/2023,Turista,Mundo (excluida España),5000_XES,Tenerife,406173.0
2023-M09,09/2023,Turista,Mundo (excluida España),5000_XES,La Palma,6722.0
2023-M10,10/2023,Turista,Mundo (excluida España),5000_XES,Lanzarote,250736.0
2023-M10,10/2023,Turista,Mundo (excluida España),5000_XES,Fuerteventura,195109.0
2023-M10,10/2023,Turista,Mundo (excluida España),5000_XES,Gran Canaria,351360.0
2023-M10,10/2023,Turista,Mundo (excluida España),5000_XES,Tenerife,495754.0
2023-M10,10/2023,Turista,Mundo (excluida España),5000_XES,La Palma,9180.0
2023-M11,11/2023,Turista,Mundo (excluida España),5000_XES,Lanzarote,259652.0
2023-M11,11/2023,Turista,Mundo (excluida España),5000_XES,Fuerteventura,204350.0
2023-M11,11/2023,Turista,Mundo (excluida España),5000_XES,Gran Canaria,386165.0
2023-M11,11/2023,Turista,Mundo (excluida España),5000_XES,Tenerife,548537.0
2023-M11,11/2023,Turista,Mundo (excluida España),5000_XES,La Palma,25615.0
2023-M12,12/2023,Turista,Mundo (excluida España),5000_XES,Lanzarote,279491.0
2023-M12,12/2023,Turista,Mundo (excluida España),5000_XES,Fuerteventura,218318.0
2023-M12,12/2023,Turista,Mundo (excluida España),5000_XES,Gran Canaria,430708.0
2023-M12,12/2023,Turista,Mundo (excluida España),5000_XES,Tenerife,578100.0
2023-M12,12/2023,Turista,Mundo (excluida España),5000_XES,La Palma,33781.0
2024-M01,01/2024,Turista,Mundo (excluida España),5000_XES,Lanzarote,252548.0
2024-M01,01/2024,Turista,Mundo (excluida España),5000_XES,Fuerteventura,206573.0
2024-M01,01/2024,Turista,Mundo (excluida España),5000_XES,Gran Canaria,404194.0
2024-M01,01/2024,Turista,Mundo (excluida España),5000_XES,Tenerife,560908.0
2024-M01,01/2024,Turista,Mundo (excluida España),5000_XES,La Palma,29017.0
2024-M02,02/2024,Turista,Mundo (excluida España),5000_XES,Lanzarote,285731.0
2024-M02,02/2024,Turista,Mundo (excluida España),5000_XES,Fuerteventura,229350.0
2024-M02,02/2024,Turista,Mundo (excluida España),5000_XES,Gran Canaria,417411.0
2024-M02,02/2024,Turista,Mundo (excluida España),5000_XES,Tenerife,593236.0
2024-M02,02/2024,Turista,Mundo (excluida España),5000_XES,La Palma,21378.0
2024-M03,03/2024,Turista,Mundo (excluida España),5000_XES,Lanzarote,302346.0
2024-M03,03/2024,Turista,Mundo (excluida España),5000_XES,Fuerteventura,239641.0
2024-M03,03/2024,Turista,Mundo (excluida España),5000_XES,Gran Canaria,449196.0
2024-M03,03/2024,Turista,Mundo (excluida España),5000_XES,Tenerife,626378.0
2024-M03,03/2024,Turista,Mundo (excluida España),5000_XES,La Palma,22682.0
2024-M04,04/2024,Turista,Mundo (excluida España),5000_XES,Lanzarote,251952.0
2024-M04,04/2024,Turista,Mundo (excluida España),5000_XES,Fuerteventura,196246.0
2024-M04,04/2024,Turista,Mundo (excluida España),5000_XES,Gran Canaria,314381.0
2024-M04,04/2024,Turista,Mundo (excluida España),5000_XES,Tenerife,512790.0
2024-M04,04/2024,Turista,Mundo (excluida España),5000_XES,La Palma,14680.0
2024-M05,05/2024,Turista,Mundo (excluida España),5000_XES,Lanzarote,222993.0
2024-M05,05/2024,Turista,Mundo (excluida España),5000_XES,Fuerteventura,165066.0
2024-M05,05/2024,Turista,Mundo (excluida España),5000_XES,Gran Canaria,252632.0
2024-M05,05/2024,Turista,Mundo (excluida España),5000_XES,Tenerife,456432.0
2024-M05,05/2024,Turista,Mundo (excluida España),5000_XES,La Palma,10073.0
2024-M06,06/2024,Turista,Mundo (excluida España),5000_XES,Lanzarote,225916.0
2024-M06,06/2024,Turista,Mundo (excluida España),5000_XES,Fuerteventura,173815.0
2024-M06,06/2024,Turista,Mundo (excluida España),5000_XES,Gran Canaria,247552.0
2024-M06,06/2024,Turista,Mundo (excluida España),5000_XES,Tenerife,445096.0
2024-M06,06/2024,Turista,Mundo (excluida España),5000_XES,La Palma,10441.0
2024-M07,07/2024,Turista,Mundo (excluida España),5000_XES,Lanzarote,245460.0
2024-M07,07/2024,Turista,Mundo (excluida España),5000_XES,Fuerteventura,190457.0
2024-M07,07/2024,Turista,Mundo (excluida España),5000_XES,Gran Canaria,283703.0
2024-M07,07/2024,Turista,Mundo (excluida España),5000_XES,Tenerife,492314.0
2024-M07,07/2024,Turista,Mundo (excluida España),5000_XES,La Palma,11249.0
2024-M08,08/2024,Turista,Mundo (excluida España),5000_XES,Lanzarote,252184.0
2024-M08,08/2024,Turista,Mundo (excluida España),5000_XES,Fuerteventura,191671.0
2024-M08,08/2024,Turista,Mundo (excluida España),5000_XES,Gran Canaria,277813.0
2024-M08,08/2024,Turista,Mundo (excluida España),5000_XES,Tenerife,490599.0
2024-M08,08/2024,Turista,Mundo (excluida España),5000_XES,La Palma,9881.0
2024-M09,09/2024,Turista,Mundo (excluida España),5000_XES,Lanzarote,226263.0
2024-M09,09/2024,Turista,Mundo (excluida España),5000_XES,Fuerteventura,177538.0
2024-M09,09/2024,Turista,Mundo (excluida España),5000_XES,Gran Canaria,261949.0
2024-M09,09/2024,Turista,Mundo (excluida España),5000_XES,Tenerife,460091.0
2024-M09,09/2024,Turista,Mundo (excluida España),5000_XES,La Palma,7377.0
2024-M10,10/2024,Turista,Mundo (excluida España),5000_XES,Lanzarote,267008.0
2024-M10,10/2024,Turista,Mundo (excluida España),5000_XES,Fuerteventura,209650.0
2024-M10,10/2024,Turista,Mundo (excluida España),5000_XES,Gran Canaria,369660.0
2024-M10,10/2024,Turista,Mundo (excluida España),5000_XES,Tenerife,553148.0
2024-M10,10/2024,Turista,Mundo (excluida España),5000_XES,La Palma,10366.0
2024-M11,11/2024,Turista,Mundo (excluida España),5000_XES,Lanzarote,275763.0
2024-M11,11/2024,Turista,Mundo (excluida España),5000_XES,Fuerteventura,233822.0
2024-M11,11/2024,Turista,Mundo (excluida España),5000_XES,Gran Canaria,422210.0
2024-M11,11/2024,Turista,Mundo (excluida España),5000_XES,Tenerife,605870.0
2024-M11,11/2024,Turista,Mundo (excluida España),5000_XES,La Palma,24797.0
2024-M12,12/2024,Turista,Mundo (excluida España),5000_XES,Lanzarote,304855.0
2024-M12,12/2024,Turista,Mundo (excluida España),5000_XES,Fuerteventura,263130.0
2024-M12,12/2024,Turista,Mundo (excluida España),5000_XES,Gran Canaria,465137.0
2024-M12,12/2024,Turista,Mundo (excluida España),5000_XES,Tenerife,644426.0
2024-M12,12/2024,Turista,Mundo (excluida España),5000_XES,La Palma,36090.0
2025-M01,01/2025,Turista,Mundo (excluida España),5000_XES,Lanzarote,253668.0
2025-M01,01/2025,Turista,Mundo (excluida España),5000_XES,Fuerteventura,214979.0
2025-M01,01/2025,Turista,Mundo (excluida España),5000_XES,Gran Canaria,420514.0
2025-M01,01/2025,Turista,Mundo (excluida España),5000_XES,Tenerife,596041.0
2025-M01,01/2025,Turista,Mundo (excluida España),5000_XES,La Palma,24816.0
2025-M02,02/2025,Turista,Mundo (excluida España),5000_XES,Lanzarote,297321.0
2025-M02,02/2025,Turista,Mundo (excluida España),5000_XES,Fuerteventura,255147.0
2025-M02,02/2025,Turista,Mundo (excluida España),5000_XES,Gran Canaria,440965.0
2025-M02,02/2025,Turista,Mundo (excluida España),5000_XES,Tenerife,613145.0
2025-M02,02/2025,Turista,Mundo (excluida España),5000_XES,La Palma,32314.0
2025-M03,03/2025,Turista,Mundo (excluida España),5000_XES,Lanzarote,304829.0
2025-M03,03/2025,Turista,Mundo (excluida España),5000_XES,Fuerteventura,259094.0
2025-M03,03/2025,Turista,Mundo (excluida España),5000_XES,Gran Canaria,456523.0
2025-M03,03/2025,Turista,Mundo (excluida España),5000_XES,Tenerife,632383.0
2025-M03,03/2025,Turista,Mundo (excluida España),5000_XES,La Palma,30915.0
2025-M04,04/2025,Turista,Mundo (excluida España),5000_XES,Lanzarote,266382.0
2025-M04,04/2025,Turista,Mundo (excluida España),5000_XES,Fuerteventura,227924.0
2025-M04,04/2025,Turista,Mundo (excluida España),5000_XES,Gran Canaria,348059.0
2025-M04,04/2025,Turista,Mundo (excluida España),5000_XES,Tenerife,558686.0
2025-M04,04/2025,Turista,Mundo (excluida España),5000_XES,La Palma,20199.0
2025-M05,05/2025,Turista,Mundo (excluida España),5000_XES,Lanzarote,230534.0
2025-M05,05/2025,Turista,Mundo (excluida España),5000_XES,Fuerteventura,181153.0
2025-M05,05/2025,Turista,Mundo (excluida España),5000_XES,Gran Canaria,261924.0
2025-M05,05/2025,Turista,Mundo (excluida España),5000_XES,Tenerife,461255.0
2025-M05,05/2025,Turista,Mundo (excluida España),5000_XES,La Palma,10607.0
2025-M06,06/2025,Turista,Mundo (excluida España),5000_XES,Lanzarote,229048.0
2025-M06,06/2025,Turista,Mundo (excluida España),5000_XES,Fuerteventura,187262.0
2025-M06,06/2025,Turista,Mundo (excluida España),5000_XES,Gran Canaria,263858.0
2025-M06,06/2025,Turista,Mundo (excluida España),5000_XES,Tenerife,457181.0
2025-M06,06/2025,Turista,Mundo (excluida España),5000_XES,La Palma,8720.0
2025-M07,07/2025,Turista,Mundo (excluida España),5000_XES,Lanzarote,262589.0
2025-M07,07/2025,Turista,Mundo (excluida España),5000_XES,Fuerteventura,215183.0
2025-M07,07/2025,Turista,Mundo (excluida España),5000_XES,Gran Canaria,303031.0
2025-M07,07/2025,Turista,Mundo (excluida España),5000_XES,Tenerife,513196.0
2025-M07,07/2025,Turista,Mundo (excluida España),5000_XES,La Palma,8795.0
2020-M01,01/2020,Turistas principales,Reino Unido,GB,Lanzarote,85812.0
2020-M01,01/2020,Turistas principales,Reino Unido,GB,Fuerteventura,28508.0
2020-M01,01/2020,Turistas principales,Reino Unido,GB,Gran Canaria,50996.0
2020-M01,01/2020,Turistas principales,Reino Unido,GB,Tenerife,171979.0
2020-M01,01/2020,Turistas principales,Reino Unido,GB,La Palma,2892.0
2020-M02,02/2020,Turistas principales,Reino Unido,GB,Lanzarote,92959.0
2020-M02,02/2020,Turistas principales,Reino Unido,GB,Fuerteventura,40057.0
2020-M02,02/2020,Turistas principales,Reino Unido,GB,Gran Canaria,56695.0
2020-M02,02/2020,Turistas principales,Reino Unido,GB,Tenerife,183496.0
2020-M02,02/2020,Turistas principales,Reino Unido,GB,La Palma,2942.0
2020-M03,03/2020,Turistas principales,Reino Unido,GB,Lanzarote,46586.0
2020-M03,03/2020,Turistas principales,Reino Unido,GB,Fuerteventura,16823.0
2020-M03,03/2020,Turistas principales,Reino Unido,GB,Gran Canaria,22830.0
2020-M03,03/2020,Turistas principales,Reino Unido,GB,Tenerife,72777.0
2020-M03,03/2020,Turistas principales,Reino Unido,GB,La Palma,1606.0
2020-M04,04/2020,Turistas principales,Reino Unido,GB,Lanzarote,
2020-M04,04/2020,Turistas principales,Reino Unido,GB,Fuerteventura,
2020-M04,04/2020,Turistas principales,Reino Unido,GB,Gran Canaria,
2020-M04,04/2020,Turistas principales,Reino Unido,GB,Tenerife,
2020-M04,04/2020,Turistas principales,Reino Unido,GB,La Palma,
2020-M05,05/2020,Turistas principales,Reino Unido,GB,Lanzarote,
2020-M05,05/2020,Turistas principales,Reino Unido,GB,Fuerteventura,
2020-M05,05/2020,Turistas principales,Reino Unido,GB,Gran Canaria,
2020-M05,05/2020,Turistas principales,Reino Unido,GB,Tenerife,
2020-M05,05/2020,Turistas principales,Reino Unido,GB,La Palma,
2020-M06,06/2020,Turistas principales,Reino Unido,GB,Lanzarote,207.0
2020-M06,06/2020,Turistas principales,Reino Unido,GB,Fuerteventura,57.0
2020-M06,06/2020,Turistas principales,Reino Unido,GB,Gran Canaria,154.0
2020-M06,06/2020,Turistas principales,Reino Unido,GB,Tenerife,862.0
2020-M06,06/2020,Turistas principales,Reino Unido,GB,La Palma,
2020-M07,07/2020,Turistas principales,Reino Unido,GB,Lanzarote,19283.0
2020-M07,07/2020,Turistas principales,Reino Unido,GB,Fuerteventura,5791.0
2020-M07,07/2020,Turistas principales,Reino Unido,GB,Gran Canaria,8405.0
2020-M07,07/2020,Turistas principales,Reino Unido,GB,Tenerife,31453.0
2020-M07,07/2020,Turistas principales,Reino Unido,GB,La Palma,72.0
2020-M08,08/2020,Turistas principales,Reino Unido,GB,Lanzarote,11433.0
2020-M08,08/2020,Turistas principales,Reino Unido,GB,Fuerteventura,3207.0
2020-M08,08/2020,Turistas principales,Reino Unido,GB,Gran Canaria,6119.0
2020-M08,08/2020,Turistas principales,Reino Unido,GB,Tenerife,18062.0
2020-M08,08/2020,Turistas principales,Reino Unido,GB,La Palma,83.0
2020-M09,09/2020,Turistas principales,Reino Unido,GB,Lanzarote,6682.0
2020-M09,09/2020,Turistas principales,Reino Unido,GB,Fuerteventura,3087.0
2020-M09,09/2020,Turistas principales,Reino Unido,GB,Gran Canaria,3199.0
2020-M09,09/2020,Turistas principales,Reino Unido,GB,Tenerife,13824.0
2020-M09,09/2020,Turistas principales,Reino Unido,GB,La Palma,53.0
2020-M10,10/2020,Turistas principales,Reino Unido,GB,Lanzarote,12843.0
2020-M10,10/2020,Turistas principales,Reino Unido,GB,Fuerteventura,5232.0
2020-M10,10/2020,Turistas principales,Reino Unido,GB,Gran Canaria,4455.0
2020-M10,10/2020,Turistas principales,Reino Unido,GB,Tenerife,27429.0
2020-M10,10/2020,Turistas principales,Reino Unido,GB,La Palma,139.0
2020-M11,11/2020,Turistas principales,Reino Unido,GB,Lanzarote,9525.0
2020-M11,11/2020,Turistas principales,Reino Unido,GB,Fuerteventura,2544.0
2020-M11,11/2020,Turistas principales,Reino Unido,GB,Gran Canaria,5580.0
2020-M11,11/2020,Turistas principales,Reino Unido,GB,Tenerife,26653.0
2020-M11,11/2020,Turistas principales,Reino Unido,GB,La Palma,50.0
2020-M12,12/2020,Turistas principales,Reino Unido,GB,Lanzarote,12925.0
2020-M12,12/2020,Turistas principales,Reino Unido,GB,Fuerteventura,5605.0
2020-M12,12/2020,Turistas principales,Reino Unido,GB,Gran Canaria,8315.0
2020-M12,12/2020,Turistas principales,Reino Unido,GB,Tenerife,37080.0
2020-M12,12/2020,Turistas principales,Reino Unido,GB,La Palma,19.0
2021-M01,01/2021,Turistas principales,Reino Unido,GB,Lanzarote,436.0
2021-M01,01/2021,Turistas principales,Reino Unido,GB,Fuerteventura,339.0
2021-M01,01/2021,Turistas principales,Reino Unido,GB,Gran Canaria,656.0
2021-M01,01/2021,Turistas principales,Reino Unido,GB,Tenerife,1421.0
2021-M01,01/2021,Turistas principales,Reino Unido,GB,La Palma,32.0
2021-M02,02/2021,Turistas principales,Reino Unido,GB,Lanzarote,212.0
2021-M02,02/2021,Turistas principales,Reino Unido,GB,Fuerteventura,113.0
2021-M02,02/2021,Turistas principales,Reino Unido,GB,Gran Canaria,533.0
2021-M02,02/2021,Turistas principales,Reino Unido,GB,Tenerife,1109.0
2021-M02,02/2021,Turistas principales,Reino Unido,GB,La Palma,1.0
2021-M03,03/2021,Turistas principales,Reino Unido,GB,Lanzarote,192.0
2021-M03,03/2021,Turistas principales,Reino Unido,GB,Fuerteventura,126.0
2021-M03,03/2021,Turistas principales,Reino Unido,GB,Gran Canaria,1107.0
2021-M03,03/2021,Turistas principales,Reino Unido,GB,Tenerife,903.0
2021-M03,03/2021,Turistas principales,Reino Unido,GB,La Palma,
2021-M04,04/2021,Turistas principales,Reino Unido,GB,Lanzarote,269.0
2021-M04,04/2021,Turistas principales,Reino Unido,GB,Fuerteventura,152.0
2021-M04,04/2021,Turistas principales,Reino Unido,GB,Gran Canaria,504.0
2021-M04,04/2021,Turistas principales,Reino Unido,GB,Tenerife,1379.0
2021-M04,04/2021,Turistas principales,Reino Unido,GB,La Palma,25.0
2021-M05,05/2021,Turistas principales,Reino Unido,GB,Lanzarote,672.0
2021-M05,05/2021,Turistas principales,Reino Unido,GB,Fuerteventura,207.0
2021-M05,05/2021,Turistas principales,Reino Unido,GB,Gran Canaria,847.0
2021-M05,05/2021,Turistas principales,Reino Unido,GB,Tenerife,1635.0
2021-M05,05/2021,Turistas principales,Reino Unido,GB,La Palma,43.0
2021-M06,06/2021,Turistas principales,Reino Unido,GB,Lanzarote,2430.0
2021-M06,06/2021,Turistas principales,Reino Unido,GB,Fuerteventura,1148.0
2021-M06,06/2021,Turistas principales,Reino Unido,GB,Gran Canaria,2215.0
2021-M06,06/2021,Turistas principales,Reino Unido,GB,Tenerife,7513.0
2021-M06,06/2021,Turistas principales,Reino Unido,GB,La Palma,60.0
2021-M07,07/2021,Turistas principales,Reino Unido,GB,Lanzarote,18012.0
2021-M07,07/2021,Turistas principales,Reino Unido,GB,Fuerteventura,5755.0
2021-M07,07/2021,Turistas principales,Reino Unido,GB,Gran Canaria,9179.0
2021-M07,07/2021,Turistas principales,Reino Unido,GB,Tenerife,27224.0
2021-M07,07/2021,Turistas principales,Reino Unido,GB,La Palma,257.0
2021-M08,08/2021,Turistas principales,Reino Unido,GB,Lanzarote,46648.0
2021-M08,08/2021,Turistas principales,Reino Unido,GB,Fuerteventura,17020.0
2021-M08,08/2021,Turistas principales,Reino Unido,GB,Gran Canaria,23019.0
2021-M08,08/2021,Turistas principales,Reino Unido,GB,Tenerife,64957.0
2021-M08,08/2021,Turistas principales,Reino Unido,GB,La Palma,1100.0
2021-M09,09/2021,Turistas principales,Reino Unido,GB,Lanzarote,48169.0
2021-M09,09/2021,Turistas principales,Reino Unido,GB,Fuerteventura,19382.0
2021-M09,09/2021,Turistas principales,Reino Unido,GB,Gran Canaria,27656.0
2021-M09,09/2021,Turistas principales,Reino Unido,GB,Tenerife,84329.0
2021-M09,09/2021,Turistas principales,Reino Unido,GB,La Palma,790.0
2021-M10,10/2021,Turistas principales,Reino Unido,GB,Lanzarote,89598.0
2021-M10,10/2021,Turistas principales,Reino Unido,GB,Fuerteventura,33100.0
2021-M10,10/2021,Turistas principales,Reino Unido,GB,Gran Canaria,48228.0
2021-M10,10/2021,Turistas principales,Reino Unido,GB,Tenerife,164889.0
2021-M10,10/2021,Turistas principales,Reino Unido,GB,La Palma,28.0
2021-M11,11/2021,Turistas principales,Reino Unido,GB,Lanzarote,78468.0
2021-M11,11/2021,Turistas principales,Reino Unido,GB,Fuerteventura,30209.0
2021-M11,11/2021,Turistas principales,Reino Unido,GB,Gran Canaria,40437.0
2021-M11,11/2021,Turistas principales,Reino Unido,GB,Tenerife,156536.0
2021-M11,11/2021,Turistas principales,Reino Unido,GB,La Palma,341.0
2021-M12,12/2021,Turistas principales,Reino Unido,GB,Lanzarote,54234.0
2021-M12,12/2021,Turistas principales,Reino Unido,GB,Fuerteventura,22634.0
2021-M12,12/2021,Turistas principales,Reino Unido,GB,Gran Canaria,32409.0
2021-M12,12/2021,Turistas principales,Reino Unido,GB,Tenerife,113283.0
2021-M12,12/2021,Turistas principales,Reino Unido,GB,La Palma,84.0
2022-M01,01/2022,Turistas principales,Reino Unido,GB,Lanzarote,46331.0
2022-M01,01/2022,Turistas principales,Reino Unido,GB,Fuerteventura,18483.0
2022-M01,01/2022,Turistas principales,Reino Unido,GB,Gran Canaria,28948.0
2022-M01,01/2022,Turistas principales,Reino Unido,GB,Tenerife,103296.0
2022-M01,01/2022,Turistas principales,Reino Unido,GB,La Palma,201.0
2022-M02,02/2022,Turistas principales,Reino Unido,GB,Lanzarote,87505.0
2022-M02,02/2022,Turistas principales,Reino Unido,GB,Fuerteventura,38035.0
2022-M02,02/2022,Turistas principales,Reino Unido,GB,Gran Canaria,47640.0
2022-M02,02/2022,Turistas principales,Reino Unido,GB,Tenerife,163632.0
2022-M02,02/2022,Turistas principales,Reino Unido,GB,La Palma,305.0
2022-M03,03/2022,Turistas principales,Reino Unido,GB,Lanzarote,107362.0
2022-M03,03/2022,Turistas principales,Reino Unido,GB,Fuerteventura,45267.0
2022-M03,03/2022,Turistas principales,Reino Unido,GB,Gran Canaria,58285.0
2022-M03,03/2022,Turistas principales,Reino Unido,GB,Tenerife,208094.0
2022-M03,03/2022,Turistas principales,Reino Unido,GB,La Palma,1458.0
2022-M04,04/2022,Turistas principales,Reino Unido,GB,Lanzarote,109965.0
2022-M04,04/2022,Turistas principales,Reino Unido,GB,Fuerteventura,49038.0
2022-M04,04/2022,Turistas principales,Reino Unido,GB,Gran Canaria,67325.0
2022-M04,04/2022,Turistas principales,Reino Unido,GB,Tenerife,202119.0
2022-M04,04/2022,Turistas principales,Reino Unido,GB,La Palma,1161.0
2022-M05,05/2022,Turistas principales,Reino Unido,GB,Lanzarote,111518.0
2022-M05,05/2022,Turistas principales,Reino Unido,GB,Fuerteventura,45846.0
2022-M05,05/2022,Turistas principales,Reino Unido,GB,Gran Canaria,65932.0
2022-M05,05/2022,Turistas principales,Reino Unido,GB,Tenerife,180896.0
2022-M05,05/2022,Turistas principales,Reino Unido,GB,La Palma,1082.0
2022-M06,06/2022,Turistas principales,Reino Unido,GB,Lanzarote,111718.0
2022-M06,06/2022,Turistas principales,Reino Unido,GB,Fuerteventura,50791.0
2022-M06,06/2022,Turistas principales,Reino Unido,GB,Gran Canaria,73433.0
2022-M06,06/2022,Turistas principales,Reino Unido,GB,Tenerife,187730.0
2022-M06,06/2022,Turistas principales,Reino Unido,GB,La Palma,1583.0
2022-M07,07/2022,Turistas principales,Reino Unido,GB,Lanzarote,120754.0
2022-M07,07/2022,Turistas principales,Reino Unido,GB,Fuerteventura,57678.0
2022-M07,07/2022,Turistas principales,Reino Unido,GB,Gran Canaria,74861.0
2022-M07,07/2022,Turistas principales,Reino Unido,GB,Tenerife,206103.0
2022-M07,07/2022,Turistas principales,Reino Unido,GB,La Palma,1453.0
2022-M08,08/2022,Turistas principales,Reino Unido,GB,Lanzarote,123729.0
2022-M08,08/2022,Turistas principales,Reino Unido,GB,Fuerteventura,58274.0
2022-M08,08/2022,Turistas principales,Reino Unido,GB,Gran Canaria,81995.0
2022-M08,08/2022,Turistas principales,Reino Unido,GB,Tenerife,210190.0
2022-M08,08/2022,Turistas principales,Reino Unido,GB,La Palma,1565.0
2022-M09,09/2022,Turistas principales,Reino Unido,GB,Lanzarote,112510.0
2022-M09,09/2022,Turistas principales,Reino Unido,GB,Fuerteventura,51748.0
2022-M09,09/2022,Turistas principales,Reino Unido,GB,Gran Canaria,73092.0
2022-M09,09/2022,Turistas principales,Reino Unido,GB,Tenerife,188528.0
2022-M09,09/2022,Turistas principales,Reino Unido,GB,La Palma,1649.0
2022-M10,10/2022,Turistas principales,Reino Unido,GB,Lanzarote,129447.0
2022-M10,10/2022,Turistas principales,Reino Unido,GB,Fuerteventura,61590.0
2022-M10,10/2022,Turistas principales,Reino Unido,GB,Gran Canaria,77925.0
2022-M10,10/2022,Turistas principales,Reino Unido,GB,Tenerife,212131.0
2022-M10,10/2022,Turistas principales,Reino Unido,GB,La Palma,1263.0
2022-M11,11/2022,Turistas principales,Reino Unido,GB,Lanzarote,110334.0
2022-M11,11/2022,Turistas principales,Reino Unido,GB,Fuerteventura,56996.0
2022-M11,11/2022,Turistas principales,Reino Unido,GB,Gran Canaria,59174.0
2022-M11,11/2022,Turistas principales,Reino Unido,GB,Tenerife,188115.0
2022-M11,11/2022,Turistas principales,Reino Unido,GB,La Palma,266.0
2022-M12,12/2022,Turistas principales,Reino Unido,GB,Lanzarote,121796.0
2022-M12,12/2022,Turistas principales,Reino Unido,GB,Fuerteventura,59777.0
2022-M12,12/2022,Turistas principales,Reino Unido,GB,Gran Canaria,71205.0
2022-M12,12/2022,Turistas principales,Reino Unido,GB,Tenerife,215100.0
2022-M12,12/2022,Turistas principales,Reino Unido,GB,La Palma,716.0
2023-M01,01/2023,Turistas principales,Reino Unido,GB,Lanzarote,101911.0
2023-M01,01/2023,Turistas principales,Reino Unido,GB,Fuerteventura,47367.0
2023-M01,01/2023,Turistas principales,Reino Unido,GB,Gran Canaria,59806.0
2023-M01,01/2023,Turistas principales,Reino Unido,GB,Tenerife,181400.0
2023-M01,01/2023,Turistas principales,Reino Unido,GB,La Palma,798.0
2023-M02,02/2023,Turistas principales,Reino Unido,GB,Lanzarote,112614.0
2023-M02,02/2023,Turistas principales,Reino Unido,GB,Fuerteventura,60023.0
2023-M02,02/2023,Turistas principales,Reino Unido,GB,Gran Canaria,65776.0
2023-M02,02/2023,Turistas principales,Reino Unido,GB,Tenerife,185732.0
2023-M02,02/2023,Turistas principales,Reino Unido,GB,La Palma,1148.0
2023-M03,03/2023,Turistas principales,Reino Unido,GB,Lanzarote,132759.0
2023-M03,03/2023,Turistas principales,Reino Unido,GB,Fuerteventura,65096.0
2023-M03,03/2023,Turistas principales,Reino Unido,GB,Gran Canaria,73432.0
2023-M03,03/2023,Turistas principales,Reino Unido,GB,Tenerife,213808.0
2023-M03,03/2023,Turistas principales,Reino Unido,GB,La Palma,1862.0
2023-M04,04/2023,Turistas principales,Reino Unido,GB,Lanzarote,123573.0
2023-M04,04/2023,Turistas principales,Reino Unido,GB,Fuerteventura,56476.0
2023-M04,04/2023,Turistas principales,Reino Unido,GB,Gran Canaria,73811.0
2023-M04,04/2023,Turistas principales,Reino Unido,GB,Tenerife,200041.0
2023-M04,04/2023,Turistas principales,Reino Unido,GB,La Palma,1191.0
2023-M05,05/2023,Turistas principales,Reino Unido,GB,Lanzarote,121978.0
2023-M05,05/2023,Turistas principales,Reino Unido,GB,Fuerteventura,53386.0
2023-M05,05/2023,Turistas principales,Reino Unido,GB,Gran Canaria,73030.0
2023-M05,05/2023,Turistas principales,Reino Unido,GB,Tenerife,199653.0
2023-M05,05/2023,Turistas principales,Reino Unido,GB,La Palma,783.0
2023-M06,06/2023,Turistas principales,Reino Unido,GB,Lanzarote,125302.0
2023-M06,06/2023,Turistas principales,Reino Unido,GB,Fuerteventura,53388.0
2023-M06,06/2023,Turistas principales,Reino Unido,GB,Gran Canaria,80310.0
2023-M06,06/2023,Turistas principales,Reino Unido,GB,Tenerife,202556.0
2023-M06,06/2023,Turistas principales,Reino Unido,GB,La Palma,795.0
2023-M07,07/2023,Turistas principales,Reino Unido,GB,Lanzarote,131852.0
2023-M07,07/2023,Turistas principales,Reino Unido,GB,Fuerteventura,58833.0
2023-M07,07/2023,Turistas principales,Reino Unido,GB,Gran Canaria,84549.0
2023-M07,07/2023,Turistas principales,Reino Unido,GB,Tenerife,215302.0
2023-M07,07/2023,Turistas principales,Reino Unido,GB,La Palma,747.0
2023-M08,08/2023,Turistas principales,Reino Unido,GB,Lanzarote,133684.0
2023-M08,08/2023,Turistas principales,Reino Unido,GB,Fuerteventura,59640.0
2023-M08,08/2023,Turistas principales,Reino Unido,GB,Gran Canaria,84328.0
2023-M08,08/2023,Turistas principales,Reino Unido,GB,Tenerife,211272.0
2023-M08,08/2023,Turistas principales,Reino Unido,GB,La Palma,1575.0
2023-M09,09/2023,Turistas principales,Reino Unido,GB,Lanzarote,120768.0
2023-M09,09/2023,Turistas principales,Reino Unido,GB,Fuerteventura,56499.0
2023-M09,09/2023,Turistas principales,Reino Unido,GB,Gran Canaria,78416.0
2023-M09,09/2023,Turistas principales,Reino Unido,GB,Tenerife,203563.0
2023-M09,09/2023,Turistas principales,Reino Unido,GB,La Palma,637.0
2023-M10,10/2023,Turistas principales,Reino Unido,GB,Lanzarote,139353.0
2023-M10,10/2023,Turistas principales,Reino Unido,GB,Fuerteventura,63318.0
2023-M10,10/2023,Turistas principales,Reino Unido,GB,Gran Canaria,84954.0
2023-M10,10/2023,Turistas principales,Reino Unido,GB,Tenerife,225602.0
2023-M10,10/2023,Turistas principales,Reino Unido,GB,La Palma,429.0
2023-M11,11/2023,Turistas principales,Reino Unido,GB,Lanzarote,117889.0
2023-M11,11/2023,Turistas principales,Reino Unido,GB,Fuerteventura,61801.0
2023-M11,11/2023,Turistas principales,Reino Unido,GB,Gran Canaria,69047.0
2023-M11,11/2023,Turistas principales,Reino Unido,GB,Tenerife,215391.0
2023-M11,11/2023,Turistas principales,Reino Unido,GB,La Palma,1561.0
2023-M12,12/2023,Turistas principales,Reino Unido,GB,Lanzarote,134324.0
2023-M12,12/2023,Turistas principales,Reino Unido,GB,Fuerteventura,66228.0
2023-M12,12/2023,Turistas principales,Reino Unido,GB,Gran Canaria,78352.0
2023-M12,12/2023,Turistas principales,Reino Unido,GB,Tenerife,235003.0
2023-M12,12/2023,Turistas principales,Reino Unido,GB,La Palma,1439.0
2024-M01,01/2024,Turistas principales,Reino Unido,GB,Lanzarote,115082.0
2024-M01,01/2024,Turistas principales,Reino Unido,GB,Fuerteventura,54976.0
2024-M01,01/2024,Turistas principales,Reino Unido,GB,Gran Canaria,67983.0
2024-M01,01/2024,Turistas principales,Reino Unido,GB,Tenerife,201370.0
2024-M01,01/2024,Turistas principales,Reino Unido,GB,La Palma,1273.0
2024-M02,02/2024,Turistas principales,Reino Unido,GB,Lanzarote,137123.0
2024-M02,02/2024,Turistas principales,Reino Unido,GB,Fuerteventura,65119.0
2024-M02,02/2024,Turistas principales,Reino Unido,GB,Gran Canaria,77366.0
2024-M02,02/2024,Turistas principales,Reino Unido,GB,Tenerife,219343.0
2024-M02,02/2024,Turistas principales,Reino Unido,GB,La Palma,1696.0
2024-M03,03/2024,Turistas principales,Reino Unido,GB,Lanzarote,154060.0
2024-M03,03/2024,Turistas principales,Reino Unido,GB,Fuerteventura,75636.0
2024-M03,03/2024,Turistas principales,Reino Unido,GB,Gran Canaria,87196.0
2024-M03,03/2024,Turistas principales,Reino Unido,GB,Tenerife,244670.0
2024-M03,03/2024,Turistas principales,Reino Unido,GB,La Palma,1248.0
2024-M04,04/2024,Turistas principales,Reino Unido,GB,Lanzarote,131243.0
2024-M04,04/2024,Turistas principales,Reino Unido,GB,Fuerteventura,57221.0
2024-M04,04/2024,Turistas principales,Reino Unido,GB,Gran Canaria,84823.0
2024-M04,04/2024,Turistas principales,Reino Unido,GB,Tenerife,218334.0
2024-M04,04/2024,Turistas principales,Reino Unido,GB,La Palma,1303.0
2024-M05,05/2024,Turistas principales,Reino Unido,GB,Lanzarote,128655.0
2024-M05,05/2024,Turistas principales,Reino Unido,GB,Fuerteventura,59058.0
2024-M05,05/2024,Turistas principales,Reino Unido,GB,Gran Canaria,84776.0
2024-M05,05/2024,Turistas principales,Reino Unido,GB,Tenerife,218746.0
2024-M05,05/2024,Turistas principales,Reino Unido,GB,La Palma,714.0
2024-M06,06/2024,Turistas principales,Reino Unido,GB,Lanzarote,135659.0
2024-M06,06/2024,Turistas principales,Reino Unido,GB,Fuerteventura,60405.0
2024-M06,06/2024,Turistas principales,Reino Unido,GB,Gran Canaria,87700.0
2024-M06,06/2024,Turistas principales,Reino Unido,GB,Tenerife,222430.0
2024-M06,06/2024,Turistas principales,Reino Unido,GB,La Palma,823.0
2024-M07,07/2024,Turistas principales,Reino Unido,GB,Lanzarote,143880.0
2024-M07,07/2024,Turistas principales,Reino Unido,GB,Fuerteventura,65921.0
2024-M07,07/2024,Turistas principales,Reino Unido,GB,Gran Canaria,88946.0
2024-M07,07/2024,Turistas principales,Reino Unido,GB,Tenerife,233524.0
2024-M07,07/2024,Turistas principales,Reino Unido,GB,La Palma,760.0
2024-M08,08/2024,Turistas principales,Reino Unido,GB,Lanzarote,150610.0
2024-M08,08/2024,Turistas principales,Reino Unido,GB,Fuerteventura,65236.0
2024-M08,08/2024,Turistas principales,Reino Unido,GB,Gran Canaria,93570.0
2024-M08,08/2024,Turistas principales,Reino Unido,GB,Tenerife,232543.0
2024-M08,08/2024,Turistas principales,Reino Unido,GB,La Palma,1008.0
2024-M09,09/2024,Turistas principales,Reino Unido,GB,Lanzarote,136620.0
2024-M09,09/2024,Turistas principales,Reino Unido,GB,Fuerteventura,59364.0
2024-M09,09/2024,Turistas principales,Reino Unido,GB,Gran Canaria,87014.0
2024-M09,09/2024,Turistas principales,Reino Unido,GB,Tenerife,220558.0
2024-M09,09/2024,Turistas principales,Reino Unido,GB,La Palma,667.0
2024-M10,10/2024,Turistas principales,Reino Unido,GB,Lanzarote,154965.0
2024-M10,10/2024,Turistas principales,Reino Unido,GB,Fuerteventura,71585.0
2024-M10,10/2024,Turistas principales,Reino Unido,GB,Gran Canaria,91009.0
2024-M10,10/2024,Turistas principales,Reino Unido,GB,Tenerife,246796.0
2024-M10,10/2024,Turistas principales,Reino Unido,GB,La Palma,736.0
2024-M11,11/2024,Turistas principales,Reino Unido,GB,Lanzarote,137736.0
2024-M11,11/2024,Turistas principales,Reino Unido,GB,Fuerteventura,70842.0
2024-M11,11/2024,Turistas principales,Reino Unido,GB,Gran Canaria,71175.0
2024-M11,11/2024,Turistas principales,Reino Unido,GB,Tenerife,232643.0
2024-M11,11/2024,Turistas principales,Reino Unido,GB,La Palma,1235.0
2024-M12,12/2024,Turistas principales,Reino Unido,GB,Lanzarote,144433.0
2024-M12,12/2024,Turistas principales,Reino Unido,GB,Fuerteventura,69603.0
2024-M12,12/2024,Turistas principales,Reino Unido,GB,Gran Canaria,81881.0
2024-M12,12/2024,Turistas principales,Reino Unido,GB,Tenerife,235565.0
2024-M12,12/2024,Turistas principales,Reino Unido,GB,La Palma,1056.0
2025-M01,01/2025,Turistas principales,Reino Unido,GB,Lanzarote,124624.0
2025-M01,01/2025,Turistas principales,Reino Unido,GB,Fuerteventura,63045.0
2025-M01,01/2025,Turistas principales,Reino Unido,GB,Gran Canaria,68483.0
2025-M01,01/2025,Turistas principales,Reino Unido,GB,Tenerife,217970.0
2025-M01,01/2025,Turistas principales,Reino Unido,GB,La Palma,1320.0
2025-M02,02/2025,Turistas principales,Reino Unido,GB,Lanzarote,137294.0
2025-M02,02/2025,Turistas principales,Reino Unido,GB,Fuerteventura,74477.0
2025-M02,02/2025,Turistas principales,Reino Unido,GB,Gran Canaria,69365.0
2025-M02,02/2025,Turistas principales,Reino Unido,GB,Tenerife,223637.0
2025-M02,02/2025,Turistas principales,Reino Unido,GB,La Palma,980.0
2025-M03,03/2025,Turistas principales,Reino Unido,GB,Lanzarote,152445.0
2025-M03,03/2025,Turistas principales,Reino Unido,GB,Fuerteventura,78745.0
2025-M03,03/2025,Turistas principales,Reino Unido,GB,Gran Canaria,83034.0
2025-M03,03/2025,Turistas principales,Reino Unido,GB,Tenerife,239215.0
2025-M03,03/2025,Turistas principales,Reino Unido,GB,La Palma,1274.0
2025-M04,04/2025,Turistas principales,Reino Unido,GB,Lanzarote,138565.0
2025-M04,04/2025,Turistas principales,Reino Unido,GB,Fuerteventura,71383.0
2025-M04,04/2025,Turistas principales,Reino Unido,GB,Gran Canaria,77438.0
2025-M04,04/2025,Turistas principales,Reino Unido,GB,Tenerife,223163.0
2025-M04,04/2025,Turistas principales,Reino Unido,GB,La Palma,1484.0
2025-M05,05/2025,Turistas principales,Reino Unido,GB,Lanzarote,137974.0
2025-M05,05/2025,Turistas principales,Reino Unido,GB,Fuerteventura,64713.0
2025-M05,05/2025,Turistas principales,Reino Unido,GB,Gran Canaria,91913.0
2025-M05,05/2025,Turistas principales,Reino Unido,GB,Tenerife,225322.0
2025-M05,05/2025,Turistas principales,Reino Unido,GB,La Palma,1679.0
2025-M06,06/2025,Turistas principales,Reino Unido,GB,Lanzarote,137494.0
2025-M06,06/2025,Turistas principales,Reino Unido,GB,Fuerteventura,66399.0
2025-M06,06/2025,Turistas principales,Reino Unido,GB,Gran Canaria,89585.0
2025-M06,06/2025,Turistas principales,Reino Unido,GB,Tenerife,221673.0
2025-M06,06/2025,Turistas principales,Reino Unido,GB,La Palma,1367.0
2025-M07,07/2025,Turistas principales,Reino Unido,GB,Lanzarote,152306.0
2025-M07,07/2025,Turistas principales,Reino Unido,GB,Fuerteventura,75260.0
2025-M07,07/2025,Turistas principales,Reino Unido,GB,Gran Canaria,94895.0
2025-M07,07/2025,Turistas principales,Reino Unido,GB,Tenerife,237220.0
2025-M07,07/2025,Turistas principales,Reino Unido,GB,La Palma,1627.0
2020-M01,01/2020,Turistas principales,Italia,IT,Lanzarote,4388.0
2020-M01,01/2020,Turistas principales,Italia,IT,Fuerteventura,5301.0
2020-M01,01/2020,Turistas principales,Italia,IT,Gran Canaria,9157.0
2020-M01,01/2020,Turistas principales,Italia,IT,Tenerife,18508.0
2020-M01,01/2020,Turistas principales,Italia,IT,La Palma,218.0
2020-M02,02/2020,Turistas principales,Italia,IT,Lanzarote,3891.0
2020-M02,02/2020,Turistas principales,Italia,IT,Fuerteventura,5069.0
2020-M02,02/2020,Turistas principales,Italia,IT,Gran Canaria,7100.0
2020-M02,02/2020,Turistas principales,Italia,IT,Tenerife,17212.0
2020-M02,02/2020,Turistas principales,Italia,IT,La Palma,184.0
2020-M03,03/2020,Turistas principales,Italia,IT,Lanzarote,1114.0
2020-M03,03/2020,Turistas principales,Italia,IT,Fuerteventura,1630.0
2020-M03,03/2020,Turistas principales,Italia,IT,Gran Canaria,2297.0
2020-M03,03/2020,Turistas principales,Italia,IT,Tenerife,3848.0
2020-M03,03/2020,Turistas principales,Italia,IT,La Palma,
2020-M04,04/2020,Turistas principales,Italia,IT,Lanzarote,
2020-M04,04/2020,Turistas principales,Italia,IT,Fuerteventura,
2020-M04,04/2020,Turistas principales,Italia,IT,Gran Canaria,
2020-M04,04/2020,Turistas principales,Italia,IT,Tenerife,
2020-M04,04/2020,Turistas principales,Italia,IT,La Palma,
2020-M05,05/2020,Turistas principales,Italia,IT,Lanzarote,
2020-M05,05/2020,Turistas principales,Italia,IT,Fuerteventura,
2020-M05,05/2020,Turistas principales,Italia,IT,Gran Canaria,
2020-M05,05/2020,Turistas principales,Italia,IT,Tenerife,
2020-M05,05/2020,Turistas principales,Italia,IT,La Palma,
2020-M06,06/2020,Turistas principales,Italia,IT,Lanzarote,11.0
2020-M06,06/2020,Turistas principales,Italia,IT,Fuerteventura,31.0
2020-M06,06/2020,Turistas principales,Italia,IT,Gran Canaria,97.0
2020-M06,06/2020,Turistas principales,Italia,IT,Tenerife,113.0
2020-M06,06/2020,Turistas principales,Italia,IT,La Palma,0.0
2020-M07,07/2020,Turistas principales,Italia,IT,Lanzarote,1822.0
2020-M07,07/2020,Turistas principales,Italia,IT,Fuerteventura,1490.0
2020-M07,07/2020,Turistas principales,Italia,IT,Gran Canaria,1925.0
2020-M07,07/2020,Turistas principales,Italia,IT,Tenerife,4244.0
2020-M07,07/2020,Turistas principales,Italia,IT,La Palma,43.0
2020-M08,08/2020,Turistas principales,Italia,IT,Lanzarote,2711.0
2020-M08,08/2020,Turistas principales,Italia,IT,Fuerteventura,4080.0
2020-M08,08/2020,Turistas principales,Italia,IT,Gran Canaria,3952.0
2020-M08,08/2020,Turistas principales,Italia,IT,Tenerife,7814.0
2020-M08,08/2020,Turistas principales,Italia,IT,La Palma,61.0
2020-M09,09/2020,Turistas principales,Italia,IT,Lanzarote,1032.0
2020-M09,09/2020,Turistas principales,Italia,IT,Fuerteventura,1870.0
2020-M09,09/2020,Turistas principales,Italia,IT,Gran Canaria,1491.0
2020-M09,09/2020,Turistas principales,Italia,IT,Tenerife,3963.0
2020-M09,09/2020,Turistas principales,Italia,IT,La Palma,83.0
2020-M10,10/2020,Turistas principales,Italia,IT,Lanzarote,745.0
2020-M10,10/2020,Turistas principales,Italia,IT,Fuerteventura,2327.0
2020-M10,10/2020,Turistas principales,Italia,IT,Gran Canaria,1076.0
2020-M10,10/2020,Turistas principales,Italia,IT,Tenerife,4198.0
2020-M10,10/2020,Turistas principales,Italia,IT,La Palma,43.0
2020-M11,11/2020,Turistas principales,Italia,IT,Lanzarote,260.0
2020-M11,11/2020,Turistas principales,Italia,IT,Fuerteventura,613.0
2020-M11,11/2020,Turistas principales,Italia,IT,Gran Canaria,1064.0
2020-M11,11/2020,Turistas principales,Italia,IT,Tenerife,2165.0
2020-M11,11/2020,Turistas principales,Italia,IT,La Palma,52.0
2020-M12,12/2020,Turistas principales,Italia,IT,Lanzarote,305.0
2020-M12,12/2020,Turistas principales,Italia,IT,Fuerteventura,707.0
2020-M12,12/2020,Turistas principales,Italia,IT,Gran Canaria,1381.0
2020-M12,12/2020,Turistas principales,Italia,IT,Tenerife,1882.0
2020-M12,12/2020,Turistas principales,Italia,IT,La Palma,14.0
2021-M01,01/2021,Turistas principales,Italia,IT,Lanzarote,317.0
2021-M01,01/2021,Turistas principales,Italia,IT,Fuerteventura,677.0
2021-M01,01/2021,Turistas principales,Italia,IT,Gran Canaria,1455.0
2021-M01,01/2021,Turistas principales,Italia,IT,Tenerife,2943.0
2021-M01,01/2021,Turistas principales,Italia,IT,La Palma,29.0
2021-M02,02/2021,Turistas principales,Italia,IT,Lanzarote,322.0
2021-M02,02/2021,Turistas principales,Italia,IT,Fuerteventura,575.0
2021-M02,02/2021,Turistas principales,Italia,IT,Gran Canaria,981.0
2021-M02,02/2021,Turistas principales,Italia,IT,Tenerife,3157.0
2021-M02,02/2021,Turistas principales,Italia,IT,La Palma,71.0
2021-M03,03/2021,Turistas principales,Italia,IT,Lanzarote,427.0
2021-M03,03/2021,Turistas principales,Italia,IT,Fuerteventura,1451.0
2021-M03,03/2021,Turistas principales,Italia,IT,Gran Canaria,1613.0
2021-M03,03/2021,Turistas principales,Italia,IT,Tenerife,4311.0
2021-M03,03/2021,Turistas principales,Italia,IT,La Palma,38.0
2021-M04,04/2021,Turistas principales,Italia,IT,Lanzarote,1027.0
2021-M04,04/2021,Turistas principales,Italia,IT,Fuerteventura,2739.0
2021-M04,04/2021,Turistas principales,Italia,IT,Gran Canaria,2385.0
2021-M04,04/2021,Turistas principales,Italia,IT,Tenerife,6487.0
2021-M04,04/2021,Turistas principales,Italia,IT,La Palma,6.0
2021-M05,05/2021,Turistas principales,Italia,IT,Lanzarote,1657.0
2021-M05,05/2021,Turistas principales,Italia,IT,Fuerteventura,3788.0
2021-M05,05/2021,Turistas principales,Italia,IT,Gran Canaria,2303.0
2021-M05,05/2021,Turistas principales,Italia,IT,Tenerife,7162.0
2021-M05,05/2021,Turistas principales,Italia,IT,La Palma,91.0
2021-M06,06/2021,Turistas principales,Italia,IT,Lanzarote,2652.0
2021-M06,06/2021,Turistas principales,Italia,IT,Fuerteventura,3689.0
2021-M06,06/2021,Turistas principales,Italia,IT,Gran Canaria,3510.0
2021-M06,06/2021,Turistas principales,Italia,IT,Tenerife,7606.0
2021-M06,06/2021,Turistas principales,Italia,IT,La Palma,39.0
2021-M07,07/2021,Turistas principales,Italia,IT,Lanzarote,4513.0
2021-M07,07/2021,Turistas principales,Italia,IT,Fuerteventura,5495.0
2021-M07,07/2021,Turistas principales,Italia,IT,Gran Canaria,4047.0
2021-M07,07/2021,Turistas principales,Italia,IT,Tenerife,11035.0
2021-M07,07/2021,Turistas principales,Italia,IT,La Palma,6.0
2021-M08,08/2021,Turistas principales,Italia,IT,Lanzarote,5181.0
2021-M08,08/2021,Turistas principales,Italia,IT,Fuerteventura,10684.0
2021-M08,08/2021,Turistas principales,Italia,IT,Gran Canaria,5851.0
2021-M08,08/2021,Turistas principales,Italia,IT,Tenerife,19223.0
2021-M08,08/2021,Turistas principales,Italia,IT,La Palma,182.0
2021-M09,09/2021,Turistas principales,Italia,IT,Lanzarote,4869.0
2021-M09,09/2021,Turistas principales,Italia,IT,Fuerteventura,6772.0
2021-M09,09/2021,Turistas principales,Italia,IT,Gran Canaria,5833.0
2021-M09,09/2021,Turistas principales,Italia,IT,Tenerife,15286.0
2021-M09,09/2021,Turistas principales,Italia,IT,La Palma,124.0
2021-M10,10/2021,Turistas principales,Italia,IT,Lanzarote,5033.0
2021-M10,10/2021,Turistas principales,Italia,IT,Fuerteventura,9471.0
2021-M10,10/2021,Turistas principales,Italia,IT,Gran Canaria,5384.0
2021-M10,10/2021,Turistas principales,Italia,IT,Tenerife,18070.0
2021-M10,10/2021,Turistas principales,Italia,IT,La Palma,102.0
2021-M11,11/2021,Turistas principales,Italia,IT,Lanzarote,6151.0
2021-M11,11/2021,Turistas principales,Italia,IT,Fuerteventura,8518.0
2021-M11,11/2021,Turistas principales,Italia,IT,Gran Canaria,6002.0
2021-M11,11/2021,Turistas principales,Italia,IT,Tenerife,20780.0
2021-M11,11/2021,Turistas principales,Italia,IT,La Palma,109.0
2021-M12,12/2021,Turistas principales,Italia,IT,Lanzarote,6426.0
2021-M12,12/2021,Turistas principales,Italia,IT,Fuerteventura,8121.0
2021-M12,12/2021,Turistas principales,Italia,IT,Gran Canaria,8899.0
2021-M12,12/2021,Turistas principales,Italia,IT,Tenerife,20511.0
2021-M12,12/2021,Turistas principales,Italia,IT,La Palma,155.0
2022-M01,01/2022,Turistas principales,Italia,IT,Lanzarote,4157.0
2022-M01,01/2022,Turistas principales,Italia,IT,Fuerteventura,4934.0
2022-M01,01/2022,Turistas principales,Italia,IT,Gran Canaria,7236.0
2022-M01,01/2022,Turistas principales,Italia,IT,Tenerife,18376.0
2022-M01,01/2022,Turistas principales,Italia,IT,La Palma,183.0
2022-M02,02/2022,Turistas principales,Italia,IT,Lanzarote,4805.0
2022-M02,02/2022,Turistas principales,Italia,IT,Fuerteventura,5797.0
2022-M02,02/2022,Turistas principales,Italia,IT,Gran Canaria,7524.0
2022-M02,02/2022,Turistas principales,Italia,IT,Tenerife,19960.0
2022-M02,02/2022,Turistas principales,Italia,IT,La Palma,72.0
2022-M03,03/2022,Turistas principales,Italia,IT,Lanzarote,5838.0
2022-M03,03/2022,Turistas principales,Italia,IT,Fuerteventura,7838.0
2022-M03,03/2022,Turistas principales,Italia,IT,Gran Canaria,7973.0
2022-M03,03/2022,Turistas principales,Italia,IT,Tenerife,28098.0
2022-M03,03/2022,Turistas principales,Italia,IT,La Palma,89.0
2022-M04,04/2022,Turistas principales,Italia,IT,Lanzarote,6856.0
2022-M04,04/2022,Turistas principales,Italia,IT,Fuerteventura,8852.0
2022-M04,04/2022,Turistas principales,Italia,IT,Gran Canaria,8220.0
2022-M04,04/2022,Turistas principales,Italia,IT,Tenerife,21257.0
2022-M04,04/2022,Turistas principales,Italia,IT,La Palma,
2022-M05,05/2022,Turistas principales,Italia,IT,Lanzarote,7399.0
2022-M05,05/2022,Turistas principales,Italia,IT,Fuerteventura,12297.0
2022-M05,05/2022,Turistas principales,Italia,IT,Gran Canaria,11255.0
2022-M05,05/2022,Turistas principales,Italia,IT,Tenerife,23990.0
2022-M05,05/2022,Turistas principales,Italia,IT,La Palma,187.0
2022-M06,06/2022,Turistas principales,Italia,IT,Lanzarote,7725.0
2022-M06,06/2022,Turistas principales,Italia,IT,Fuerteventura,12624.0
2022-M06,06/2022,Turistas principales,Italia,IT,Gran Canaria,7945.0
2022-M06,06/2022,Turistas principales,Italia,IT,Tenerife,23255.0
2022-M06,06/2022,Turistas principales,Italia,IT,La Palma,39.0
2022-M07,07/2022,Turistas principales,Italia,IT,Lanzarote,8159.0
2022-M07,07/2022,Turistas principales,Italia,IT,Fuerteventura,12776.0
2022-M07,07/2022,Turistas principales,Italia,IT,Gran Canaria,9154.0
2022-M07,07/2022,Turistas principales,Italia,IT,Tenerife,22560.0
2022-M07,07/2022,Turistas principales,Italia,IT,La Palma,81.0
2022-M08,08/2022,Turistas principales,Italia,IT,Lanzarote,9227.0
2022-M08,08/2022,Turistas principales,Italia,IT,Fuerteventura,13560.0
2022-M08,08/2022,Turistas principales,Italia,IT,Gran Canaria,11784.0
2022-M08,08/2022,Turistas principales,Italia,IT,Tenerife,21526.0
2022-M08,08/2022,Turistas principales,Italia,IT,La Palma,191.0
2022-M09,09/2022,Turistas principales,Italia,IT,Lanzarote,8577.0
2022-M09,09/2022,Turistas principales,Italia,IT,Fuerteventura,12778.0
2022-M09,09/2022,Turistas principales,Italia,IT,Gran Canaria,9264.0
2022-M09,09/2022,Turistas principales,Italia,IT,Tenerife,22461.0
2022-M09,09/2022,Turistas principales,Italia,IT,La Palma,47.0
2022-M10,10/2022,Turistas principales,Italia,IT,Lanzarote,9736.0
2022-M10,10/2022,Turistas principales,Italia,IT,Fuerteventura,13504.0
2022-M10,10/2022,Turistas principales,Italia,IT,Gran Canaria,9842.0
2022-M10,10/2022,Turistas principales,Italia,IT,Tenerife,21247.0
2022-M10,10/2022,Turistas principales,Italia,IT,La Palma,142.0
2022-M11,11/2022,Turistas principales,Italia,IT,Lanzarote,6842.0
2022-M11,11/2022,Turistas principales,Italia,IT,Fuerteventura,9373.0
2022-M11,11/2022,Turistas principales,Italia,IT,Gran Canaria,10574.0
2022-M11,11/2022,Turistas principales,Italia,IT,Tenerife,28350.0
2022-M11,11/2022,Turistas principales,Italia,IT,La Palma,56.0
2022-M12,12/2022,Turistas principales,Italia,IT,Lanzarote,8220.0
2022-M12,12/2022,Turistas principales,Italia,IT,Fuerteventura,10612.0
2022-M12,12/2022,Turistas principales,Italia,IT,Gran Canaria,10455.0
2022-M12,12/2022,Turistas principales,Italia,IT,Tenerife,27336.0
2022-M12,12/2022,Turistas principales,Italia,IT,La Palma,179.0
2023-M01,01/2023,Turistas principales,Italia,IT,Lanzarote,8440.0
2023-M01,01/2023,Turistas principales,Italia,IT,Fuerteventura,11061.0
2023-M01,01/2023,Turistas principales,Italia,IT,Gran Canaria,13222.0
2023-M01,01/2023,Turistas principales,Italia,IT,Tenerife,28668.0
2023-M01,01/2023,Turistas principales,Italia,IT,La Palma,227.0
2023-M02,02/2023,Turistas principales,Italia,IT,Lanzarote,7351.0
2023-M02,02/2023,Turistas principales,Italia,IT,Fuerteventura,5883.0
2023-M02,02/2023,Turistas principales,Italia,IT,Gran Canaria,9650.0
2023-M02,02/2023,Turistas principales,Italia,IT,Tenerife,23629.0
2023-M02,02/2023,Turistas principales,Italia,IT,La Palma,141.0
2023-M03,03/2023,Turistas principales,Italia,IT,Lanzarote,7410.0
2023-M03,03/2023,Turistas principales,Italia,IT,Fuerteventura,10039.0
2023-M03,03/2023,Turistas principales,Italia,IT,Gran Canaria,10709.0
2023-M03,03/2023,Turistas principales,Italia,IT,Tenerife,26321.0
2023-M03,03/2023,Turistas principales,Italia,IT,La Palma,
2023-M04,04/2023,Turistas principales,Italia,IT,Lanzarote,8138.0
2023-M04,04/2023,Turistas principales,Italia,IT,Fuerteventura,9749.0
2023-M04,04/2023,Turistas principales,Italia,IT,Gran Canaria,9134.0
2023-M04,04/2023,Turistas principales,Italia,IT,Tenerife,22977.0
2023-M04,04/2023,Turistas principales,Italia,IT,La Palma,
2023-M05,05/2023,Turistas principales,Italia,IT,Lanzarote,7591.0
2023-M05,05/2023,Turistas principales,Italia,IT,Fuerteventura,9668.0
2023-M05,05/2023,Turistas principales,Italia,IT,Gran Canaria,9817.0
2023-M05,05/2023,Turistas principales,Italia,IT,Tenerife,24351.0
2023-M05,05/2023,Turistas principales,Italia,IT,La Palma,176.0
2023-M06,06/2023,Turistas principales,Italia,IT,Lanzarote,6904.0
2023-M06,06/2023,Turistas principales,Italia,IT,Fuerteventura,9334.0
2023-M06,06/2023,Turistas principales,Italia,IT,Gran Canaria,8402.0
2023-M06,06/2023,Turistas principales,Italia,IT,Tenerife,21415.0
2023-M06,06/2023,Turistas principales,Italia,IT,La Palma,
2023-M07,07/2023,Turistas principales,Italia,IT,Lanzarote,8019.0
2023-M07,07/2023,Turistas principales,Italia,IT,Fuerteventura,9454.0
2023-M07,07/2023,Turistas principales,Italia,IT,Gran Canaria,8793.0
2023-M07,07/2023,Turistas principales,Italia,IT,Tenerife,21290.0
2023-M07,07/2023,Turistas principales,Italia,IT,La Palma,155.0
2023-M08,08/2023,Turistas principales,Italia,IT,Lanzarote,9052.0
2023-M08,08/2023,Turistas principales,Italia,IT,Fuerteventura,11245.0
2023-M08,08/2023,Turistas principales,Italia,IT,Gran Canaria,10842.0
2023-M08,08/2023,Turistas principales,Italia,IT,Tenerife,27843.0
2023-M08,08/2023,Turistas principales,Italia,IT,La Palma,120.0
2023-M09,09/2023,Turistas principales,Italia,IT,Lanzarote,8001.0
2023-M09,09/2023,Turistas principales,Italia,IT,Fuerteventura,10017.0
2023-M09,09/2023,Turistas principales,Italia,IT,Gran Canaria,8440.0
2023-M09,09/2023,Turistas principales,Italia,IT,Tenerife,21689.0
2023-M09,09/2023,Turistas principales,Italia,IT,La Palma,131.0
2023-M10,10/2023,Turistas principales,Italia,IT,Lanzarote,9635.0
2023-M10,10/2023,Turistas principales,Italia,IT,Fuerteventura,9508.0
2023-M10,10/2023,Turistas principales,Italia,IT,Gran Canaria,9258.0
2023-M10,10/2023,Turistas principales,Italia,IT,Tenerife,28995.0
2023-M10,10/2023,Turistas principales,Italia,IT,La Palma,72.0
2023-M11,11/2023,Turistas principales,Italia,IT,Lanzarote,7543.0
2023-M11,11/2023,Turistas principales,Italia,IT,Fuerteventura,11251.0
2023-M11,11/2023,Turistas principales,Italia,IT,Gran Canaria,13532.0
2023-M11,11/2023,Turistas principales,Italia,IT,Tenerife,32291.0
2023-M11,11/2023,Turistas principales,Italia,IT,La Palma,90.0
2023-M12,12/2023,Turistas principales,Italia,IT,Lanzarote,9462.0
2023-M12,12/2023,Turistas principales,Italia,IT,Fuerteventura,10553.0
2023-M12,12/2023,Turistas principales,Italia,IT,Gran Canaria,13068.0
2023-M12,12/2023,Turistas principales,Italia,IT,Tenerife,32970.0
2023-M12,12/2023,Turistas principales,Italia,IT,La Palma,421.0
2024-M01,01/2024,Turistas principales,Italia,IT,Lanzarote,7237.0
2024-M01,01/2024,Turistas principales,Italia,IT,Fuerteventura,11922.0
2024-M01,01/2024,Turistas principales,Italia,IT,Gran Canaria,14782.0
2024-M01,01/2024,Turistas principales,Italia,IT,Tenerife,36670.0
2024-M01,01/2024,Turistas principales,Italia,IT,La Palma,196.0
2024-M02,02/2024,Turistas principales,Italia,IT,Lanzarote,7632.0
2024-M02,02/2024,Turistas principales,Italia,IT,Fuerteventura,9747.0
2024-M02,02/2024,Turistas principales,Italia,IT,Gran Canaria,13131.0
2024-M02,02/2024,Turistas principales,Italia,IT,Tenerife,33704.0
2024-M02,02/2024,Turistas principales,Italia,IT,La Palma,181.0
2024-M03,03/2024,Turistas principales,Italia,IT,Lanzarote,8227.0
2024-M03,03/2024,Turistas principales,Italia,IT,Fuerteventura,10669.0
2024-M03,03/2024,Turistas principales,Italia,IT,Gran Canaria,12735.0
2024-M03,03/2024,Turistas principales,Italia,IT,Tenerife,34375.0
2024-M03,03/2024,Turistas principales,Italia,IT,La Palma,162.0
2024-M04,04/2024,Turistas principales,Italia,IT,Lanzarote,6172.0
2024-M04,04/2024,Turistas principales,Italia,IT,Fuerteventura,10506.0
2024-M04,04/2024,Turistas principales,Italia,IT,Gran Canaria,11819.0
2024-M04,04/2024,Turistas principales,Italia,IT,Tenerife,29698.0
2024-M04,04/2024,Turistas principales,Italia,IT,La Palma,24.0
2024-M05,05/2024,Turistas principales,Italia,IT,Lanzarote,5404.0
2024-M05,05/2024,Turistas principales,Italia,IT,Fuerteventura,10613.0
2024-M05,05/2024,Turistas principales,Italia,IT,Gran Canaria,7297.0
2024-M05,05/2024,Turistas principales,Italia,IT,Tenerife,25982.0
2024-M05,05/2024,Turistas principales,Italia,IT,La Palma,252.0
2024-M06,06/2024,Turistas principales,Italia,IT,Lanzarote,5359.0
2024-M06,06/2024,Turistas principales,Italia,IT,Fuerteventura,12311.0
2024-M06,06/2024,Turistas principales,Italia,IT,Gran Canaria,8381.0
2024-M06,06/2024,Turistas principales,Italia,IT,Tenerife,32281.0
2024-M06,06/2024,Turistas principales,Italia,IT,La Palma,206.0
2024-M07,07/2024,Turistas principales,Italia,IT,Lanzarote,5197.0
2024-M07,07/2024,Turistas principales,Italia,IT,Fuerteventura,11563.0
2024-M07,07/2024,Turistas principales,Italia,IT,Gran Canaria,8605.0
2024-M07,07/2024,Turistas principales,Italia,IT,Tenerife,32064.0
2024-M07,07/2024,Turistas principales,Italia,IT,La Palma,143.0
2024-M08,08/2024,Turistas principales,Italia,IT,Lanzarote,5826.0
2024-M08,08/2024,Turistas principales,Italia,IT,Fuerteventura,13414.0
2024-M08,08/2024,Turistas principales,Italia,IT,Gran Canaria,10967.0
2024-M08,08/2024,Turistas principales,Italia,IT,Tenerife,35051.0
2024-M08,08/2024,Turistas principales,Italia,IT,La Palma,55.0
2024-M09,09/2024,Turistas principales,Italia,IT,Lanzarote,5244.0
2024-M09,09/2024,Turistas principales,Italia,IT,Fuerteventura,12413.0
2024-M09,09/2024,Turistas principales,Italia,IT,Gran Canaria,10679.0
2024-M09,09/2024,Turistas principales,Italia,IT,Tenerife,36977.0
2024-M09,09/2024,Turistas principales,Italia,IT,La Palma,92.0
2024-M10,10/2024,Turistas principales,Italia,IT,Lanzarote,6402.0
2024-M10,10/2024,Turistas principales,Italia,IT,Fuerteventura,12764.0
2024-M10,10/2024,Turistas principales,Italia,IT,Gran Canaria,10012.0
2024-M10,10/2024,Turistas principales,Italia,IT,Tenerife,38987.0
2024-M10,10/2024,Turistas principales,Italia,IT,La Palma,157.0
2024-M11,11/2024,Turistas principales,Italia,IT,Lanzarote,7481.0
2024-M11,11/2024,Turistas principales,Italia,IT,Fuerteventura,12794.0
2024-M11,11/2024,Turistas principales,Italia,IT,Gran Canaria,11921.0
2024-M11,11/2024,Turistas principales,Italia,IT,Tenerife,39874.0
2024-M11,11/2024,Turistas principales,Italia,IT,La Palma,31.0
2024-M12,12/2024,Turistas principales,Italia,IT,Lanzarote,7952.0
2024-M12,12/2024,Turistas principales,Italia,IT,Fuerteventura,15104.0
2024-M12,12/2024,Turistas principales,Italia,IT,Gran Canaria,15860.0
2024-M12,12/2024,Turistas principales,Italia,IT,Tenerife,42051.0
2024-M12,12/2024,Turistas principales,Italia,IT,La Palma,367.0
2025-M01,01/2025,Turistas principales,Italia,IT,Lanzarote,6899.0
2025-M01,01/2025,Turistas principales,Italia,IT,Fuerteventura,13394.0
2025-M01,01/2025,Turistas principales,Italia,IT,Gran Canaria,16796.0
2025-M01,01/2025,Turistas principales,Italia,IT,Tenerife,42234.0
2025-M01,01/2025,Turistas principales,Italia,IT,La Palma,248.0
2025-M02,02/2025,Turistas principales,Italia,IT,Lanzarote,6919.0
2025-M02,02/2025,Turistas principales,Italia,IT,Fuerteventura,12592.0
2025-M02,02/2025,Turistas principales,Italia,IT,Gran Canaria,14953.0
2025-M02,02/2025,Turistas principales,Italia,IT,Tenerife,33806.0
2025-M02,02/2025,Turistas principales,Italia,IT,La Palma,131.0
2025-M03,03/2025,Turistas principales,Italia,IT,Lanzarote,8242.0
2025-M03,03/2025,Turistas principales,Italia,IT,Fuerteventura,14162.0
2025-M03,03/2025,Turistas principales,Italia,IT,Gran Canaria,18066.0
2025-M03,03/2025,Turistas principales,Italia,IT,Tenerife,44529.0
2025-M03,03/2025,Turistas principales,Italia,IT,La Palma,350.0
2025-M04,04/2025,Turistas principales,Italia,IT,Lanzarote,6736.0
2025-M04,04/2025,Turistas principales,Italia,IT,Fuerteventura,11449.0
2025-M04,04/2025,Turistas principales,Italia,IT,Gran Canaria,13140.0
2025-M04,04/2025,Turistas principales,Italia,IT,Tenerife,27347.0
2025-M04,04/2025,Turistas principales,Italia,IT,La Palma,101.0
2025-M05,05/2025,Turistas principales,Italia,IT,Lanzarote,5107.0
2025-M05,05/2025,Turistas principales,Italia,IT,Fuerteventura,12545.0
2025-M05,05/2025,Turistas principales,Italia,IT,Gran Canaria,12173.0
2025-M05,05/2025,Turistas principales,Italia,IT,Tenerife,28418.0
2025-M05,05/2025,Turistas principales,Italia,IT,La Palma,178.0
2025-M06,06/2025,Turistas principales,Italia,IT,Lanzarote,6076.0
2025-M06,06/2025,Turistas principales,Italia,IT,Fuerteventura,13703.0
2025-M06,06/2025,Turistas principales,Italia,IT,Gran Canaria,11606.0
2025-M06,06/2025,Turistas principales,Italia,IT,Tenerife,28354.0
2025-M06,06/2025,Turistas principales,Italia,IT,La Palma,118.0
2025-M07,07/2025,Turistas principales,Italia,IT,Lanzarote,6846.0
2025-M07,07/2025,Turistas principales,Italia,IT,Fuerteventura,12865.0
2025-M07,07/2025,Turistas principales,Italia,IT,Gran Canaria,10679.0
2025-M07,07/2025,Turistas principales,Italia,IT,Tenerife,26055.0
2025-M07,07/2025,Turistas principales,Italia,IT,La Palma,123.0
2020-M01,01/2020,Turistas principales,Francia,FR,Lanzarote,10248.0
2020-M01,01/2020,Turistas principales,Francia,FR,Fuerteventura,7003.0
2020-M01,01/2020,Turistas principales,Francia,FR,Gran Canaria,5830.0
2020-M01,01/2020,Turistas principales,Francia,FR,Tenerife,18208.0
2020-M01,01/2020,Turistas principales,Francia,FR,La Palma,631.0
2020-M02,02/2020,Turistas principales,Francia,FR,Lanzarote,19132.0
2020-M02,02/2020,Turistas principales,Francia,FR,Fuerteventura,9681.0
2020-M02,02/2020,Turistas principales,Francia,FR,Gran Canaria,8157.0
2020-M02,02/2020,Turistas principales,Francia,FR,Tenerife,27122.0
2020-M02,02/2020,Turistas principales,Francia,FR,La Palma,823.0
2020-M03,03/2020,Turistas principales,Francia,FR,Lanzarote,4395.0
2020-M03,03/2020,Turistas principales,Francia,FR,Fuerteventura,5515.0
2020-M03,03/2020,Turistas principales,Francia,FR,Gran Canaria,3940.0
2020-M03,03/2020,Turistas principales,Francia,FR,Tenerife,7014.0
2020-M03,03/2020,Turistas principales,Francia,FR,La Palma,320.0
2020-M04,04/2020,Turistas principales,Francia,FR,Lanzarote,
2020-M04,04/2020,Turistas principales,Francia,FR,Fuerteventura,
2020-M04,04/2020,Turistas principales,Francia,FR,Gran Canaria,
2020-M04,04/2020,Turistas principales,Francia,FR,Tenerife,
2020-M04,04/2020,Turistas principales,Francia,FR,La Palma,
2020-M05,05/2020,Turistas principales,Francia,FR,Lanzarote,
2020-M05,05/2020,Turistas principales,Francia,FR,Fuerteventura,
2020-M05,05/2020,Turistas principales,Francia,FR,Gran Canaria,
2020-M05,05/2020,Turistas principales,Francia,FR,Tenerife,
2020-M05,05/2020,Turistas principales,Francia,FR,La Palma,
2020-M06,06/2020,Turistas principales,Francia,FR,Lanzarote,48.0
2020-M06,06/2020,Turistas principales,Francia,FR,Fuerteventura,20.0
2020-M06,06/2020,Turistas principales,Francia,FR,Gran Canaria,44.0
2020-M06,06/2020,Turistas principales,Francia,FR,Tenerife,111.0
2020-M06,06/2020,Turistas principales,Francia,FR,La Palma,
2020-M07,07/2020,Turistas principales,Francia,FR,Lanzarote,1707.0
2020-M07,07/2020,Turistas principales,Francia,FR,Fuerteventura,1257.0
2020-M07,07/2020,Turistas principales,Francia,FR,Gran Canaria,1040.0
2020-M07,07/2020,Turistas principales,Francia,FR,Tenerife,2653.0
2020-M07,07/2020,Turistas principales,Francia,FR,La Palma,25.0
2020-M08,08/2020,Turistas principales,Francia,FR,Lanzarote,4544.0
2020-M08,08/2020,Turistas principales,Francia,FR,Fuerteventura,4068.0
2020-M08,08/2020,Turistas principales,Francia,FR,Gran Canaria,3635.0
2020-M08,08/2020,Turistas principales,Francia,FR,Tenerife,9472.0
2020-M08,08/2020,Turistas principales,Francia,FR,La Palma,55.0
2020-M09,09/2020,Turistas principales,Francia,FR,Lanzarote,2575.0
2020-M09,09/2020,Turistas principales,Francia,FR,Fuerteventura,1332.0
2020-M09,09/2020,Turistas principales,Francia,FR,Gran Canaria,846.0
2020-M09,09/2020,Turistas principales,Francia,FR,Tenerife,2856.0
2020-M09,09/2020,Turistas principales,Francia,FR,La Palma,35.0
2020-M10,10/2020,Turistas principales,Francia,FR,Lanzarote,5147.0
2020-M10,10/2020,Turistas principales,Francia,FR,Fuerteventura,2986.0
2020-M10,10/2020,Turistas principales,Francia,FR,Gran Canaria,2104.0
2020-M10,10/2020,Turistas principales,Francia,FR,Tenerife,7348.0
2020-M10,10/2020,Turistas principales,Francia,FR,La Palma,186.0
2020-M11,11/2020,Turistas principales,Francia,FR,Lanzarote,597.0
2020-M11,11/2020,Turistas principales,Francia,FR,Fuerteventura,501.0
2020-M11,11/2020,Turistas principales,Francia,FR,Gran Canaria,1468.0
2020-M11,11/2020,Turistas principales,Francia,FR,Tenerife,2576.0
2020-M11,11/2020,Turistas principales,Francia,FR,La Palma,79.0
2020-M12,12/2020,Turistas principales,Francia,FR,Lanzarote,3111.0
2020-M12,12/2020,Turistas principales,Francia,FR,Fuerteventura,2019.0
2020-M12,12/2020,Turistas principales,Francia,FR,Gran Canaria,2651.0
2020-M12,12/2020,Turistas principales,Francia,FR,Tenerife,7095.0
2020-M12,12/2020,Turistas principales,Francia,FR,La Palma,58.0
2021-M01,01/2021,Turistas principales,Francia,FR,Lanzarote,1873.0
2021-M01,01/2021,Turistas principales,Francia,FR,Fuerteventura,1366.0
2021-M01,01/2021,Turistas principales,Francia,FR,Gran Canaria,1836.0
2021-M01,01/2021,Turistas principales,Francia,FR,Tenerife,6330.0
2021-M01,01/2021,Turistas principales,Francia,FR,La Palma,111.0
2021-M02,02/2021,Turistas principales,Francia,FR,Lanzarote,3599.0
2021-M02,02/2021,Turistas principales,Francia,FR,Fuerteventura,1774.0
2021-M02,02/2021,Turistas principales,Francia,FR,Gran Canaria,1969.0
2021-M02,02/2021,Turistas principales,Francia,FR,Tenerife,12796.0
2021-M02,02/2021,Turistas principales,Francia,FR,La Palma,143.0
2021-M03,03/2021,Turistas principales,Francia,FR,Lanzarote,2537.0
2021-M03,03/2021,Turistas principales,Francia,FR,Fuerteventura,1680.0
2021-M03,03/2021,Turistas principales,Francia,FR,Gran Canaria,2956.0
2021-M03,03/2021,Turistas principales,Francia,FR,Tenerife,10904.0
2021-M03,03/2021,Turistas principales,Francia,FR,La Palma,263.0
2021-M04,04/2021,Turistas principales,Francia,FR,Lanzarote,3664.0
2021-M04,04/2021,Turistas principales,Francia,FR,Fuerteventura,2275.0
2021-M04,04/2021,Turistas principales,Francia,FR,Gran Canaria,2916.0
2021-M04,04/2021,Turistas principales,Francia,FR,Tenerife,8694.0
2021-M04,04/2021,Turistas principales,Francia,FR,La Palma,34.0
2021-M05,05/2021,Turistas principales,Francia,FR,Lanzarote,7324.0
2021-M05,05/2021,Turistas principales,Francia,FR,Fuerteventura,3880.0
2021-M05,05/2021,Turistas principales,Francia,FR,Gran Canaria,4679.0
2021-M05,05/2021,Turistas principales,Francia,FR,Tenerife,15398.0
2021-M05,05/2021,Turistas principales,Francia,FR,La Palma,180.0
2021-M06,06/2021,Turistas principales,Francia,FR,Lanzarote,6508.0
2021-M06,06/2021,Turistas principales,Francia,FR,Fuerteventura,4329.0
2021-M06,06/2021,Turistas principales,Francia,FR,Gran Canaria,3412.0
2021-M06,06/2021,Turistas principales,Francia,FR,Tenerife,10981.0
2021-M06,06/2021,Turistas principales,Francia,FR,La Palma,232.0
2021-M07,07/2021,Turistas principales,Francia,FR,Lanzarote,13775.0
2021-M07,07/2021,Turistas principales,Francia,FR,Fuerteventura,7851.0
2021-M07,07/2021,Turistas principales,Francia,FR,Gran Canaria,9064.0
2021-M07,07/2021,Turistas principales,Francia,FR,Tenerife,17650.0
2021-M07,07/2021,Turistas principales,Francia,FR,La Palma,177.0
2021-M08,08/2021,Turistas principales,Francia,FR,Lanzarote,13291.0
2021-M08,08/2021,Turistas principales,Francia,FR,Fuerteventura,13589.0
2021-M08,08/2021,Turistas principales,Francia,FR,Gran Canaria,12773.0
2021-M08,08/2021,Turistas principales,Francia,FR,Tenerife,21935.0
2021-M08,08/2021,Turistas principales,Francia,FR,La Palma,173.0
2021-M09,09/2021,Turistas principales,Francia,FR,Lanzarote,8278.0
2021-M09,09/2021,Turistas principales,Francia,FR,Fuerteventura,5887.0
2021-M09,09/2021,Turistas principales,Francia,FR,Gran Canaria,6828.0
2021-M09,09/2021,Turistas principales,Francia,FR,Tenerife,15478.0
2021-M09,09/2021,Turistas principales,Francia,FR,La Palma,249.0
2021-M10,10/2021,Turistas principales,Francia,FR,Lanzarote,14449.0
2021-M10,10/2021,Turistas principales,Francia,FR,Fuerteventura,10969.0
2021-M10,10/2021,Turistas principales,Francia,FR,Gran Canaria,8886.0
2021-M10,10/2021,Turistas principales,Francia,FR,Tenerife,24848.0
2021-M10,10/2021,Turistas principales,Francia,FR,La Palma,110.0
2021-M11,11/2021,Turistas principales,Francia,FR,Lanzarote,18510.0
2021-M11,11/2021,Turistas principales,Francia,FR,Fuerteventura,11398.0
2021-M11,11/2021,Turistas principales,Francia,FR,Gran Canaria,7796.0
2021-M11,11/2021,Turistas principales,Francia,FR,Tenerife,26071.0
2021-M11,11/2021,Turistas principales,Francia,FR,La Palma,687.0
2021-M12,12/2021,Turistas principales,Francia,FR,Lanzarote,15237.0
2021-M12,12/2021,Turistas principales,Francia,FR,Fuerteventura,12136.0
2021-M12,12/2021,Turistas principales,Francia,FR,Gran Canaria,8311.0
2021-M12,12/2021,Turistas principales,Francia,FR,Tenerife,26247.0
2021-M12,12/2021,Turistas principales,Francia,FR,La Palma,133.0
2022-M01,01/2022,Turistas principales,Francia,FR,Lanzarote,7659.0
2022-M01,01/2022,Turistas principales,Francia,FR,Fuerteventura,6367.0
2022-M01,01/2022,Turistas principales,Francia,FR,Gran Canaria,4828.0
2022-M01,01/2022,Turistas principales,Francia,FR,Tenerife,19224.0
2022-M01,01/2022,Turistas principales,Francia,FR,La Palma,141.0
2022-M02,02/2022,Turistas principales,Francia,FR,Lanzarote,15563.0
2022-M02,02/2022,Turistas principales,Francia,FR,Fuerteventura,15392.0
2022-M02,02/2022,Turistas principales,Francia,FR,Gran Canaria,9014.0
2022-M02,02/2022,Turistas principales,Francia,FR,Tenerife,32886.0
2022-M02,02/2022,Turistas principales,Francia,FR,La Palma,373.0
2022-M03,03/2022,Turistas principales,Francia,FR,Lanzarote,15276.0
2022-M03,03/2022,Turistas principales,Francia,FR,Fuerteventura,12633.0
2022-M03,03/2022,Turistas principales,Francia,FR,Gran Canaria,8946.0
2022-M03,03/2022,Turistas principales,Francia,FR,Tenerife,29142.0
2022-M03,03/2022,Turistas principales,Francia,FR,La Palma,391.0
2022-M04,04/2022,Turistas principales,Francia,FR,Lanzarote,18102.0
2022-M04,04/2022,Turistas principales,Francia,FR,Fuerteventura,11684.0
2022-M04,04/2022,Turistas principales,Francia,FR,Gran Canaria,10140.0
2022-M04,04/2022,Turistas principales,Francia,FR,Tenerife,23553.0
2022-M04,04/2022,Turistas principales,Francia,FR,La Palma,353.0
2022-M05,05/2022,Turistas principales,Francia,FR,Lanzarote,14822.0
2022-M05,05/2022,Turistas principales,Francia,FR,Fuerteventura,9938.0
2022-M05,05/2022,Turistas principales,Francia,FR,Gran Canaria,11915.0
2022-M05,05/2022,Turistas principales,Francia,FR,Tenerife,25347.0
2022-M05,05/2022,Turistas principales,Francia,FR,La Palma,200.0
2022-M06,06/2022,Turistas principales,Francia,FR,Lanzarote,12833.0
2022-M06,06/2022,Turistas principales,Francia,FR,Fuerteventura,8541.0
2022-M06,06/2022,Turistas principales,Francia,FR,Gran Canaria,8496.0
2022-M06,06/2022,Turistas principales,Francia,FR,Tenerife,20509.0
2022-M06,06/2022,Turistas principales,Francia,FR,La Palma,116.0
2022-M07,07/2022,Turistas principales,Francia,FR,Lanzarote,16295.0
2022-M07,07/2022,Turistas principales,Francia,FR,Fuerteventura,13748.0
2022-M07,07/2022,Turistas principales,Francia,FR,Gran Canaria,14414.0
2022-M07,07/2022,Turistas principales,Francia,FR,Tenerife,22625.0
2022-M07,07/2022,Turistas principales,Francia,FR,La Palma,620.0
2022-M08,08/2022,Turistas principales,Francia,FR,Lanzarote,16779.0
2022-M08,08/2022,Turistas principales,Francia,FR,Fuerteventura,14537.0
2022-M08,08/2022,Turistas principales,Francia,FR,Gran Canaria,16999.0
2022-M08,08/2022,Turistas principales,Francia,FR,Tenerife,29407.0
2022-M08,08/2022,Turistas principales,Francia,FR,La Palma,425.0
2022-M09,09/2022,Turistas principales,Francia,FR,Lanzarote,12125.0
2022-M09,09/2022,Turistas principales,Francia,FR,Fuerteventura,10356.0
2022-M09,09/2022,Turistas principales,Francia,FR,Gran Canaria,10480.0
2022-M09,09/2022,Turistas principales,Francia,FR,Tenerife,20311.0
2022-M09,09/2022,Turistas principales,Francia,FR,La Palma,261.0
2022-M10,10/2022,Turistas principales,Francia,FR,Lanzarote,18502.0
2022-M10,10/2022,Turistas principales,Francia,FR,Fuerteventura,14723.0
2022-M10,10/2022,Turistas principales,Francia,FR,Gran Canaria,12160.0
2022-M10,10/2022,Turistas principales,Francia,FR,Tenerife,27739.0
2022-M10,10/2022,Turistas principales,Francia,FR,La Palma,398.0
2022-M11,11/2022,Turistas principales,Francia,FR,Lanzarote,13552.0
2022-M11,11/2022,Turistas principales,Francia,FR,Fuerteventura,10288.0
2022-M11,11/2022,Turistas principales,Francia,FR,Gran Canaria,10793.0
2022-M11,11/2022,Turistas principales,Francia,FR,Tenerife,27016.0
2022-M11,11/2022,Turistas principales,Francia,FR,La Palma,529.0
2022-M12,12/2022,Turistas principales,Francia,FR,Lanzarote,19314.0
2022-M12,12/2022,Turistas principales,Francia,FR,Fuerteventura,13740.0
2022-M12,12/2022,Turistas principales,Francia,FR,Gran Canaria,14506.0
2022-M12,12/2022,Turistas principales,Francia,FR,Tenerife,33551.0
2022-M12,12/2022,Turistas principales,Francia,FR,La Palma,325.0
2023-M01,01/2023,Turistas principales,Francia,FR,Lanzarote,14020.0
2023-M01,01/2023,Turistas principales,Francia,FR,Fuerteventura,10301.0
2023-M01,01/2023,Turistas principales,Francia,FR,Gran Canaria,11094.0
2023-M01,01/2023,Turistas principales,Francia,FR,Tenerife,25580.0
2023-M01,01/2023,Turistas principales,Francia,FR,La Palma,561.0
2023-M02,02/2023,Turistas principales,Francia,FR,Lanzarote,22447.0
2023-M02,02/2023,Turistas principales,Francia,FR,Fuerteventura,13948.0
2023-M02,02/2023,Turistas principales,Francia,FR,Gran Canaria,17263.0
2023-M02,02/2023,Turistas principales,Francia,FR,Tenerife,33182.0
2023-M02,02/2023,Turistas principales,Francia,FR,La Palma,246.0
2023-M03,03/2023,Turistas principales,Francia,FR,Lanzarote,17904.0
2023-M03,03/2023,Turistas principales,Francia,FR,Fuerteventura,12236.0
2023-M03,03/2023,Turistas principales,Francia,FR,Gran Canaria,11452.0
2023-M03,03/2023,Turistas principales,Francia,FR,Tenerife,30013.0
2023-M03,03/2023,Turistas principales,Francia,FR,La Palma,476.0
2023-M04,04/2023,Turistas principales,Francia,FR,Lanzarote,20812.0
2023-M04,04/2023,Turistas principales,Francia,FR,Fuerteventura,12808.0
2023-M04,04/2023,Turistas principales,Francia,FR,Gran Canaria,13499.0
2023-M04,04/2023,Turistas principales,Francia,FR,Tenerife,30900.0
2023-M04,04/2023,Turistas principales,Francia,FR,La Palma,322.0
2023-M05,05/2023,Turistas principales,Francia,FR,Lanzarote,16499.0
2023-M05,05/2023,Turistas principales,Francia,FR,Fuerteventura,8284.0
2023-M05,05/2023,Turistas principales,Francia,FR,Gran Canaria,12421.0
2023-M05,05/2023,Turistas principales,Francia,FR,Tenerife,24985.0
2023-M05,05/2023,Turistas principales,Francia,FR,La Palma,347.0
2023-M06,06/2023,Turistas principales,Francia,FR,Lanzarote,14534.0
2023-M06,06/2023,Turistas principales,Francia,FR,Fuerteventura,7622.0
2023-M06,06/2023,Turistas principales,Francia,FR,Gran Canaria,9980.0
2023-M06,06/2023,Turistas principales,Francia,FR,Tenerife,20120.0
2023-M06,06/2023,Turistas principales,Francia,FR,La Palma,92.0
2023-M07,07/2023,Turistas principales,Francia,FR,Lanzarote,19186.0
2023-M07,07/2023,Turistas principales,Francia,FR,Fuerteventura,14242.0
2023-M07,07/2023,Turistas principales,Francia,FR,Gran Canaria,13442.0
2023-M07,07/2023,Turistas principales,Francia,FR,Tenerife,26760.0
2023-M07,07/2023,Turistas principales,Francia,FR,La Palma,266.0
2023-M08,08/2023,Turistas principales,Francia,FR,Lanzarote,19206.0
2023-M08,08/2023,Turistas principales,Francia,FR,Fuerteventura,12413.0
2023-M08,08/2023,Turistas principales,Francia,FR,Gran Canaria,15164.0
2023-M08,08/2023,Turistas principales,Francia,FR,Tenerife,27113.0
2023-M08,08/2023,Turistas principales,Francia,FR,La Palma,229.0
2023-M09,09/2023,Turistas principales,Francia,FR,Lanzarote,16265.0
2023-M09,09/2023,Turistas principales,Francia,FR,Fuerteventura,9395.0
2023-M09,09/2023,Turistas principales,Francia,FR,Gran Canaria,11753.0
2023-M09,09/2023,Turistas principales,Francia,FR,Tenerife,22898.0
2023-M09,09/2023,Turistas principales,Francia,FR,La Palma,259.0
2023-M10,10/2023,Turistas principales,Francia,FR,Lanzarote,20432.0
2023-M10,10/2023,Turistas principales,Francia,FR,Fuerteventura,11960.0
2023-M10,10/2023,Turistas principales,Francia,FR,Gran Canaria,14635.0
2023-M10,10/2023,Turistas principales,Francia,FR,Tenerife,26914.0
2023-M10,10/2023,Turistas principales,Francia,FR,La Palma,30.0
2023-M11,11/2023,Turistas principales,Francia,FR,Lanzarote,16275.0
2023-M11,11/2023,Turistas principales,Francia,FR,Fuerteventura,8597.0
2023-M11,11/2023,Turistas principales,Francia,FR,Gran Canaria,11811.0
2023-M11,11/2023,Turistas principales,Francia,FR,Tenerife,28405.0
2023-M11,11/2023,Turistas principales,Francia,FR,La Palma,199.0
2023-M12,12/2023,Turistas principales,Francia,FR,Lanzarote,21160.0
2023-M12,12/2023,Turistas principales,Francia,FR,Fuerteventura,10353.0
2023-M12,12/2023,Turistas principales,Francia,FR,Gran Canaria,12443.0
2023-M12,12/2023,Turistas principales,Francia,FR,Tenerife,32635.0
2023-M12,12/2023,Turistas principales,Francia,FR,La Palma,440.0
2024-M01,01/2024,Turistas principales,Francia,FR,Lanzarote,15711.0
2024-M01,01/2024,Turistas principales,Francia,FR,Fuerteventura,8773.0
2024-M01,01/2024,Turistas principales,Francia,FR,Gran Canaria,10989.0
2024-M01,01/2024,Turistas principales,Francia,FR,Tenerife,28625.0
2024-M01,01/2024,Turistas principales,Francia,FR,La Palma,480.0
2024-M02,02/2024,Turistas principales,Francia,FR,Lanzarote,20992.0
2024-M02,02/2024,Turistas principales,Francia,FR,Fuerteventura,11749.0
2024-M02,02/2024,Turistas principales,Francia,FR,Gran Canaria,14700.0
2024-M02,02/2024,Turistas principales,Francia,FR,Tenerife,34004.0
2024-M02,02/2024,Turistas principales,Francia,FR,La Palma,796.0
2024-M03,03/2024,Turistas principales,Francia,FR,Lanzarote,22019.0
2024-M03,03/2024,Turistas principales,Francia,FR,Fuerteventura,13296.0
2024-M03,03/2024,Turistas principales,Francia,FR,Gran Canaria,14640.0
2024-M03,03/2024,Turistas principales,Francia,FR,Tenerife,38275.0
2024-M03,03/2024,Turistas principales,Francia,FR,La Palma,351.0
2024-M04,04/2024,Turistas principales,Francia,FR,Lanzarote,21588.0
2024-M04,04/2024,Turistas principales,Francia,FR,Fuerteventura,12187.0
2024-M04,04/2024,Turistas principales,Francia,FR,Gran Canaria,13480.0
2024-M04,04/2024,Turistas principales,Francia,FR,Tenerife,30946.0
2024-M04,04/2024,Turistas principales,Francia,FR,La Palma,191.0
2024-M05,05/2024,Turistas principales,Francia,FR,Lanzarote,20084.0
2024-M05,05/2024,Turistas principales,Francia,FR,Fuerteventura,10238.0
2024-M05,05/2024,Turistas principales,Francia,FR,Gran Canaria,14403.0
2024-M05,05/2024,Turistas principales,Francia,FR,Tenerife,31978.0
2024-M05,05/2024,Turistas principales,Francia,FR,La Palma,390.0
2024-M06,06/2024,Turistas principales,Francia,FR,Lanzarote,15874.0
2024-M06,06/2024,Turistas principales,Francia,FR,Fuerteventura,9270.0
2024-M06,06/2024,Turistas principales,Francia,FR,Gran Canaria,12553.0
2024-M06,06/2024,Turistas principales,Francia,FR,Tenerife,25249.0
2024-M06,06/2024,Turistas principales,Francia,FR,La Palma,224.0
2024-M07,07/2024,Turistas principales,Francia,FR,Lanzarote,18990.0
2024-M07,07/2024,Turistas principales,Francia,FR,Fuerteventura,11124.0
2024-M07,07/2024,Turistas principales,Francia,FR,Gran Canaria,13869.0
2024-M07,07/2024,Turistas principales,Francia,FR,Tenerife,31828.0
2024-M07,07/2024,Turistas principales,Francia,FR,La Palma,304.0
2024-M08,08/2024,Turistas principales,Francia,FR,Lanzarote,23367.0
2024-M08,08/2024,Turistas principales,Francia,FR,Fuerteventura,13017.0
2024-M08,08/2024,Turistas principales,Francia,FR,Gran Canaria,18453.0
2024-M08,08/2024,Turistas principales,Francia,FR,Tenerife,38065.0
2024-M08,08/2024,Turistas principales,Francia,FR,La Palma,386.0
2024-M09,09/2024,Turistas principales,Francia,FR,Lanzarote,14963.0
2024-M09,09/2024,Turistas principales,Francia,FR,Fuerteventura,8719.0
2024-M09,09/2024,Turistas principales,Francia,FR,Gran Canaria,11270.0
2024-M09,09/2024,Turistas principales,Francia,FR,Tenerife,27309.0
2024-M09,09/2024,Turistas principales,Francia,FR,La Palma,462.0
2024-M10,10/2024,Turistas principales,Francia,FR,Lanzarote,19847.0
2024-M10,10/2024,Turistas principales,Francia,FR,Fuerteventura,12346.0
2024-M10,10/2024,Turistas principales,Francia,FR,Gran Canaria,14268.0
2024-M10,10/2024,Turistas principales,Francia,FR,Tenerife,30715.0
2024-M10,10/2024,Turistas principales,Francia,FR,La Palma,580.0
2024-M11,11/2024,Turistas principales,Francia,FR,Lanzarote,19254.0
2024-M11,11/2024,Turistas principales,Francia,FR,Fuerteventura,10537.0
2024-M11,11/2024,Turistas principales,Francia,FR,Gran Canaria,12975.0
2024-M11,11/2024,Turistas principales,Francia,FR,Tenerife,32292.0
2024-M11,11/2024,Turistas principales,Francia,FR,La Palma,618.0
2024-M12,12/2024,Turistas principales,Francia,FR,Lanzarote,18631.0
2024-M12,12/2024,Turistas principales,Francia,FR,Fuerteventura,11340.0
2024-M12,12/2024,Turistas principales,Francia,FR,Gran Canaria,10132.0
2024-M12,12/2024,Turistas principales,Francia,FR,Tenerife,34548.0
2024-M12,12/2024,Turistas principales,Francia,FR,La Palma,107.0
2025-M01,01/2025,Turistas principales,Francia,FR,Lanzarote,17694.0
2025-M01,01/2025,Turistas principales,Francia,FR,Fuerteventura,9763.0
2025-M01,01/2025,Turistas principales,Francia,FR,Gran Canaria,12863.0
2025-M01,01/2025,Turistas principales,Francia,FR,Tenerife,28427.0
2025-M01,01/2025,Turistas principales,Francia,FR,La Palma,139.0
2025-M02,02/2025,Turistas principales,Francia,FR,Lanzarote,24455.0
2025-M02,02/2025,Turistas principales,Francia,FR,Fuerteventura,15076.0
2025-M02,02/2025,Turistas principales,Francia,FR,Gran Canaria,13839.0
2025-M02,02/2025,Turistas principales,Francia,FR,Tenerife,38805.0
2025-M02,02/2025,Turistas principales,Francia,FR,La Palma,104.0
2025-M03,03/2025,Turistas principales,Francia,FR,Lanzarote,23498.0
2025-M03,03/2025,Turistas principales,Francia,FR,Fuerteventura,14575.0
2025-M03,03/2025,Turistas principales,Francia,FR,Gran Canaria,12203.0
2025-M03,03/2025,Turistas principales,Francia,FR,Tenerife,36898.0
2025-M03,03/2025,Turistas principales,Francia,FR,La Palma,505.0
2025-M04,04/2025,Turistas principales,Francia,FR,Lanzarote,18756.0
2025-M04,04/2025,Turistas principales,Francia,FR,Fuerteventura,13545.0
2025-M04,04/2025,Turistas principales,Francia,FR,Gran Canaria,12369.0
2025-M04,04/2025,Turistas principales,Francia,FR,Tenerife,36602.0
2025-M04,04/2025,Turistas principales,Francia,FR,La Palma,330.0
2025-M05,05/2025,Turistas principales,Francia,FR,Lanzarote,17874.0
2025-M05,05/2025,Turistas principales,Francia,FR,Fuerteventura,11778.0
2025-M05,05/2025,Turistas principales,Francia,FR,Gran Canaria,12653.0
2025-M05,05/2025,Turistas principales,Francia,FR,Tenerife,30008.0
2025-M05,05/2025,Turistas principales,Francia,FR,La Palma,314.0
2025-M06,06/2025,Turistas principales,Francia,FR,Lanzarote,14916.0
2025-M06,06/2025,Turistas principales,Francia,FR,Fuerteventura,8444.0
2025-M06,06/2025,Turistas principales,Francia,FR,Gran Canaria,11765.0
2025-M06,06/2025,Turistas principales,Francia,FR,Tenerife,27586.0
2025-M06,06/2025,Turistas principales,Francia,FR,La Palma,229.0
2025-M07,07/2025,Turistas principales,Francia,FR,Lanzarote,19742.0
2025-M07,07/2025,Turistas principales,Francia,FR,Fuerteventura,12729.0
2025-M07,07/2025,Turistas principales,Francia,FR,Gran Canaria,13715.0
2025-M07,07/2025,Turistas principales,Francia,FR,Tenerife,39108.0
2025-M07,07/2025,Turistas principales,Francia,FR,La Palma,170.0
2020-M01,01/2020,Turistas principales,España (excluida Canarias),ES_XIC,Lanzarote,15008.0
2020-M01,01/2020,Turistas principales,España (excluida Canarias),ES_XIC,Fuerteventura,10423.0
2020-M01,01/2020,Turistas principales,España (excluida Canarias),ES_XIC,Gran Canaria,37721.0
2020-M01,01/2020,Turistas principales,España (excluida Canarias),ES_XIC,Tenerife,51278.0
2020-M01,01/2020,Turistas principales,España (excluida Canarias),ES_XIC,La Palma,2447.0
2020-M02,02/2020,Turistas principales,España (excluida Canarias),ES_XIC,Lanzarote,15037.0
2020-M02,02/2020,Turistas principales,España (excluida Canarias),ES_XIC,Fuerteventura,9762.0
2020-M02,02/2020,Turistas principales,España (excluida Canarias),ES_XIC,Gran Canaria,36246.0
2020-M02,02/2020,Turistas principales,España (excluida Canarias),ES_XIC,Tenerife,47736.0
2020-M02,02/2020,Turistas principales,España (excluida Canarias),ES_XIC,La Palma,2576.0
2020-M03,03/2020,Turistas principales,España (excluida Canarias),ES_XIC,Lanzarote,7712.0
2020-M03,03/2020,Turistas principales,España (excluida Canarias),ES_XIC,Fuerteventura,4334.0
2020-M03,03/2020,Turistas principales,España (excluida Canarias),ES_XIC,Gran Canaria,18661.0
2020-M03,03/2020,Turistas principales,España (excluida Canarias),ES_XIC,Tenerife,22939.0
2020-M03,03/2020,Turistas principales,España (excluida Canarias),ES_XIC,La Palma,1371.0
2020-M04,04/2020,Turistas principales,España (excluida Canarias),ES_XIC,Lanzarote,
2020-M04,04/2020,Turistas principales,España (excluida Canarias),ES_XIC,Fuerteventura,
2020-M04,04/2020,Turistas principales,España (excluida Canarias),ES_XIC,Gran Canaria,
2020-M04,04/2020,Turistas principales,España (excluida Canarias),ES_XIC,Tenerife,
2020-M04,04/2020,Turistas principales,España (excluida Canarias),ES_XIC,La Palma,
2020-M05,05/2020,Turistas principales,España (excluida Canarias),ES_XIC,Lanzarote,
2020-M05,05/2020,Turistas principales,España (excluida Canarias),ES_XIC,Fuerteventura,
2020-M05,05/2020,Turistas principales,España (excluida Canarias),ES_XIC,Gran Canaria,
2020-M05,05/2020,Turistas principales,España (excluida Canarias),ES_XIC,Tenerife,
2020-M05,05/2020,Turistas principales,España (excluida Canarias),ES_XIC,La Palma,
2020-M06,06/2020,Turistas principales,España (excluida Canarias),ES_XIC,Lanzarote,371.0
2020-M06,06/2020,Turistas principales,España (excluida Canarias),ES_XIC,Fuerteventura,388.0
2020-M06,06/2020,Turistas principales,España (excluida Canarias),ES_XIC,Gran Canaria,4140.0
2020-M06,06/2020,Turistas principales,España (excluida Canarias),ES_XIC,Tenerife,2838.0
2020-M06,06/2020,Turistas principales,España (excluida Canarias),ES_XIC,La Palma,4.0
2020-M07,07/2020,Turistas principales,España (excluida Canarias),ES_XIC,Lanzarote,15368.0
2020-M07,07/2020,Turistas principales,España (excluida Canarias),ES_XIC,Fuerteventura,8912.0
2020-M07,07/2020,Turistas principales,España (excluida Canarias),ES_XIC,Gran Canaria,24421.0
2020-M07,07/2020,Turistas principales,España (excluida Canarias),ES_XIC,Tenerife,32211.0
2020-M07,07/2020,Turistas principales,España (excluida Canarias),ES_XIC,La Palma,1743.0
2020-M08,08/2020,Turistas principales,España (excluida Canarias),ES_XIC,Lanzarote,30054.0
2020-M08,08/2020,Turistas principales,España (excluida Canarias),ES_XIC,Fuerteventura,19293.0
2020-M08,08/2020,Turistas principales,España (excluida Canarias),ES_XIC,Gran Canaria,44249.0
2020-M08,08/2020,Turistas principales,España (excluida Canarias),ES_XIC,Tenerife,67869.0
2020-M08,08/2020,Turistas principales,España (excluida Canarias),ES_XIC,La Palma,6746.0
2020-M09,09/2020,Turistas principales,España (excluida Canarias),ES_XIC,Lanzarote,17732.0
2020-M09,09/2020,Turistas principales,España (excluida Canarias),ES_XIC,Fuerteventura,11601.0
2020-M09,09/2020,Turistas principales,España (excluida Canarias),ES_XIC,Gran Canaria,22041.0
2020-M09,09/2020,Turistas principales,España (excluida Canarias),ES_XIC,Tenerife,52560.0
2020-M09,09/2020,Turistas principales,España (excluida Canarias),ES_XIC,La Palma,4253.0
2020-M10,10/2020,Turistas principales,España (excluida Canarias),ES_XIC,Lanzarote,13945.0
2020-M10,10/2020,Turistas principales,España (excluida Canarias),ES_XIC,Fuerteventura,8896.0
2020-M10,10/2020,Turistas principales,España (excluida Canarias),ES_XIC,Gran Canaria,18780.0
2020-M10,10/2020,Turistas principales,España (excluida Canarias),ES_XIC,Tenerife,33524.0
2020-M10,10/2020,Turistas principales,España (excluida Canarias),ES_XIC,La Palma,2387.0
2020-M11,11/2020,Turistas principales,España (excluida Canarias),ES_XIC,Lanzarote,5202.0
2020-M11,11/2020,Turistas principales,España (excluida Canarias),ES_XIC,Fuerteventura,2925.0
2020-M11,11/2020,Turistas principales,España (excluida Canarias),ES_XIC,Gran Canaria,13707.0
2020-M11,11/2020,Turistas principales,España (excluida Canarias),ES_XIC,Tenerife,14906.0
2020-M11,11/2020,Turistas principales,España (excluida Canarias),ES_XIC,La Palma,1380.0
2020-M12,12/2020,Turistas principales,España (excluida Canarias),ES_XIC,Lanzarote,7182.0
2020-M12,12/2020,Turistas principales,España (excluida Canarias),ES_XIC,Fuerteventura,3789.0
2020-M12,12/2020,Turistas principales,España (excluida Canarias),ES_XIC,Gran Canaria,12869.0
2020-M12,12/2020,Turistas principales,España (excluida Canarias),ES_XIC,Tenerife,16345.0
2020-M12,12/2020,Turistas principales,España (excluida Canarias),ES_XIC,La Palma,1284.0
2021-M01,01/2021,Turistas principales,España (excluida Canarias),ES_XIC,Lanzarote,4236.0
2021-M01,01/2021,Turistas principales,España (excluida Canarias),ES_XIC,Fuerteventura,3689.0
2021-M01,01/2021,Turistas principales,España (excluida Canarias),ES_XIC,Gran Canaria,10315.0
2021-M01,01/2021,Turistas principales,España (excluida Canarias),ES_XIC,Tenerife,13474.0
2021-M01,01/2021,Turistas principales,España (excluida Canarias),ES_XIC,La Palma,1362.0
2021-M02,02/2021,Turistas principales,España (excluida Canarias),ES_XIC,Lanzarote,3125.0
2021-M02,02/2021,Turistas principales,España (excluida Canarias),ES_XIC,Fuerteventura,2533.0
2021-M02,02/2021,Turistas principales,España (excluida Canarias),ES_XIC,Gran Canaria,10108.0
2021-M02,02/2021,Turistas principales,España (excluida Canarias),ES_XIC,Tenerife,11855.0
2021-M02,02/2021,Turistas principales,España (excluida Canarias),ES_XIC,La Palma,1262.0
2021-M03,03/2021,Turistas principales,España (excluida Canarias),ES_XIC,Lanzarote,5827.0
2021-M03,03/2021,Turistas principales,España (excluida Canarias),ES_XIC,Fuerteventura,4036.0
2021-M03,03/2021,Turistas principales,España (excluida Canarias),ES_XIC,Gran Canaria,14223.0
2021-M03,03/2021,Turistas principales,España (excluida Canarias),ES_XIC,Tenerife,19335.0
2021-M03,03/2021,Turistas principales,España (excluida Canarias),ES_XIC,La Palma,1585.0
2021-M04,04/2021,Turistas principales,España (excluida Canarias),ES_XIC,Lanzarote,7057.0
2021-M04,04/2021,Turistas principales,España (excluida Canarias),ES_XIC,Fuerteventura,3886.0
2021-M04,04/2021,Turistas principales,España (excluida Canarias),ES_XIC,Gran Canaria,15551.0
2021-M04,04/2021,Turistas principales,España (excluida Canarias),ES_XIC,Tenerife,24832.0
2021-M04,04/2021,Turistas principales,España (excluida Canarias),ES_XIC,La Palma,1514.0
2021-M05,05/2021,Turistas principales,España (excluida Canarias),ES_XIC,Lanzarote,13018.0
2021-M05,05/2021,Turistas principales,España (excluida Canarias),ES_XIC,Fuerteventura,8388.0
2021-M05,05/2021,Turistas principales,España (excluida Canarias),ES_XIC,Gran Canaria,20904.0
2021-M05,05/2021,Turistas principales,España (excluida Canarias),ES_XIC,Tenerife,34278.0
2021-M05,05/2021,Turistas principales,España (excluida Canarias),ES_XIC,La Palma,2439.0
2021-M06,06/2021,Turistas principales,España (excluida Canarias),ES_XIC,Lanzarote,23022.0
2021-M06,06/2021,Turistas principales,España (excluida Canarias),ES_XIC,Fuerteventura,9631.0
2021-M06,06/2021,Turistas principales,España (excluida Canarias),ES_XIC,Gran Canaria,30680.0
2021-M06,06/2021,Turistas principales,España (excluida Canarias),ES_XIC,Tenerife,48493.0
2021-M06,06/2021,Turistas principales,España (excluida Canarias),ES_XIC,La Palma,5589.0
2021-M07,07/2021,Turistas principales,España (excluida Canarias),ES_XIC,Lanzarote,40687.0
2021-M07,07/2021,Turistas principales,España (excluida Canarias),ES_XIC,Fuerteventura,17803.0
2021-M07,07/2021,Turistas principales,España (excluida Canarias),ES_XIC,Gran Canaria,40045.0
2021-M07,07/2021,Turistas principales,España (excluida Canarias),ES_XIC,Tenerife,71301.0
2021-M07,07/2021,Turistas principales,España (excluida Canarias),ES_XIC,La Palma,8367.0
2021-M08,08/2021,Turistas principales,España (excluida Canarias),ES_XIC,Lanzarote,60149.0
2021-M08,08/2021,Turistas principales,España (excluida Canarias),ES_XIC,Fuerteventura,30137.0
2021-M08,08/2021,Turistas principales,España (excluida Canarias),ES_XIC,Gran Canaria,65829.0
2021-M08,08/2021,Turistas principales,España (excluida Canarias),ES_XIC,Tenerife,101134.0
2021-M08,08/2021,Turistas principales,España (excluida Canarias),ES_XIC,La Palma,12433.0
2021-M09,09/2021,Turistas principales,España (excluida Canarias),ES_XIC,Lanzarote,44665.0
2021-M09,09/2021,Turistas principales,España (excluida Canarias),ES_XIC,Fuerteventura,17784.0
2021-M09,09/2021,Turistas principales,España (excluida Canarias),ES_XIC,Gran Canaria,51369.0
2021-M09,09/2021,Turistas principales,España (excluida Canarias),ES_XIC,Tenerife,83187.0
2021-M09,09/2021,Turistas principales,España (excluida Canarias),ES_XIC,La Palma,9991.0
2021-M10,10/2021,Turistas principales,España (excluida Canarias),ES_XIC,Lanzarote,30996.0
2021-M10,10/2021,Turistas principales,España (excluida Canarias),ES_XIC,Fuerteventura,14155.0
2021-M10,10/2021,Turistas principales,España (excluida Canarias),ES_XIC,Gran Canaria,46797.0
2021-M10,10/2021,Turistas principales,España (excluida Canarias),ES_XIC,Tenerife,58552.0
2021-M10,10/2021,Turistas principales,España (excluida Canarias),ES_XIC,La Palma,8447.0
2021-M11,11/2021,Turistas principales,España (excluida Canarias),ES_XIC,Lanzarote,19687.0
2021-M11,11/2021,Turistas principales,España (excluida Canarias),ES_XIC,Fuerteventura,8920.0
2021-M11,11/2021,Turistas principales,España (excluida Canarias),ES_XIC,Gran Canaria,35471.0
2021-M11,11/2021,Turistas principales,España (excluida Canarias),ES_XIC,Tenerife,44112.0
2021-M11,11/2021,Turistas principales,España (excluida Canarias),ES_XIC,La Palma,9563.0
2021-M12,12/2021,Turistas principales,España (excluida Canarias),ES_XIC,Lanzarote,20305.0
2021-M12,12/2021,Turistas principales,España (excluida Canarias),ES_XIC,Fuerteventura,10551.0
2021-M12,12/2021,Turistas principales,España (excluida Canarias),ES_XIC,Gran Canaria,35281.0
2021-M12,12/2021,Turistas principales,España (excluida Canarias),ES_XIC,Tenerife,46021.0
2021-M12,12/2021,Turistas principales,España (excluida Canarias),ES_XIC,La Palma,9391.0
2022-M01,01/2022,Turistas principales,España (excluida Canarias),ES_XIC,Lanzarote,16742.0
2022-M01,01/2022,Turistas principales,España (excluida Canarias),ES_XIC,Fuerteventura,7337.0
2022-M01,01/2022,Turistas principales,España (excluida Canarias),ES_XIC,Gran Canaria,30744.0
2022-M01,01/2022,Turistas principales,España (excluida Canarias),ES_XIC,Tenerife,41710.0
2022-M01,01/2022,Turistas principales,España (excluida Canarias),ES_XIC,La Palma,3580.0
2022-M02,02/2022,Turistas principales,España (excluida Canarias),ES_XIC,Lanzarote,18335.0
2022-M02,02/2022,Turistas principales,España (excluida Canarias),ES_XIC,Fuerteventura,7909.0
2022-M02,02/2022,Turistas principales,España (excluida Canarias),ES_XIC,Gran Canaria,30834.0
2022-M02,02/2022,Turistas principales,España (excluida Canarias),ES_XIC,Tenerife,45774.0
2022-M02,02/2022,Turistas principales,España (excluida Canarias),ES_XIC,La Palma,2378.0
2022-M03,03/2022,Turistas principales,España (excluida Canarias),ES_XIC,Lanzarote,20399.0
2022-M03,03/2022,Turistas principales,España (excluida Canarias),ES_XIC,Fuerteventura,8460.0
2022-M03,03/2022,Turistas principales,España (excluida Canarias),ES_XIC,Gran Canaria,31606.0
2022-M03,03/2022,Turistas principales,España (excluida Canarias),ES_XIC,Tenerife,53076.0
2022-M03,03/2022,Turistas principales,España (excluida Canarias),ES_XIC,La Palma,3377.0
2022-M04,04/2022,Turistas principales,España (excluida Canarias),ES_XIC,Lanzarote,25525.0
2022-M04,04/2022,Turistas principales,España (excluida Canarias),ES_XIC,Fuerteventura,11799.0
2022-M04,04/2022,Turistas principales,España (excluida Canarias),ES_XIC,Gran Canaria,46180.0
2022-M04,04/2022,Turistas principales,España (excluida Canarias),ES_XIC,Tenerife,65066.0
2022-M04,04/2022,Turistas principales,España (excluida Canarias),ES_XIC,La Palma,6903.0
2022-M05,05/2022,Turistas principales,España (excluida Canarias),ES_XIC,Lanzarote,23614.0
2022-M05,05/2022,Turistas principales,España (excluida Canarias),ES_XIC,Fuerteventura,13538.0
2022-M05,05/2022,Turistas principales,España (excluida Canarias),ES_XIC,Gran Canaria,44795.0
2022-M05,05/2022,Turistas principales,España (excluida Canarias),ES_XIC,Tenerife,69004.0
2022-M05,05/2022,Turistas principales,España (excluida Canarias),ES_XIC,La Palma,6364.0
2022-M06,06/2022,Turistas principales,España (excluida Canarias),ES_XIC,Lanzarote,33751.0
2022-M06,06/2022,Turistas principales,España (excluida Canarias),ES_XIC,Fuerteventura,15294.0
2022-M06,06/2022,Turistas principales,España (excluida Canarias),ES_XIC,Gran Canaria,50174.0
2022-M06,06/2022,Turistas principales,España (excluida Canarias),ES_XIC,Tenerife,79852.0
2022-M06,06/2022,Turistas principales,España (excluida Canarias),ES_XIC,La Palma,4443.0
2022-M07,07/2022,Turistas principales,España (excluida Canarias),ES_XIC,Lanzarote,42428.0
2022-M07,07/2022,Turistas principales,España (excluida Canarias),ES_XIC,Fuerteventura,19280.0
2022-M07,07/2022,Turistas principales,España (excluida Canarias),ES_XIC,Gran Canaria,58557.0
2022-M07,07/2022,Turistas principales,España (excluida Canarias),ES_XIC,Tenerife,89279.0
2022-M07,07/2022,Turistas principales,España (excluida Canarias),ES_XIC,La Palma,6470.0
2022-M08,08/2022,Turistas principales,España (excluida Canarias),ES_XIC,Lanzarote,51540.0
2022-M08,08/2022,Turistas principales,España (excluida Canarias),ES_XIC,Fuerteventura,22366.0
2022-M08,08/2022,Turistas principales,España (excluida Canarias),ES_XIC,Gran Canaria,69276.0
2022-M08,08/2022,Turistas principales,España (excluida Canarias),ES_XIC,Tenerife,100263.0
2022-M08,08/2022,Turistas principales,España (excluida Canarias),ES_XIC,La Palma,9245.0
2022-M09,09/2022,Turistas principales,España (excluida Canarias),ES_XIC,Lanzarote,34699.0
2022-M09,09/2022,Turistas principales,España (excluida Canarias),ES_XIC,Fuerteventura,16440.0
2022-M09,09/2022,Turistas principales,España (excluida Canarias),ES_XIC,Gran Canaria,51620.0
2022-M09,09/2022,Turistas principales,España (excluida Canarias),ES_XIC,Tenerife,81953.0
2022-M09,09/2022,Turistas principales,España (excluida Canarias),ES_XIC,La Palma,6522.0
2022-M10,10/2022,Turistas principales,España (excluida Canarias),ES_XIC,Lanzarote,31134.0
2022-M10,10/2022,Turistas principales,España (excluida Canarias),ES_XIC,Fuerteventura,13897.0
2022-M10,10/2022,Turistas principales,España (excluida Canarias),ES_XIC,Gran Canaria,49254.0
2022-M10,10/2022,Turistas principales,España (excluida Canarias),ES_XIC,Tenerife,68666.0
2022-M10,10/2022,Turistas principales,España (excluida Canarias),ES_XIC,La Palma,5513.0
2022-M11,11/2022,Turistas principales,España (excluida Canarias),ES_XIC,Lanzarote,20089.0
2022-M11,11/2022,Turistas principales,España (excluida Canarias),ES_XIC,Fuerteventura,10102.0
2022-M11,11/2022,Turistas principales,España (excluida Canarias),ES_XIC,Gran Canaria,36444.0
2022-M11,11/2022,Turistas principales,España (excluida Canarias),ES_XIC,Tenerife,63065.0
2022-M11,11/2022,Turistas principales,España (excluida Canarias),ES_XIC,La Palma,4458.0
2022-M12,12/2022,Turistas principales,España (excluida Canarias),ES_XIC,Lanzarote,22106.0
2022-M12,12/2022,Turistas principales,España (excluida Canarias),ES_XIC,Fuerteventura,11801.0
2022-M12,12/2022,Turistas principales,España (excluida Canarias),ES_XIC,Gran Canaria,37798.0
2022-M12,12/2022,Turistas principales,España (excluida Canarias),ES_XIC,Tenerife,56268.0
2022-M12,12/2022,Turistas principales,España (excluida Canarias),ES_XIC,La Palma,2830.0
2023-M01,01/2023,Turistas principales,España (excluida Canarias),ES_XIC,Lanzarote,23604.0
2023-M01,01/2023,Turistas principales,España (excluida Canarias),ES_XIC,Fuerteventura,10208.0
2023-M01,01/2023,Turistas principales,España (excluida Canarias),ES_XIC,Gran Canaria,41141.0
2023-M01,01/2023,Turistas principales,España (excluida Canarias),ES_XIC,Tenerife,71033.0
2023-M01,01/2023,Turistas principales,España (excluida Canarias),ES_XIC,La Palma,3885.0
2023-M02,02/2023,Turistas principales,España (excluida Canarias),ES_XIC,Lanzarote,16404.0
2023-M02,02/2023,Turistas principales,España (excluida Canarias),ES_XIC,Fuerteventura,10466.0
2023-M02,02/2023,Turistas principales,España (excluida Canarias),ES_XIC,Gran Canaria,30611.0
2023-M02,02/2023,Turistas principales,España (excluida Canarias),ES_XIC,Tenerife,55956.0
2023-M02,02/2023,Turistas principales,España (excluida Canarias),ES_XIC,La Palma,2222.0
2023-M03,03/2023,Turistas principales,España (excluida Canarias),ES_XIC,Lanzarote,20812.0
2023-M03,03/2023,Turistas principales,España (excluida Canarias),ES_XIC,Fuerteventura,12770.0
2023-M03,03/2023,Turistas principales,España (excluida Canarias),ES_XIC,Gran Canaria,41967.0
2023-M03,03/2023,Turistas principales,España (excluida Canarias),ES_XIC,Tenerife,61502.0
2023-M03,03/2023,Turistas principales,España (excluida Canarias),ES_XIC,La Palma,2278.0
2023-M04,04/2023,Turistas principales,España (excluida Canarias),ES_XIC,Lanzarote,24850.0
2023-M04,04/2023,Turistas principales,España (excluida Canarias),ES_XIC,Fuerteventura,13531.0
2023-M04,04/2023,Turistas principales,España (excluida Canarias),ES_XIC,Gran Canaria,46421.0
2023-M04,04/2023,Turistas principales,España (excluida Canarias),ES_XIC,Tenerife,74778.0
2023-M04,04/2023,Turistas principales,España (excluida Canarias),ES_XIC,La Palma,3022.0
2023-M05,05/2023,Turistas principales,España (excluida Canarias),ES_XIC,Lanzarote,24297.0
2023-M05,05/2023,Turistas principales,España (excluida Canarias),ES_XIC,Fuerteventura,13498.0
2023-M05,05/2023,Turistas principales,España (excluida Canarias),ES_XIC,Gran Canaria,41465.0
2023-M05,05/2023,Turistas principales,España (excluida Canarias),ES_XIC,Tenerife,66516.0
2023-M05,05/2023,Turistas principales,España (excluida Canarias),ES_XIC,La Palma,2285.0
2023-M06,06/2023,Turistas principales,España (excluida Canarias),ES_XIC,Lanzarote,28985.0
2023-M06,06/2023,Turistas principales,España (excluida Canarias),ES_XIC,Fuerteventura,15385.0
2023-M06,06/2023,Turistas principales,España (excluida Canarias),ES_XIC,Gran Canaria,45313.0
2023-M06,06/2023,Turistas principales,España (excluida Canarias),ES_XIC,Tenerife,80968.0
2023-M06,06/2023,Turistas principales,España (excluida Canarias),ES_XIC,La Palma,4786.0
2023-M07,07/2023,Turistas principales,España (excluida Canarias),ES_XIC,Lanzarote,39679.0
2023-M07,07/2023,Turistas principales,España (excluida Canarias),ES_XIC,Fuerteventura,20739.0
2023-M07,07/2023,Turistas principales,España (excluida Canarias),ES_XIC,Gran Canaria,52159.0
2023-M07,07/2023,Turistas principales,España (excluida Canarias),ES_XIC,Tenerife,90057.0
2023-M07,07/2023,Turistas principales,España (excluida Canarias),ES_XIC,La Palma,6459.0
2023-M08,08/2023,Turistas principales,España (excluida Canarias),ES_XIC,Lanzarote,41380.0
2023-M08,08/2023,Turistas principales,España (excluida Canarias),ES_XIC,Fuerteventura,21740.0
2023-M08,08/2023,Turistas principales,España (excluida Canarias),ES_XIC,Gran Canaria,58195.0
2023-M08,08/2023,Turistas principales,España (excluida Canarias),ES_XIC,Tenerife,105438.0
2023-M08,08/2023,Turistas principales,España (excluida Canarias),ES_XIC,La Palma,6084.0
2023-M09,09/2023,Turistas principales,España (excluida Canarias),ES_XIC,Lanzarote,33699.0
2023-M09,09/2023,Turistas principales,España (excluida Canarias),ES_XIC,Fuerteventura,16596.0
2023-M09,09/2023,Turistas principales,España (excluida Canarias),ES_XIC,Gran Canaria,50031.0
2023-M09,09/2023,Turistas principales,España (excluida Canarias),ES_XIC,Tenerife,83478.0
2023-M09,09/2023,Turistas principales,España (excluida Canarias),ES_XIC,La Palma,6891.0
2023-M10,10/2023,Turistas principales,España (excluida Canarias),ES_XIC,Lanzarote,26339.0
2023-M10,10/2023,Turistas principales,España (excluida Canarias),ES_XIC,Fuerteventura,12491.0
2023-M10,10/2023,Turistas principales,España (excluida Canarias),ES_XIC,Gran Canaria,40443.0
2023-M10,10/2023,Turistas principales,España (excluida Canarias),ES_XIC,Tenerife,72691.0
2023-M10,10/2023,Turistas principales,España (excluida Canarias),ES_XIC,La Palma,3835.0
2023-M11,11/2023,Turistas principales,España (excluida Canarias),ES_XIC,Lanzarote,17613.0
2023-M11,11/2023,Turistas principales,España (excluida Canarias),ES_XIC,Fuerteventura,11489.0
2023-M11,11/2023,Turistas principales,España (excluida Canarias),ES_XIC,Gran Canaria,37558.0
2023-M11,11/2023,Turistas principales,España (excluida Canarias),ES_XIC,Tenerife,54732.0
2023-M11,11/2023,Turistas principales,España (excluida Canarias),ES_XIC,La Palma,4570.0
2023-M12,12/2023,Turistas principales,España (excluida Canarias),ES_XIC,Lanzarote,20261.0
2023-M12,12/2023,Turistas principales,España (excluida Canarias),ES_XIC,Fuerteventura,12084.0
2023-M12,12/2023,Turistas principales,España (excluida Canarias),ES_XIC,Gran Canaria,33529.0
2023-M12,12/2023,Turistas principales,España (excluida Canarias),ES_XIC,Tenerife,56043.0
2023-M12,12/2023,Turistas principales,España (excluida Canarias),ES_XIC,La Palma,4022.0
2024-M01,01/2024,Turistas principales,España (excluida Canarias),ES_XIC,Lanzarote,18609.0
2024-M01,01/2024,Turistas principales,España (excluida Canarias),ES_XIC,Fuerteventura,9784.0
2024-M01,01/2024,Turistas principales,España (excluida Canarias),ES_XIC,Gran Canaria,43745.0
2024-M01,01/2024,Turistas principales,España (excluida Canarias),ES_XIC,Tenerife,69181.0
2024-M01,01/2024,Turistas principales,España (excluida Canarias),ES_XIC,La Palma,4327.0
2024-M02,02/2024,Turistas principales,España (excluida Canarias),ES_XIC,Lanzarote,17489.0
2024-M02,02/2024,Turistas principales,España (excluida Canarias),ES_XIC,Fuerteventura,10493.0
2024-M02,02/2024,Turistas principales,España (excluida Canarias),ES_XIC,Gran Canaria,39269.0
2024-M02,02/2024,Turistas principales,España (excluida Canarias),ES_XIC,Tenerife,62616.0
2024-M02,02/2024,Turistas principales,España (excluida Canarias),ES_XIC,La Palma,1715.0
2024-M03,03/2024,Turistas principales,España (excluida Canarias),ES_XIC,Lanzarote,19738.0
2024-M03,03/2024,Turistas principales,España (excluida Canarias),ES_XIC,Fuerteventura,13477.0
2024-M03,03/2024,Turistas principales,España (excluida Canarias),ES_XIC,Gran Canaria,44231.0
2024-M03,03/2024,Turistas principales,España (excluida Canarias),ES_XIC,Tenerife,61317.0
2024-M03,03/2024,Turistas principales,España (excluida Canarias),ES_XIC,La Palma,2239.0
2024-M04,04/2024,Turistas principales,España (excluida Canarias),ES_XIC,Lanzarote,22457.0
2024-M04,04/2024,Turistas principales,España (excluida Canarias),ES_XIC,Fuerteventura,13057.0
2024-M04,04/2024,Turistas principales,España (excluida Canarias),ES_XIC,Gran Canaria,47827.0
2024-M04,04/2024,Turistas principales,España (excluida Canarias),ES_XIC,Tenerife,80229.0
2024-M04,04/2024,Turistas principales,España (excluida Canarias),ES_XIC,La Palma,3792.0
2024-M05,05/2024,Turistas principales,España (excluida Canarias),ES_XIC,Lanzarote,22352.0
2024-M05,05/2024,Turistas principales,España (excluida Canarias),ES_XIC,Fuerteventura,16054.0
2024-M05,05/2024,Turistas principales,España (excluida Canarias),ES_XIC,Gran Canaria,46202.0
2024-M05,05/2024,Turistas principales,España (excluida Canarias),ES_XIC,Tenerife,75399.0
2024-M05,05/2024,Turistas principales,España (excluida Canarias),ES_XIC,La Palma,3200.0
2024-M06,06/2024,Turistas principales,España (excluida Canarias),ES_XIC,Lanzarote,25078.0
2024-M06,06/2024,Turistas principales,España (excluida Canarias),ES_XIC,Fuerteventura,19050.0
2024-M06,06/2024,Turistas principales,España (excluida Canarias),ES_XIC,Gran Canaria,49322.0
2024-M06,06/2024,Turistas principales,España (excluida Canarias),ES_XIC,Tenerife,79903.0
2024-M06,06/2024,Turistas principales,España (excluida Canarias),ES_XIC,La Palma,3050.0
2024-M07,07/2024,Turistas principales,España (excluida Canarias),ES_XIC,Lanzarote,29383.0
2024-M07,07/2024,Turistas principales,España (excluida Canarias),ES_XIC,Fuerteventura,22115.0
2024-M07,07/2024,Turistas principales,España (excluida Canarias),ES_XIC,Gran Canaria,46658.0
2024-M07,07/2024,Turistas principales,España (excluida Canarias),ES_XIC,Tenerife,91101.0
2024-M07,07/2024,Turistas principales,España (excluida Canarias),ES_XIC,La Palma,4579.0
2024-M08,08/2024,Turistas principales,España (excluida Canarias),ES_XIC,Lanzarote,33866.0
2024-M08,08/2024,Turistas principales,España (excluida Canarias),ES_XIC,Fuerteventura,22109.0
2024-M08,08/2024,Turistas principales,España (excluida Canarias),ES_XIC,Gran Canaria,60035.0
2024-M08,08/2024,Turistas principales,España (excluida Canarias),ES_XIC,Tenerife,115826.0
2024-M08,08/2024,Turistas principales,España (excluida Canarias),ES_XIC,La Palma,5613.0
2024-M09,09/2024,Turistas principales,España (excluida Canarias),ES_XIC,Lanzarote,27481.0
2024-M09,09/2024,Turistas principales,España (excluida Canarias),ES_XIC,Fuerteventura,15683.0
2024-M09,09/2024,Turistas principales,España (excluida Canarias),ES_XIC,Gran Canaria,51584.0
2024-M09,09/2024,Turistas principales,España (excluida Canarias),ES_XIC,Tenerife,95253.0
2024-M09,09/2024,Turistas principales,España (excluida Canarias),ES_XIC,La Palma,3332.0
2024-M10,10/2024,Turistas principales,España (excluida Canarias),ES_XIC,Lanzarote,25623.0
2024-M10,10/2024,Turistas principales,España (excluida Canarias),ES_XIC,Fuerteventura,12136.0
2024-M10,10/2024,Turistas principales,España (excluida Canarias),ES_XIC,Gran Canaria,43326.0
2024-M10,10/2024,Turistas principales,España (excluida Canarias),ES_XIC,Tenerife,72657.0
2024-M10,10/2024,Turistas principales,España (excluida Canarias),ES_XIC,La Palma,2373.0
2024-M11,11/2024,Turistas principales,España (excluida Canarias),ES_XIC,Lanzarote,22917.0
2024-M11,11/2024,Turistas principales,España (excluida Canarias),ES_XIC,Fuerteventura,12007.0
2024-M11,11/2024,Turistas principales,España (excluida Canarias),ES_XIC,Gran Canaria,35767.0
2024-M11,11/2024,Turistas principales,España (excluida Canarias),ES_XIC,Tenerife,62632.0
2024-M11,11/2024,Turistas principales,España (excluida Canarias),ES_XIC,La Palma,3041.0
2024-M12,12/2024,Turistas principales,España (excluida Canarias),ES_XIC,Lanzarote,21393.0
2024-M12,12/2024,Turistas principales,España (excluida Canarias),ES_XIC,Fuerteventura,12168.0
2024-M12,12/2024,Turistas principales,España (excluida Canarias),ES_XIC,Gran Canaria,33132.0
2024-M12,12/2024,Turistas principales,España (excluida Canarias),ES_XIC,Tenerife,60149.0
2024-M12,12/2024,Turistas principales,España (excluida Canarias),ES_XIC,La Palma,2672.0
2025-M01,01/2025,Turistas principales,España (excluida Canarias),ES_XIC,Lanzarote,21222.0
2025-M01,01/2025,Turistas principales,España (excluida Canarias),ES_XIC,Fuerteventura,11980.0
2025-M01,01/2025,Turistas principales,España (excluida Canarias),ES_XIC,Gran Canaria,39156.0
2025-M01,01/2025,Turistas principales,España (excluida Canarias),ES_XIC,Tenerife,60921.0
2025-M01,01/2025,Turistas principales,España (excluida Canarias),ES_XIC,La Palma,3878.0
2025-M02,02/2025,Turistas principales,España (excluida Canarias),ES_XIC,Lanzarote,16603.0
2025-M02,02/2025,Turistas principales,España (excluida Canarias),ES_XIC,Fuerteventura,11082.0
2025-M02,02/2025,Turistas principales,España (excluida Canarias),ES_XIC,Gran Canaria,41071.0
2025-M02,02/2025,Turistas principales,España (excluida Canarias),ES_XIC,Tenerife,54869.0
2025-M02,02/2025,Turistas principales,España (excluida Canarias),ES_XIC,La Palma,1844.0
2025-M03,03/2025,Turistas principales,España (excluida Canarias),ES_XIC,Lanzarote,20443.0
2025-M03,03/2025,Turistas principales,España (excluida Canarias),ES_XIC,Fuerteventura,13234.0
2025-M03,03/2025,Turistas principales,España (excluida Canarias),ES_XIC,Gran Canaria,40074.0
2025-M03,03/2025,Turistas principales,España (excluida Canarias),ES_XIC,Tenerife,57575.0
2025-M03,03/2025,Turistas principales,España (excluida Canarias),ES_XIC,La Palma,2523.0
2025-M04,04/2025,Turistas principales,España (excluida Canarias),ES_XIC,Lanzarote,22950.0
2025-M04,04/2025,Turistas principales,España (excluida Canarias),ES_XIC,Fuerteventura,13694.0
2025-M04,04/2025,Turistas principales,España (excluida Canarias),ES_XIC,Gran Canaria,42554.0
2025-M04,04/2025,Turistas principales,España (excluida Canarias),ES_XIC,Tenerife,67866.0
2025-M04,04/2025,Turistas principales,España (excluida Canarias),ES_XIC,La Palma,1620.0
2025-M05,05/2025,Turistas principales,España (excluida Canarias),ES_XIC,Lanzarote,28319.0
2025-M05,05/2025,Turistas principales,España (excluida Canarias),ES_XIC,Fuerteventura,20740.0
2025-M05,05/2025,Turistas principales,España (excluida Canarias),ES_XIC,Gran Canaria,51587.0
2025-M05,05/2025,Turistas principales,España (excluida Canarias),ES_XIC,Tenerife,81327.0
2025-M05,05/2025,Turistas principales,España (excluida Canarias),ES_XIC,La Palma,5530.0
2025-M06,06/2025,Turistas principales,España (excluida Canarias),ES_XIC,Lanzarote,27749.0
2025-M06,06/2025,Turistas principales,España (excluida Canarias),ES_XIC,Fuerteventura,18854.0
2025-M06,06/2025,Turistas principales,España (excluida Canarias),ES_XIC,Gran Canaria,50245.0
2025-M06,06/2025,Turistas principales,España (excluida Canarias),ES_XIC,Tenerife,88069.0
2025-M06,06/2025,Turistas principales,España (excluida Canarias),ES_XIC,La Palma,3883.0
2025-M07,07/2025,Turistas principales,España (excluida Canarias),ES_XIC,Lanzarote,43738.0
2025-M07,07/2025,Turistas principales,España (excluida Canarias),ES_XIC,Fuerteventura,28599.0
2025-M07,07/2025,Turistas principales,España (excluida Canarias),ES_XIC,Gran Canaria,55799.0
2025-M07,07/2025,Turistas principales,España (excluida Canarias),ES_XIC,Tenerife,101416.0
2025-M07,07/2025,Turistas principales,España (excluida Canarias),ES_XIC,La Palma,7679.0
2020-M01,01/2020,Turistas principales,Países Bajos,NL,Lanzarote,8283.0
2020-M01,01/2020,Turistas principales,Países Bajos,NL,Fuerteventura,4501.0
2020-M01,01/2020,Turistas principales,Países Bajos,NL,Gran Canaria,18296.0
2020-M01,01/2020,Turistas principales,Países Bajos,NL,Tenerife,16621.0
2020-M01,01/2020,Turistas principales,Países Bajos,NL,La Palma,2177.0
2020-M02,02/2020,Turistas principales,Países Bajos,NL,Lanzarote,8500.0
2020-M02,02/2020,Turistas principales,Países Bajos,NL,Fuerteventura,5273.0
2020-M02,02/2020,Turistas principales,Países Bajos,NL,Gran Canaria,20213.0
2020-M02,02/2020,Turistas principales,Países Bajos,NL,Tenerife,14489.0
2020-M02,02/2020,Turistas principales,Países Bajos,NL,La Palma,1846.0
2020-M03,03/2020,Turistas principales,Países Bajos,NL,Lanzarote,3824.0
2020-M03,03/2020,Turistas principales,Países Bajos,NL,Fuerteventura,2197.0
2020-M03,03/2020,Turistas principales,Países Bajos,NL,Gran Canaria,8811.0
2020-M03,03/2020,Turistas principales,Países Bajos,NL,Tenerife,5728.0
2020-M03,03/2020,Turistas principales,Países Bajos,NL,La Palma,790.0
2020-M04,04/2020,Turistas principales,Países Bajos,NL,Lanzarote,
2020-M04,04/2020,Turistas principales,Países Bajos,NL,Fuerteventura,
2020-M04,04/2020,Turistas principales,Países Bajos,NL,Gran Canaria,
2020-M04,04/2020,Turistas principales,Países Bajos,NL,Tenerife,
2020-M04,04/2020,Turistas principales,Países Bajos,NL,La Palma,
2020-M05,05/2020,Turistas principales,Países Bajos,NL,Lanzarote,
2020-M05,05/2020,Turistas principales,Países Bajos,NL,Fuerteventura,
2020-M05,05/2020,Turistas principales,Países Bajos,NL,Gran Canaria,
2020-M05,05/2020,Turistas principales,Países Bajos,NL,Tenerife,
2020-M05,05/2020,Turistas principales,Países Bajos,NL,La Palma,
2020-M06,06/2020,Turistas principales,Países Bajos,NL,Lanzarote,
2020-M06,06/2020,Turistas principales,Países Bajos,NL,Fuerteventura,
2020-M06,06/2020,Turistas principales,Países Bajos,NL,Gran Canaria,88.0
2020-M06,06/2020,Turistas principales,Países Bajos,NL,Tenerife,232.0
2020-M06,06/2020,Turistas principales,Países Bajos,NL,La Palma,
2020-M07,07/2020,Turistas principales,Países Bajos,NL,Lanzarote,1716.0
2020-M07,07/2020,Turistas principales,Países Bajos,NL,Fuerteventura,943.0
2020-M07,07/2020,Turistas principales,Países Bajos,NL,Gran Canaria,5525.0
2020-M07,07/2020,Turistas principales,Países Bajos,NL,Tenerife,5714.0
2020-M07,07/2020,Turistas principales,Países Bajos,NL,La Palma,369.0
2020-M08,08/2020,Turistas principales,Países Bajos,NL,Lanzarote,2975.0
2020-M08,08/2020,Turistas principales,Países Bajos,NL,Fuerteventura,1531.0
2020-M08,08/2020,Turistas principales,Países Bajos,NL,Gran Canaria,9553.0
2020-M08,08/2020,Turistas principales,Países Bajos,NL,Tenerife,7631.0
2020-M08,08/2020,Turistas principales,Países Bajos,NL,La Palma,328.0
2020-M09,09/2020,Turistas principales,Países Bajos,NL,Lanzarote,82.0
2020-M09,09/2020,Turistas principales,Países Bajos,NL,Fuerteventura,86.0
2020-M09,09/2020,Turistas principales,Países Bajos,NL,Gran Canaria,693.0
2020-M09,09/2020,Turistas principales,Países Bajos,NL,Tenerife,699.0
2020-M09,09/2020,Turistas principales,Países Bajos,NL,La Palma,39.0
2020-M10,10/2020,Turistas principales,Países Bajos,NL,Lanzarote,563.0
2020-M10,10/2020,Turistas principales,Países Bajos,NL,Fuerteventura,96.0
2020-M10,10/2020,Turistas principales,Países Bajos,NL,Gran Canaria,625.0
2020-M10,10/2020,Turistas principales,Países Bajos,NL,Tenerife,1080.0
2020-M10,10/2020,Turistas principales,Países Bajos,NL,La Palma,43.0
2020-M11,11/2020,Turistas principales,Países Bajos,NL,Lanzarote,384.0
2020-M11,11/2020,Turistas principales,Países Bajos,NL,Fuerteventura,327.0
2020-M11,11/2020,Turistas principales,Países Bajos,NL,Gran Canaria,1948.0
2020-M11,11/2020,Turistas principales,Países Bajos,NL,Tenerife,2052.0
2020-M11,11/2020,Turistas principales,Países Bajos,NL,La Palma,91.0
2020-M12,12/2020,Turistas principales,Países Bajos,NL,Lanzarote,647.0
2020-M12,12/2020,Turistas principales,Países Bajos,NL,Fuerteventura,396.0
2020-M12,12/2020,Turistas principales,Países Bajos,NL,Gran Canaria,2273.0
2020-M12,12/2020,Turistas principales,Países Bajos,NL,Tenerife,2509.0
2020-M12,12/2020,Turistas principales,Países Bajos,NL,La Palma,42.0
2021-M01,01/2021,Turistas principales,Países Bajos,NL,Lanzarote,114.0
2021-M01,01/2021,Turistas principales,Países Bajos,NL,Fuerteventura,116.0
2021-M01,01/2021,Turistas principales,Países Bajos,NL,Gran Canaria,727.0
2021-M01,01/2021,Turistas principales,Países Bajos,NL,Tenerife,774.0
2021-M01,01/2021,Turistas principales,Países Bajos,NL,La Palma,21.0
2021-M02,02/2021,Turistas principales,Países Bajos,NL,Lanzarote,39.0
2021-M02,02/2021,Turistas principales,Países Bajos,NL,Fuerteventura,139.0
2021-M02,02/2021,Turistas principales,Países Bajos,NL,Gran Canaria,415.0
2021-M02,02/2021,Turistas principales,Países Bajos,NL,Tenerife,876.0
2021-M02,02/2021,Turistas principales,Países Bajos,NL,La Palma,18.0
2021-M03,03/2021,Turistas principales,Países Bajos,NL,Lanzarote,75.0
2021-M03,03/2021,Turistas principales,Países Bajos,NL,Fuerteventura,85.0
2021-M03,03/2021,Turistas principales,Países Bajos,NL,Gran Canaria,429.0
2021-M03,03/2021,Turistas principales,Países Bajos,NL,Tenerife,369.0
2021-M03,03/2021,Turistas principales,Países Bajos,NL,La Palma,33.0
2021-M04,04/2021,Turistas principales,Países Bajos,NL,Lanzarote,111.0
2021-M04,04/2021,Turistas principales,Países Bajos,NL,Fuerteventura,171.0
2021-M04,04/2021,Turistas principales,Países Bajos,NL,Gran Canaria,1012.0
2021-M04,04/2021,Turistas principales,Países Bajos,NL,Tenerife,635.0
2021-M04,04/2021,Turistas principales,Países Bajos,NL,La Palma,28.0
2021-M05,05/2021,Turistas principales,Países Bajos,NL,Lanzarote,334.0
2021-M05,05/2021,Turistas principales,Países Bajos,NL,Fuerteventura,477.0
2021-M05,05/2021,Turistas principales,Países Bajos,NL,Gran Canaria,2579.0
2021-M05,05/2021,Turistas principales,Países Bajos,NL,Tenerife,2116.0
2021-M05,05/2021,Turistas principales,Países Bajos,NL,La Palma,66.0
2021-M06,06/2021,Turistas principales,Países Bajos,NL,Lanzarote,2031.0
2021-M06,06/2021,Turistas principales,Países Bajos,NL,Fuerteventura,1925.0
2021-M06,06/2021,Turistas principales,Países Bajos,NL,Gran Canaria,9173.0
2021-M06,06/2021,Turistas principales,Países Bajos,NL,Tenerife,7138.0
2021-M06,06/2021,Turistas principales,Países Bajos,NL,La Palma,281.0
2021-M07,07/2021,Turistas principales,Países Bajos,NL,Lanzarote,3180.0
2021-M07,07/2021,Turistas principales,Países Bajos,NL,Fuerteventura,2299.0
2021-M07,07/2021,Turistas principales,Países Bajos,NL,Gran Canaria,10805.0
2021-M07,07/2021,Turistas principales,Países Bajos,NL,Tenerife,9328.0
2021-M07,07/2021,Turistas principales,Países Bajos,NL,La Palma,594.0
2021-M08,08/2021,Turistas principales,Países Bajos,NL,Lanzarote,5103.0
2021-M08,08/2021,Turistas principales,Países Bajos,NL,Fuerteventura,4462.0
2021-M08,08/2021,Turistas principales,Países Bajos,NL,Gran Canaria,16954.0
2021-M08,08/2021,Turistas principales,Países Bajos,NL,Tenerife,15913.0
2021-M08,08/2021,Turistas principales,Países Bajos,NL,La Palma,439.0
2021-M09,09/2021,Turistas principales,Países Bajos,NL,Lanzarote,4796.0
2021-M09,09/2021,Turistas principales,Países Bajos,NL,Fuerteventura,3609.0
2021-M09,09/2021,Turistas principales,Países Bajos,NL,Gran Canaria,19603.0
2021-M09,09/2021,Turistas principales,Países Bajos,NL,Tenerife,16346.0
2021-M09,09/2021,Turistas principales,Países Bajos,NL,La Palma,454.0
2021-M10,10/2021,Turistas principales,Países Bajos,NL,Lanzarote,9256.0
2021-M10,10/2021,Turistas principales,Países Bajos,NL,Fuerteventura,5935.0
2021-M10,10/2021,Turistas principales,Países Bajos,NL,Gran Canaria,27543.0
2021-M10,10/2021,Turistas principales,Países Bajos,NL,Tenerife,24582.0
2021-M10,10/2021,Turistas principales,Países Bajos,NL,La Palma,35.0
2021-M11,11/2021,Turistas principales,Países Bajos,NL,Lanzarote,8467.0
2021-M11,11/2021,Turistas principales,Países Bajos,NL,Fuerteventura,4625.0
2021-M11,11/2021,Turistas principales,Países Bajos,NL,Gran Canaria,17563.0
2021-M11,11/2021,Turistas principales,Países Bajos,NL,Tenerife,20549.0
2021-M11,11/2021,Turistas principales,Países Bajos,NL,La Palma,156.0
2021-M12,12/2021,Turistas principales,Países Bajos,NL,Lanzarote,7656.0
2021-M12,12/2021,Turistas principales,Países Bajos,NL,Fuerteventura,4413.0
2021-M12,12/2021,Turistas principales,Países Bajos,NL,Gran Canaria,18991.0
2021-M12,12/2021,Turistas principales,Países Bajos,NL,Tenerife,16230.0
2021-M12,12/2021,Turistas principales,Países Bajos,NL,La Palma,67.0
2022-M01,01/2022,Turistas principales,Países Bajos,NL,Lanzarote,7535.0
2022-M01,01/2022,Turistas principales,Países Bajos,NL,Fuerteventura,4675.0
2022-M01,01/2022,Turistas principales,Países Bajos,NL,Gran Canaria,18475.0
2022-M01,01/2022,Turistas principales,Países Bajos,NL,Tenerife,20014.0
2022-M01,01/2022,Turistas principales,Países Bajos,NL,La Palma,138.0
2022-M02,02/2022,Turistas principales,Países Bajos,NL,Lanzarote,8462.0
2022-M02,02/2022,Turistas principales,Países Bajos,NL,Fuerteventura,5351.0
2022-M02,02/2022,Turistas principales,Países Bajos,NL,Gran Canaria,17688.0
2022-M02,02/2022,Turistas principales,Países Bajos,NL,Tenerife,16796.0
2022-M02,02/2022,Turistas principales,Países Bajos,NL,La Palma,241.0
2022-M03,03/2022,Turistas principales,Países Bajos,NL,Lanzarote,10361.0
2022-M03,03/2022,Turistas principales,Países Bajos,NL,Fuerteventura,6117.0
2022-M03,03/2022,Turistas principales,Países Bajos,NL,Gran Canaria,20985.0
2022-M03,03/2022,Turistas principales,Países Bajos,NL,Tenerife,18181.0
2022-M03,03/2022,Turistas principales,Países Bajos,NL,La Palma,474.0
2022-M04,04/2022,Turistas principales,Países Bajos,NL,Lanzarote,8987.0
2022-M04,04/2022,Turistas principales,Países Bajos,NL,Fuerteventura,5377.0
2022-M04,04/2022,Turistas principales,Países Bajos,NL,Gran Canaria,22681.0
2022-M04,04/2022,Turistas principales,Países Bajos,NL,Tenerife,18909.0
2022-M04,04/2022,Turistas principales,Países Bajos,NL,La Palma,848.0
2022-M05,05/2022,Turistas principales,Países Bajos,NL,Lanzarote,6892.0
2022-M05,05/2022,Turistas principales,Países Bajos,NL,Fuerteventura,4226.0
2022-M05,05/2022,Turistas principales,Países Bajos,NL,Gran Canaria,25238.0
2022-M05,05/2022,Turistas principales,Países Bajos,NL,Tenerife,15878.0
2022-M05,05/2022,Turistas principales,Países Bajos,NL,La Palma,637.0
2022-M06,06/2022,Turistas principales,Países Bajos,NL,Lanzarote,5508.0
2022-M06,06/2022,Turistas principales,Países Bajos,NL,Fuerteventura,4065.0
2022-M06,06/2022,Turistas principales,Países Bajos,NL,Gran Canaria,21690.0
2022-M06,06/2022,Turistas principales,Países Bajos,NL,Tenerife,15337.0
2022-M06,06/2022,Turistas principales,Países Bajos,NL,La Palma,831.0
2022-M07,07/2022,Turistas principales,Países Bajos,NL,Lanzarote,6566.0
2022-M07,07/2022,Turistas principales,Países Bajos,NL,Fuerteventura,5171.0
2022-M07,07/2022,Turistas principales,Países Bajos,NL,Gran Canaria,21946.0
2022-M07,07/2022,Turistas principales,Países Bajos,NL,Tenerife,15577.0
2022-M07,07/2022,Turistas principales,Países Bajos,NL,La Palma,1109.0
2022-M08,08/2022,Turistas principales,Países Bajos,NL,Lanzarote,8343.0
2022-M08,08/2022,Turistas principales,Países Bajos,NL,Fuerteventura,7081.0
2022-M08,08/2022,Turistas principales,Países Bajos,NL,Gran Canaria,28290.0
2022-M08,08/2022,Turistas principales,Países Bajos,NL,Tenerife,20368.0
2022-M08,08/2022,Turistas principales,Países Bajos,NL,La Palma,1143.0
2022-M09,09/2022,Turistas principales,Países Bajos,NL,Lanzarote,5441.0
2022-M09,09/2022,Turistas principales,Países Bajos,NL,Fuerteventura,4729.0
2022-M09,09/2022,Turistas principales,Países Bajos,NL,Gran Canaria,23962.0
2022-M09,09/2022,Turistas principales,Países Bajos,NL,Tenerife,16435.0
2022-M09,09/2022,Turistas principales,Países Bajos,NL,La Palma,682.0
2022-M10,10/2022,Turistas principales,Países Bajos,NL,Lanzarote,7860.0
2022-M10,10/2022,Turistas principales,Países Bajos,NL,Fuerteventura,5299.0
2022-M10,10/2022,Turistas principales,Países Bajos,NL,Gran Canaria,30210.0
2022-M10,10/2022,Turistas principales,Países Bajos,NL,Tenerife,21532.0
2022-M10,10/2022,Turistas principales,Países Bajos,NL,La Palma,915.0
2022-M11,11/2022,Turistas principales,Países Bajos,NL,Lanzarote,8344.0
2022-M11,11/2022,Turistas principales,Países Bajos,NL,Fuerteventura,6244.0
2022-M11,11/2022,Turistas principales,Países Bajos,NL,Gran Canaria,20390.0
2022-M11,11/2022,Turistas principales,Países Bajos,NL,Tenerife,19857.0
2022-M11,11/2022,Turistas principales,Países Bajos,NL,La Palma,875.0
2022-M12,12/2022,Turistas principales,Países Bajos,NL,Lanzarote,9111.0
2022-M12,12/2022,Turistas principales,Países Bajos,NL,Fuerteventura,5724.0
2022-M12,12/2022,Turistas principales,Países Bajos,NL,Gran Canaria,21919.0
2022-M12,12/2022,Turistas principales,Países Bajos,NL,Tenerife,15968.0
2022-M12,12/2022,Turistas principales,Países Bajos,NL,La Palma,263.0
2023-M01,01/2023,Turistas principales,Países Bajos,NL,Lanzarote,8843.0
2023-M01,01/2023,Turistas principales,Países Bajos,NL,Fuerteventura,5102.0
2023-M01,01/2023,Turistas principales,Países Bajos,NL,Gran Canaria,22573.0
2023-M01,01/2023,Turistas principales,Países Bajos,NL,Tenerife,15387.0
2023-M01,01/2023,Turistas principales,Países Bajos,NL,La Palma,725.0
2023-M02,02/2023,Turistas principales,Países Bajos,NL,Lanzarote,7642.0
2023-M02,02/2023,Turistas principales,Países Bajos,NL,Fuerteventura,5393.0
2023-M02,02/2023,Turistas principales,Países Bajos,NL,Gran Canaria,19980.0
2023-M02,02/2023,Turistas principales,Países Bajos,NL,Tenerife,15142.0
2023-M02,02/2023,Turistas principales,Países Bajos,NL,La Palma,630.0
2023-M03,03/2023,Turistas principales,Países Bajos,NL,Lanzarote,8901.0
2023-M03,03/2023,Turistas principales,Países Bajos,NL,Fuerteventura,5503.0
2023-M03,03/2023,Turistas principales,Países Bajos,NL,Gran Canaria,20734.0
2023-M03,03/2023,Turistas principales,Países Bajos,NL,Tenerife,18581.0
2023-M03,03/2023,Turistas principales,Países Bajos,NL,La Palma,1016.0
2023-M04,04/2023,Turistas principales,Países Bajos,NL,Lanzarote,5565.0
2023-M04,04/2023,Turistas principales,Países Bajos,NL,Fuerteventura,6119.0
2023-M04,04/2023,Turistas principales,Países Bajos,NL,Gran Canaria,19842.0
2023-M04,04/2023,Turistas principales,Países Bajos,NL,Tenerife,18942.0
2023-M04,04/2023,Turistas principales,Países Bajos,NL,La Palma,427.0
2023-M05,05/2023,Turistas principales,Países Bajos,NL,Lanzarote,6110.0
2023-M05,05/2023,Turistas principales,Países Bajos,NL,Fuerteventura,3727.0
2023-M05,05/2023,Turistas principales,Países Bajos,NL,Gran Canaria,20367.0
2023-M05,05/2023,Turistas principales,Países Bajos,NL,Tenerife,16402.0
2023-M05,05/2023,Turistas principales,Países Bajos,NL,La Palma,576.0
2023-M06,06/2023,Turistas principales,Países Bajos,NL,Lanzarote,4299.0
2023-M06,06/2023,Turistas principales,Países Bajos,NL,Fuerteventura,3905.0
2023-M06,06/2023,Turistas principales,Países Bajos,NL,Gran Canaria,17200.0
2023-M06,06/2023,Turistas principales,Países Bajos,NL,Tenerife,16655.0
2023-M06,06/2023,Turistas principales,Países Bajos,NL,La Palma,501.0
2023-M07,07/2023,Turistas principales,Países Bajos,NL,Lanzarote,5324.0
2023-M07,07/2023,Turistas principales,Países Bajos,NL,Fuerteventura,3904.0
2023-M07,07/2023,Turistas principales,Países Bajos,NL,Gran Canaria,24028.0
2023-M07,07/2023,Turistas principales,Países Bajos,NL,Tenerife,19674.0
2023-M07,07/2023,Turistas principales,Países Bajos,NL,La Palma,374.0
2023-M08,08/2023,Turistas principales,Países Bajos,NL,Lanzarote,8027.0
2023-M08,08/2023,Turistas principales,Países Bajos,NL,Fuerteventura,5939.0
2023-M08,08/2023,Turistas principales,Países Bajos,NL,Gran Canaria,26265.0
2023-M08,08/2023,Turistas principales,Países Bajos,NL,Tenerife,26566.0
2023-M08,08/2023,Turistas principales,Países Bajos,NL,La Palma,737.0
2023-M09,09/2023,Turistas principales,Países Bajos,NL,Lanzarote,4441.0
2023-M09,09/2023,Turistas principales,Países Bajos,NL,Fuerteventura,4583.0
2023-M09,09/2023,Turistas principales,Países Bajos,NL,Gran Canaria,23627.0
2023-M09,09/2023,Turistas principales,Países Bajos,NL,Tenerife,19389.0
2023-M09,09/2023,Turistas principales,Países Bajos,NL,La Palma,538.0
2023-M10,10/2023,Turistas principales,Países Bajos,NL,Lanzarote,6636.0
2023-M10,10/2023,Turistas principales,Países Bajos,NL,Fuerteventura,6463.0
2023-M10,10/2023,Turistas principales,Países Bajos,NL,Gran Canaria,33098.0
2023-M10,10/2023,Turistas principales,Países Bajos,NL,Tenerife,24711.0
2023-M10,10/2023,Turistas principales,Países Bajos,NL,La Palma,687.0
2023-M11,11/2023,Turistas principales,Países Bajos,NL,Lanzarote,5862.0
2023-M11,11/2023,Turistas principales,Países Bajos,NL,Fuerteventura,5647.0
2023-M11,11/2023,Turistas principales,Países Bajos,NL,Gran Canaria,21134.0
2023-M11,11/2023,Turistas principales,Países Bajos,NL,Tenerife,22386.0
2023-M11,11/2023,Turistas principales,Países Bajos,NL,La Palma,663.0
2023-M12,12/2023,Turistas principales,Países Bajos,NL,Lanzarote,8492.0
2023-M12,12/2023,Turistas principales,Países Bajos,NL,Fuerteventura,5805.0
2023-M12,12/2023,Turistas principales,Países Bajos,NL,Gran Canaria,22781.0
2023-M12,12/2023,Turistas principales,Países Bajos,NL,Tenerife,22083.0
2023-M12,12/2023,Turistas principales,Países Bajos,NL,La Palma,869.0
2024-M01,01/2024,Turistas principales,Países Bajos,NL,Lanzarote,8887.0
2024-M01,01/2024,Turistas principales,Países Bajos,NL,Fuerteventura,6550.0
2024-M01,01/2024,Turistas principales,Países Bajos,NL,Gran Canaria,25795.0
2024-M01,01/2024,Turistas principales,Países Bajos,NL,Tenerife,18933.0
2024-M01,01/2024,Turistas principales,Países Bajos,NL,La Palma,645.0
2024-M02,02/2024,Turistas principales,Países Bajos,NL,Lanzarote,11426.0
2024-M02,02/2024,Turistas principales,Países Bajos,NL,Fuerteventura,10941.0
2024-M02,02/2024,Turistas principales,Países Bajos,NL,Gran Canaria,28956.0
2024-M02,02/2024,Turistas principales,Países Bajos,NL,Tenerife,22300.0
2024-M02,02/2024,Turistas principales,Países Bajos,NL,La Palma,1043.0
2024-M03,03/2024,Turistas principales,Países Bajos,NL,Lanzarote,8194.0
2024-M03,03/2024,Turistas principales,Países Bajos,NL,Fuerteventura,5612.0
2024-M03,03/2024,Turistas principales,Países Bajos,NL,Gran Canaria,22699.0
2024-M03,03/2024,Turistas principales,Países Bajos,NL,Tenerife,18908.0
2024-M03,03/2024,Turistas principales,Países Bajos,NL,La Palma,1097.0
2024-M04,04/2024,Turistas principales,Países Bajos,NL,Lanzarote,6976.0
2024-M04,04/2024,Turistas principales,Países Bajos,NL,Fuerteventura,4633.0
2024-M04,04/2024,Turistas principales,Países Bajos,NL,Gran Canaria,21225.0
2024-M04,04/2024,Turistas principales,Países Bajos,NL,Tenerife,21329.0
2024-M04,04/2024,Turistas principales,Países Bajos,NL,La Palma,1276.0
2024-M05,05/2024,Turistas principales,Países Bajos,NL,Lanzarote,6253.0
2024-M05,05/2024,Turistas principales,Países Bajos,NL,Fuerteventura,6364.0
2024-M05,05/2024,Turistas principales,Países Bajos,NL,Gran Canaria,29029.0
2024-M05,05/2024,Turistas principales,Países Bajos,NL,Tenerife,21504.0
2024-M05,05/2024,Turistas principales,Países Bajos,NL,La Palma,1441.0
2024-M06,06/2024,Turistas principales,Países Bajos,NL,Lanzarote,5911.0
2024-M06,06/2024,Turistas principales,Países Bajos,NL,Fuerteventura,5058.0
2024-M06,06/2024,Turistas principales,Países Bajos,NL,Gran Canaria,21649.0
2024-M06,06/2024,Turistas principales,Países Bajos,NL,Tenerife,20477.0
2024-M06,06/2024,Turistas principales,Países Bajos,NL,La Palma,996.0
2024-M07,07/2024,Turistas principales,Países Bajos,NL,Lanzarote,6239.0
2024-M07,07/2024,Turistas principales,Países Bajos,NL,Fuerteventura,4160.0
2024-M07,07/2024,Turistas principales,Países Bajos,NL,Gran Canaria,25679.0
2024-M07,07/2024,Turistas principales,Países Bajos,NL,Tenerife,20569.0
2024-M07,07/2024,Turistas principales,Países Bajos,NL,La Palma,1208.0
2024-M08,08/2024,Turistas principales,Países Bajos,NL,Lanzarote,7169.0
2024-M08,08/2024,Turistas principales,Países Bajos,NL,Fuerteventura,4723.0
2024-M08,08/2024,Turistas principales,Países Bajos,NL,Gran Canaria,30093.0
2024-M08,08/2024,Turistas principales,Países Bajos,NL,Tenerife,21668.0
2024-M08,08/2024,Turistas principales,Países Bajos,NL,La Palma,1277.0
2024-M09,09/2024,Turistas principales,Países Bajos,NL,Lanzarote,6609.0
2024-M09,09/2024,Turistas principales,Países Bajos,NL,Fuerteventura,4890.0
2024-M09,09/2024,Turistas principales,Países Bajos,NL,Gran Canaria,25317.0
2024-M09,09/2024,Turistas principales,Países Bajos,NL,Tenerife,16923.0
2024-M09,09/2024,Turistas principales,Países Bajos,NL,La Palma,1307.0
2024-M10,10/2024,Turistas principales,Países Bajos,NL,Lanzarote,8368.0
2024-M10,10/2024,Turistas principales,Países Bajos,NL,Fuerteventura,6072.0
2024-M10,10/2024,Turistas principales,Países Bajos,NL,Gran Canaria,32844.0
2024-M10,10/2024,Turistas principales,Países Bajos,NL,Tenerife,24619.0
2024-M10,10/2024,Turistas principales,Países Bajos,NL,La Palma,1478.0
2024-M11,11/2024,Turistas principales,Países Bajos,NL,Lanzarote,8337.0
2024-M11,11/2024,Turistas principales,Países Bajos,NL,Fuerteventura,6399.0
2024-M11,11/2024,Turistas principales,Países Bajos,NL,Gran Canaria,23467.0
2024-M11,11/2024,Turistas principales,Países Bajos,NL,Tenerife,19749.0
2024-M11,11/2024,Turistas principales,Países Bajos,NL,La Palma,1071.0
2024-M12,12/2024,Turistas principales,Países Bajos,NL,Lanzarote,8720.0
2024-M12,12/2024,Turistas principales,Países Bajos,NL,Fuerteventura,6708.0
2024-M12,12/2024,Turistas principales,Países Bajos,NL,Gran Canaria,23872.0
2024-M12,12/2024,Turistas principales,Países Bajos,NL,Tenerife,20169.0
2024-M12,12/2024,Turistas principales,Países Bajos,NL,La Palma,673.0
2025-M01,01/2025,Turistas principales,Países Bajos,NL,Lanzarote,8360.0
2025-M01,01/2025,Turistas principales,Países Bajos,NL,Fuerteventura,7233.0
2025-M01,01/2025,Turistas principales,Países Bajos,NL,Gran Canaria,23388.0
2025-M01,01/2025,Turistas principales,Países Bajos,NL,Tenerife,20117.0
2025-M01,01/2025,Turistas principales,Países Bajos,NL,La Palma,987.0
2025-M02,02/2025,Turistas principales,Países Bajos,NL,Lanzarote,9931.0
2025-M02,02/2025,Turistas principales,Países Bajos,NL,Fuerteventura,12380.0
2025-M02,02/2025,Turistas principales,Países Bajos,NL,Gran Canaria,26928.0
2025-M02,02/2025,Turistas principales,Países Bajos,NL,Tenerife,20164.0
2025-M02,02/2025,Turistas principales,Países Bajos,NL,La Palma,545.0
2025-M03,03/2025,Turistas principales,Países Bajos,NL,Lanzarote,8138.0
2025-M03,03/2025,Turistas principales,Países Bajos,NL,Fuerteventura,7345.0
2025-M03,03/2025,Turistas principales,Países Bajos,NL,Gran Canaria,27203.0
2025-M03,03/2025,Turistas principales,Países Bajos,NL,Tenerife,26155.0
2025-M03,03/2025,Turistas principales,Países Bajos,NL,La Palma,789.0
2025-M04,04/2025,Turistas principales,Países Bajos,NL,Lanzarote,7072.0
2025-M04,04/2025,Turistas principales,Países Bajos,NL,Fuerteventura,7068.0
2025-M04,04/2025,Turistas principales,Países Bajos,NL,Gran Canaria,27097.0
2025-M04,04/2025,Turistas principales,Países Bajos,NL,Tenerife,19847.0
2025-M04,04/2025,Turistas principales,Países Bajos,NL,La Palma,846.0
2025-M05,05/2025,Turistas principales,Países Bajos,NL,Lanzarote,5279.0
2025-M05,05/2025,Turistas principales,Países Bajos,NL,Fuerteventura,5390.0
2025-M05,05/2025,Turistas principales,Países Bajos,NL,Gran Canaria,23569.0
2025-M05,05/2025,Turistas principales,Países Bajos,NL,Tenerife,16705.0
2025-M05,05/2025,Turistas principales,Países Bajos,NL,La Palma,783.0
2025-M06,06/2025,Turistas principales,Países Bajos,NL,Lanzarote,4996.0
2025-M06,06/2025,Turistas principales,Países Bajos,NL,Fuerteventura,5555.0
2025-M06,06/2025,Turistas principales,Países Bajos,NL,Gran Canaria,24114.0
2025-M06,06/2025,Turistas principales,Países Bajos,NL,Tenerife,17219.0
2025-M06,06/2025,Turistas principales,Países Bajos,NL,La Palma,720.0
2025-M07,07/2025,Turistas principales,Países Bajos,NL,Lanzarote,6567.0
2025-M07,07/2025,Turistas principales,Países Bajos,NL,Fuerteventura,6876.0
2025-M07,07/2025,Turistas principales,Países Bajos,NL,Gran Canaria,28764.0
2025-M07,07/2025,Turistas principales,Países Bajos,NL,Tenerife,22552.0
2025-M07,07/2025,Turistas principales,Países Bajos,NL,La Palma,747.0
2020-M01,01/2020,Turistas principales,Bélgica,BE,Lanzarote,3297.0
2020-M01,01/2020,Turistas principales,Bélgica,BE,Fuerteventura,1179.0
2020-M01,01/2020,Turistas principales,Bélgica,BE,Gran Canaria,6013.0
2020-M01,01/2020,Turistas principales,Bélgica,BE,Tenerife,20086.0
2020-M01,01/2020,Turistas principales,Bélgica,BE,La Palma,354.0
2020-M02,02/2020,Turistas principales,Bélgica,BE,Lanzarote,3308.0
2020-M02,02/2020,Turistas principales,Bélgica,BE,Fuerteventura,1326.0
2020-M02,02/2020,Turistas principales,Bélgica,BE,Gran Canaria,5883.0
2020-M02,02/2020,Turistas principales,Bélgica,BE,Tenerife,17904.0
2020-M02,02/2020,Turistas principales,Bélgica,BE,La Palma,479.0
2020-M03,03/2020,Turistas principales,Bélgica,BE,Lanzarote,1599.0
2020-M03,03/2020,Turistas principales,Bélgica,BE,Fuerteventura,558.0
2020-M03,03/2020,Turistas principales,Bélgica,BE,Gran Canaria,2259.0
2020-M03,03/2020,Turistas principales,Bélgica,BE,Tenerife,7803.0
2020-M03,03/2020,Turistas principales,Bélgica,BE,La Palma,205.0
2020-M04,04/2020,Turistas principales,Bélgica,BE,Lanzarote,
2020-M04,04/2020,Turistas principales,Bélgica,BE,Fuerteventura,
2020-M04,04/2020,Turistas principales,Bélgica,BE,Gran Canaria,
2020-M04,04/2020,Turistas principales,Bélgica,BE,Tenerife,
2020-M04,04/2020,Turistas principales,Bélgica,BE,La Palma,
2020-M05,05/2020,Turistas principales,Bélgica,BE,Lanzarote,
2020-M05,05/2020,Turistas principales,Bélgica,BE,Fuerteventura,
2020-M05,05/2020,Turistas principales,Bélgica,BE,Gran Canaria,
2020-M05,05/2020,Turistas principales,Bélgica,BE,Tenerife,
2020-M05,05/2020,Turistas principales,Bélgica,BE,La Palma,
2020-M06,06/2020,Turistas principales,Bélgica,BE,Lanzarote,
2020-M06,06/2020,Turistas principales,Bélgica,BE,Fuerteventura,
2020-M06,06/2020,Turistas principales,Bélgica,BE,Gran Canaria,9.0
2020-M06,06/2020,Turistas principales,Bélgica,BE,Tenerife,223.0
2020-M06,06/2020,Turistas principales,Bélgica,BE,La Palma,
2020-M07,07/2020,Turistas principales,Bélgica,BE,Lanzarote,2270.0
2020-M07,07/2020,Turistas principales,Bélgica,BE,Fuerteventura,1197.0
2020-M07,07/2020,Turistas principales,Bélgica,BE,Gran Canaria,3993.0
2020-M07,07/2020,Turistas principales,Bélgica,BE,Tenerife,8406.0
2020-M07,07/2020,Turistas principales,Bélgica,BE,La Palma,124.0
2020-M08,08/2020,Turistas principales,Bélgica,BE,Lanzarote,1794.0
2020-M08,08/2020,Turistas principales,Bélgica,BE,Fuerteventura,1048.0
2020-M08,08/2020,Turistas principales,Bélgica,BE,Gran Canaria,4266.0
2020-M08,08/2020,Turistas principales,Bélgica,BE,Tenerife,10609.0
2020-M08,08/2020,Turistas principales,Bélgica,BE,La Palma,59.0
2020-M09,09/2020,Turistas principales,Bélgica,BE,Lanzarote,294.0
2020-M09,09/2020,Turistas principales,Bélgica,BE,Fuerteventura,242.0
2020-M09,09/2020,Turistas principales,Bélgica,BE,Gran Canaria,540.0
2020-M09,09/2020,Turistas principales,Bélgica,BE,Tenerife,11833.0
2020-M09,09/2020,Turistas principales,Bélgica,BE,La Palma,185.0
2020-M10,10/2020,Turistas principales,Bélgica,BE,Lanzarote,1465.0
2020-M10,10/2020,Turistas principales,Bélgica,BE,Fuerteventura,433.0
2020-M10,10/2020,Turistas principales,Bélgica,BE,Gran Canaria,788.0
2020-M10,10/2020,Turistas principales,Bélgica,BE,Tenerife,6459.0
2020-M10,10/2020,Turistas principales,Bélgica,BE,La Palma,28.0
2020-M11,11/2020,Turistas principales,Bélgica,BE,Lanzarote,1415.0
2020-M11,11/2020,Turistas principales,Bélgica,BE,Fuerteventura,901.0
2020-M11,11/2020,Turistas principales,Bélgica,BE,Gran Canaria,3278.0
2020-M11,11/2020,Turistas principales,Bélgica,BE,Tenerife,5173.0
2020-M11,11/2020,Turistas principales,Bélgica,BE,La Palma,316.0
2020-M12,12/2020,Turistas principales,Bélgica,BE,Lanzarote,1910.0
2020-M12,12/2020,Turistas principales,Bélgica,BE,Fuerteventura,1249.0
2020-M12,12/2020,Turistas principales,Bélgica,BE,Gran Canaria,4357.0
2020-M12,12/2020,Turistas principales,Bélgica,BE,Tenerife,6515.0
2020-M12,12/2020,Turistas principales,Bélgica,BE,La Palma,418.0
2021-M01,01/2021,Turistas principales,Bélgica,BE,Lanzarote,475.0
2021-M01,01/2021,Turistas principales,Bélgica,BE,Fuerteventura,389.0
2021-M01,01/2021,Turistas principales,Bélgica,BE,Gran Canaria,1590.0
2021-M01,01/2021,Turistas principales,Bélgica,BE,Tenerife,3340.0
2021-M01,01/2021,Turistas principales,Bélgica,BE,La Palma,180.0
2021-M02,02/2021,Turistas principales,Bélgica,BE,Lanzarote,69.0
2021-M02,02/2021,Turistas principales,Bélgica,BE,Fuerteventura,40.0
2021-M02,02/2021,Turistas principales,Bélgica,BE,Gran Canaria,149.0
2021-M02,02/2021,Turistas principales,Bélgica,BE,Tenerife,819.0
2021-M02,02/2021,Turistas principales,Bélgica,BE,La Palma,42.0
2021-M03,03/2021,Turistas principales,Bélgica,BE,Lanzarote,68.0
2021-M03,03/2021,Turistas principales,Bélgica,BE,Fuerteventura,53.0
2021-M03,03/2021,Turistas principales,Bélgica,BE,Gran Canaria,281.0
2021-M03,03/2021,Turistas principales,Bélgica,BE,Tenerife,1472.0
2021-M03,03/2021,Turistas principales,Bélgica,BE,La Palma,7.0
2021-M04,04/2021,Turistas principales,Bélgica,BE,Lanzarote,318.0
2021-M04,04/2021,Turistas principales,Bélgica,BE,Fuerteventura,111.0
2021-M04,04/2021,Turistas principales,Bélgica,BE,Gran Canaria,655.0
2021-M04,04/2021,Turistas principales,Bélgica,BE,Tenerife,3212.0
2021-M04,04/2021,Turistas principales,Bélgica,BE,La Palma,
2021-M05,05/2021,Turistas principales,Bélgica,BE,Lanzarote,884.0
2021-M05,05/2021,Turistas principales,Bélgica,BE,Fuerteventura,613.0
2021-M05,05/2021,Turistas principales,Bélgica,BE,Gran Canaria,2208.0
2021-M05,05/2021,Turistas principales,Bélgica,BE,Tenerife,6903.0
2021-M05,05/2021,Turistas principales,Bélgica,BE,La Palma,122.0
2021-M06,06/2021,Turistas principales,Bélgica,BE,Lanzarote,1459.0
2021-M06,06/2021,Turistas principales,Bélgica,BE,Fuerteventura,916.0
2021-M06,06/2021,Turistas principales,Bélgica,BE,Gran Canaria,4634.0
2021-M06,06/2021,Turistas principales,Bélgica,BE,Tenerife,10085.0
2021-M06,06/2021,Turistas principales,Bélgica,BE,La Palma,195.0
2021-M07,07/2021,Turistas principales,Bélgica,BE,Lanzarote,3202.0
2021-M07,07/2021,Turistas principales,Bélgica,BE,Fuerteventura,1596.0
2021-M07,07/2021,Turistas principales,Bélgica,BE,Gran Canaria,6701.0
2021-M07,07/2021,Turistas principales,Bélgica,BE,Tenerife,17037.0
2021-M07,07/2021,Turistas principales,Bélgica,BE,La Palma,380.0
2021-M08,08/2021,Turistas principales,Bélgica,BE,Lanzarote,3105.0
2021-M08,08/2021,Turistas principales,Bélgica,BE,Fuerteventura,1023.0
2021-M08,08/2021,Turistas principales,Bélgica,BE,Gran Canaria,7617.0
2021-M08,08/2021,Turistas principales,Bélgica,BE,Tenerife,18229.0
2021-M08,08/2021,Turistas principales,Bélgica,BE,La Palma,272.0
2021-M09,09/2021,Turistas principales,Bélgica,BE,Lanzarote,2627.0
2021-M09,09/2021,Turistas principales,Bélgica,BE,Fuerteventura,1222.0
2021-M09,09/2021,Turistas principales,Bélgica,BE,Gran Canaria,8088.0
2021-M09,09/2021,Turistas principales,Bélgica,BE,Tenerife,16103.0
2021-M09,09/2021,Turistas principales,Bélgica,BE,La Palma,342.0
2021-M10,10/2021,Turistas principales,Bélgica,BE,Lanzarote,3421.0
2021-M10,10/2021,Turistas principales,Bélgica,BE,Fuerteventura,1713.0
2021-M10,10/2021,Turistas principales,Bélgica,BE,Gran Canaria,8269.0
2021-M10,10/2021,Turistas principales,Bélgica,BE,Tenerife,24199.0
2021-M10,10/2021,Turistas principales,Bélgica,BE,La Palma,35.0
2021-M11,11/2021,Turistas principales,Bélgica,BE,Lanzarote,5300.0
2021-M11,11/2021,Turistas principales,Bélgica,BE,Fuerteventura,1606.0
2021-M11,11/2021,Turistas principales,Bélgica,BE,Gran Canaria,8793.0
2021-M11,11/2021,Turistas principales,Bélgica,BE,Tenerife,28187.0
2021-M11,11/2021,Turistas principales,Bélgica,BE,La Palma,268.0
2021-M12,12/2021,Turistas principales,Bélgica,BE,Lanzarote,4557.0
2021-M12,12/2021,Turistas principales,Bélgica,BE,Fuerteventura,1418.0
2021-M12,12/2021,Turistas principales,Bélgica,BE,Gran Canaria,8113.0
2021-M12,12/2021,Turistas principales,Bélgica,BE,Tenerife,23562.0
2021-M12,12/2021,Turistas principales,Bélgica,BE,La Palma,181.0
2022-M01,01/2022,Turistas principales,Bélgica,BE,Lanzarote,3422.0
2022-M01,01/2022,Turistas principales,Bélgica,BE,Fuerteventura,1114.0
2022-M01,01/2022,Turistas principales,Bélgica,BE,Gran Canaria,6604.0
2022-M01,01/2022,Turistas principales,Bélgica,BE,Tenerife,17755.0
2022-M01,01/2022,Turistas principales,Bélgica,BE,La Palma,74.0
2022-M02,02/2022,Turistas principales,Bélgica,BE,Lanzarote,3446.0
2022-M02,02/2022,Turistas principales,Bélgica,BE,Fuerteventura,1722.0
2022-M02,02/2022,Turistas principales,Bélgica,BE,Gran Canaria,6607.0
2022-M02,02/2022,Turistas principales,Bélgica,BE,Tenerife,18453.0
2022-M02,02/2022,Turistas principales,Bélgica,BE,La Palma,45.0
2022-M03,03/2022,Turistas principales,Bélgica,BE,Lanzarote,3393.0
2022-M03,03/2022,Turistas principales,Bélgica,BE,Fuerteventura,1201.0
2022-M03,03/2022,Turistas principales,Bélgica,BE,Gran Canaria,7040.0
2022-M03,03/2022,Turistas principales,Bélgica,BE,Tenerife,20049.0
2022-M03,03/2022,Turistas principales,Bélgica,BE,La Palma,215.0
2022-M04,04/2022,Turistas principales,Bélgica,BE,Lanzarote,3244.0
2022-M04,04/2022,Turistas principales,Bélgica,BE,Fuerteventura,1156.0
2022-M04,04/2022,Turistas principales,Bélgica,BE,Gran Canaria,8482.0
2022-M04,04/2022,Turistas principales,Bélgica,BE,Tenerife,16732.0
2022-M04,04/2022,Turistas principales,Bélgica,BE,La Palma,364.0
2022-M05,05/2022,Turistas principales,Bélgica,BE,Lanzarote,2969.0
2022-M05,05/2022,Turistas principales,Bélgica,BE,Fuerteventura,954.0
2022-M05,05/2022,Turistas principales,Bélgica,BE,Gran Canaria,7631.0
2022-M05,05/2022,Turistas principales,Bélgica,BE,Tenerife,16006.0
2022-M05,05/2022,Turistas principales,Bélgica,BE,La Palma,193.0
2022-M06,06/2022,Turistas principales,Bélgica,BE,Lanzarote,3867.0
2022-M06,06/2022,Turistas principales,Bélgica,BE,Fuerteventura,1082.0
2022-M06,06/2022,Turistas principales,Bélgica,BE,Gran Canaria,7318.0
2022-M06,06/2022,Turistas principales,Bélgica,BE,Tenerife,15373.0
2022-M06,06/2022,Turistas principales,Bélgica,BE,La Palma,243.0
2022-M07,07/2022,Turistas principales,Bélgica,BE,Lanzarote,6822.0
2022-M07,07/2022,Turistas principales,Bélgica,BE,Fuerteventura,1679.0
2022-M07,07/2022,Turistas principales,Bélgica,BE,Gran Canaria,15527.0
2022-M07,07/2022,Turistas principales,Bélgica,BE,Tenerife,25956.0
2022-M07,07/2022,Turistas principales,Bélgica,BE,La Palma,617.0
2022-M08,08/2022,Turistas principales,Bélgica,BE,Lanzarote,5945.0
2022-M08,08/2022,Turistas principales,Bélgica,BE,Fuerteventura,362.0
2022-M08,08/2022,Turistas principales,Bélgica,BE,Gran Canaria,11484.0
2022-M08,08/2022,Turistas principales,Bélgica,BE,Tenerife,20944.0
2022-M08,08/2022,Turistas principales,Bélgica,BE,La Palma,692.0
2022-M09,09/2022,Turistas principales,Bélgica,BE,Lanzarote,3483.0
2022-M09,09/2022,Turistas principales,Bélgica,BE,Fuerteventura,1595.0
2022-M09,09/2022,Turistas principales,Bélgica,BE,Gran Canaria,8118.0
2022-M09,09/2022,Turistas principales,Bélgica,BE,Tenerife,16677.0
2022-M09,09/2022,Turistas principales,Bélgica,BE,La Palma,348.0
2022-M10,10/2022,Turistas principales,Bélgica,BE,Lanzarote,4064.0
2022-M10,10/2022,Turistas principales,Bélgica,BE,Fuerteventura,1097.0
2022-M10,10/2022,Turistas principales,Bélgica,BE,Gran Canaria,8181.0
2022-M10,10/2022,Turistas principales,Bélgica,BE,Tenerife,17326.0
2022-M10,10/2022,Turistas principales,Bélgica,BE,La Palma,372.0
2022-M11,11/2022,Turistas principales,Bélgica,BE,Lanzarote,4184.0
2022-M11,11/2022,Turistas principales,Bélgica,BE,Fuerteventura,2345.0
2022-M11,11/2022,Turistas principales,Bélgica,BE,Gran Canaria,8759.0
2022-M11,11/2022,Turistas principales,Bélgica,BE,Tenerife,21824.0
2022-M11,11/2022,Turistas principales,Bélgica,BE,La Palma,218.0
2022-M12,12/2022,Turistas principales,Bélgica,BE,Lanzarote,5222.0
2022-M12,12/2022,Turistas principales,Bélgica,BE,Fuerteventura,3236.0
2022-M12,12/2022,Turistas principales,Bélgica,BE,Gran Canaria,9659.0
2022-M12,12/2022,Turistas principales,Bélgica,BE,Tenerife,22817.0
2022-M12,12/2022,Turistas principales,Bélgica,BE,La Palma,318.0
2023-M01,01/2023,Turistas principales,Bélgica,BE,Lanzarote,4389.0
2023-M01,01/2023,Turistas principales,Bélgica,BE,Fuerteventura,2292.0
2023-M01,01/2023,Turistas principales,Bélgica,BE,Gran Canaria,8156.0
2023-M01,01/2023,Turistas principales,Bélgica,BE,Tenerife,18621.0
2023-M01,01/2023,Turistas principales,Bélgica,BE,La Palma,555.0
2023-M02,02/2023,Turistas principales,Bélgica,BE,Lanzarote,4767.0
2023-M02,02/2023,Turistas principales,Bélgica,BE,Fuerteventura,2343.0
2023-M02,02/2023,Turistas principales,Bélgica,BE,Gran Canaria,6865.0
2023-M02,02/2023,Turistas principales,Bélgica,BE,Tenerife,19605.0
2023-M02,02/2023,Turistas principales,Bélgica,BE,La Palma,301.0
2023-M03,03/2023,Turistas principales,Bélgica,BE,Lanzarote,3820.0
2023-M03,03/2023,Turistas principales,Bélgica,BE,Fuerteventura,2361.0
2023-M03,03/2023,Turistas principales,Bélgica,BE,Gran Canaria,7479.0
2023-M03,03/2023,Turistas principales,Bélgica,BE,Tenerife,19437.0
2023-M03,03/2023,Turistas principales,Bélgica,BE,La Palma,231.0
2023-M04,04/2023,Turistas principales,Bélgica,BE,Lanzarote,6910.0
2023-M04,04/2023,Turistas principales,Bélgica,BE,Fuerteventura,1503.0
2023-M04,04/2023,Turistas principales,Bélgica,BE,Gran Canaria,12553.0
2023-M04,04/2023,Turistas principales,Bélgica,BE,Tenerife,20857.0
2023-M04,04/2023,Turistas principales,Bélgica,BE,La Palma,359.0
2023-M05,05/2023,Turistas principales,Bélgica,BE,Lanzarote,5130.0
2023-M05,05/2023,Turistas principales,Bélgica,BE,Fuerteventura,2038.0
2023-M05,05/2023,Turistas principales,Bélgica,BE,Gran Canaria,9249.0
2023-M05,05/2023,Turistas principales,Bélgica,BE,Tenerife,19183.0
2023-M05,05/2023,Turistas principales,Bélgica,BE,La Palma,310.0
2023-M06,06/2023,Turistas principales,Bélgica,BE,Lanzarote,4034.0
2023-M06,06/2023,Turistas principales,Bélgica,BE,Fuerteventura,1506.0
2023-M06,06/2023,Turistas principales,Bélgica,BE,Gran Canaria,6809.0
2023-M06,06/2023,Turistas principales,Bélgica,BE,Tenerife,15245.0
2023-M06,06/2023,Turistas principales,Bélgica,BE,La Palma,320.0
2023-M07,07/2023,Turistas principales,Bélgica,BE,Lanzarote,6317.0
2023-M07,07/2023,Turistas principales,Bélgica,BE,Fuerteventura,2180.0
2023-M07,07/2023,Turistas principales,Bélgica,BE,Gran Canaria,11955.0
2023-M07,07/2023,Turistas principales,Bélgica,BE,Tenerife,21312.0
2023-M07,07/2023,Turistas principales,Bélgica,BE,La Palma,236.0
2023-M08,08/2023,Turistas principales,Bélgica,BE,Lanzarote,4706.0
2023-M08,08/2023,Turistas principales,Bélgica,BE,Fuerteventura,957.0
2023-M08,08/2023,Turistas principales,Bélgica,BE,Gran Canaria,8157.0
2023-M08,08/2023,Turistas principales,Bélgica,BE,Tenerife,17052.0
2023-M08,08/2023,Turistas principales,Bélgica,BE,La Palma,174.0
2023-M09,09/2023,Turistas principales,Bélgica,BE,Lanzarote,4141.0
2023-M09,09/2023,Turistas principales,Bélgica,BE,Fuerteventura,1077.0
2023-M09,09/2023,Turistas principales,Bélgica,BE,Gran Canaria,8998.0
2023-M09,09/2023,Turistas principales,Bélgica,BE,Tenerife,17170.0
2023-M09,09/2023,Turistas principales,Bélgica,BE,La Palma,284.0
2023-M10,10/2023,Turistas principales,Bélgica,BE,Lanzarote,4749.0
2023-M10,10/2023,Turistas principales,Bélgica,BE,Fuerteventura,1181.0
2023-M10,10/2023,Turistas principales,Bélgica,BE,Gran Canaria,7677.0
2023-M10,10/2023,Turistas principales,Bélgica,BE,Tenerife,19261.0
2023-M10,10/2023,Turistas principales,Bélgica,BE,La Palma,175.0
2023-M11,11/2023,Turistas principales,Bélgica,BE,Lanzarote,5026.0
2023-M11,11/2023,Turistas principales,Bélgica,BE,Fuerteventura,2746.0
2023-M11,11/2023,Turistas principales,Bélgica,BE,Gran Canaria,9316.0
2023-M11,11/2023,Turistas principales,Bélgica,BE,Tenerife,23935.0
2023-M11,11/2023,Turistas principales,Bélgica,BE,La Palma,125.0
2023-M12,12/2023,Turistas principales,Bélgica,BE,Lanzarote,5026.0
2023-M12,12/2023,Turistas principales,Bélgica,BE,Fuerteventura,3635.0
2023-M12,12/2023,Turistas principales,Bélgica,BE,Gran Canaria,10533.0
2023-M12,12/2023,Turistas principales,Bélgica,BE,Tenerife,24948.0
2023-M12,12/2023,Turistas principales,Bélgica,BE,La Palma,208.0
2024-M01,01/2024,Turistas principales,Bélgica,BE,Lanzarote,4955.0
2024-M01,01/2024,Turistas principales,Bélgica,BE,Fuerteventura,3418.0
2024-M01,01/2024,Turistas principales,Bélgica,BE,Gran Canaria,7955.0
2024-M01,01/2024,Turistas principales,Bélgica,BE,Tenerife,22448.0
2024-M01,01/2024,Turistas principales,Bélgica,BE,La Palma,65.0
2024-M02,02/2024,Turistas principales,Bélgica,BE,Lanzarote,7343.0
2024-M02,02/2024,Turistas principales,Bélgica,BE,Fuerteventura,3791.0
2024-M02,02/2024,Turistas principales,Bélgica,BE,Gran Canaria,9417.0
2024-M02,02/2024,Turistas principales,Bélgica,BE,Tenerife,21787.0
2024-M02,02/2024,Turistas principales,Bélgica,BE,La Palma,37.0
2024-M03,03/2024,Turistas principales,Bélgica,BE,Lanzarote,6463.0
2024-M03,03/2024,Turistas principales,Bélgica,BE,Fuerteventura,2789.0
2024-M03,03/2024,Turistas principales,Bélgica,BE,Gran Canaria,11622.0
2024-M03,03/2024,Turistas principales,Bélgica,BE,Tenerife,21278.0
2024-M03,03/2024,Turistas principales,Bélgica,BE,La Palma,17.0
2024-M04,04/2024,Turistas principales,Bélgica,BE,Lanzarote,4789.0
2024-M04,04/2024,Turistas principales,Bélgica,BE,Fuerteventura,2033.0
2024-M04,04/2024,Turistas principales,Bélgica,BE,Gran Canaria,8895.0
2024-M04,04/2024,Turistas principales,Bélgica,BE,Tenerife,19567.0
2024-M04,04/2024,Turistas principales,Bélgica,BE,La Palma,387.0
2024-M05,05/2024,Turistas principales,Bélgica,BE,Lanzarote,5202.0
2024-M05,05/2024,Turistas principales,Bélgica,BE,Fuerteventura,2113.0
2024-M05,05/2024,Turistas principales,Bélgica,BE,Gran Canaria,9396.0
2024-M05,05/2024,Turistas principales,Bélgica,BE,Tenerife,20043.0
2024-M05,05/2024,Turistas principales,Bélgica,BE,La Palma,234.0
2024-M06,06/2024,Turistas principales,Bélgica,BE,Lanzarote,4348.0
2024-M06,06/2024,Turistas principales,Bélgica,BE,Fuerteventura,916.0
2024-M06,06/2024,Turistas principales,Bélgica,BE,Gran Canaria,8648.0
2024-M06,06/2024,Turistas principales,Bélgica,BE,Tenerife,16789.0
2024-M06,06/2024,Turistas principales,Bélgica,BE,La Palma,649.0
2024-M07,07/2024,Turistas principales,Bélgica,BE,Lanzarote,7401.0
2024-M07,07/2024,Turistas principales,Bélgica,BE,Fuerteventura,2789.0
2024-M07,07/2024,Turistas principales,Bélgica,BE,Gran Canaria,13427.0
2024-M07,07/2024,Turistas principales,Bélgica,BE,Tenerife,27201.0
2024-M07,07/2024,Turistas principales,Bélgica,BE,La Palma,344.0
2024-M08,08/2024,Turistas principales,Bélgica,BE,Lanzarote,5438.0
2024-M08,08/2024,Turistas principales,Bélgica,BE,Fuerteventura,1264.0
2024-M08,08/2024,Turistas principales,Bélgica,BE,Gran Canaria,11165.0
2024-M08,08/2024,Turistas principales,Bélgica,BE,Tenerife,19777.0
2024-M08,08/2024,Turistas principales,Bélgica,BE,La Palma,271.0
2024-M09,09/2024,Turistas principales,Bélgica,BE,Lanzarote,4567.0
2024-M09,09/2024,Turistas principales,Bélgica,BE,Fuerteventura,1076.0
2024-M09,09/2024,Turistas principales,Bélgica,BE,Gran Canaria,9085.0
2024-M09,09/2024,Turistas principales,Bélgica,BE,Tenerife,19074.0
2024-M09,09/2024,Turistas principales,Bélgica,BE,La Palma,288.0
2024-M10,10/2024,Turistas principales,Bélgica,BE,Lanzarote,5057.0
2024-M10,10/2024,Turistas principales,Bélgica,BE,Fuerteventura,1503.0
2024-M10,10/2024,Turistas principales,Bélgica,BE,Gran Canaria,10456.0
2024-M10,10/2024,Turistas principales,Bélgica,BE,Tenerife,22017.0
2024-M10,10/2024,Turistas principales,Bélgica,BE,La Palma,87.0
2024-M11,11/2024,Turistas principales,Bélgica,BE,Lanzarote,4767.0
2024-M11,11/2024,Turistas principales,Bélgica,BE,Fuerteventura,2516.0
2024-M11,11/2024,Turistas principales,Bélgica,BE,Gran Canaria,10096.0
2024-M11,11/2024,Turistas principales,Bélgica,BE,Tenerife,25290.0
2024-M11,11/2024,Turistas principales,Bélgica,BE,La Palma,503.0
2024-M12,12/2024,Turistas principales,Bélgica,BE,Lanzarote,4178.0
2024-M12,12/2024,Turistas principales,Bélgica,BE,Fuerteventura,3648.0
2024-M12,12/2024,Turistas principales,Bélgica,BE,Gran Canaria,11185.0
2024-M12,12/2024,Turistas principales,Bélgica,BE,Tenerife,27687.0
2024-M12,12/2024,Turistas principales,Bélgica,BE,La Palma,219.0
2025-M01,01/2025,Turistas principales,Bélgica,BE,Lanzarote,4073.0
2025-M01,01/2025,Turistas principales,Bélgica,BE,Fuerteventura,3160.0
2025-M01,01/2025,Turistas principales,Bélgica,BE,Gran Canaria,9128.0
2025-M01,01/2025,Turistas principales,Bélgica,BE,Tenerife,22895.0
2025-M01,01/2025,Turistas principales,Bélgica,BE,La Palma,207.0
2025-M02,02/2025,Turistas principales,Bélgica,BE,Lanzarote,4916.0
2025-M02,02/2025,Turistas principales,Bélgica,BE,Fuerteventura,3533.0
2025-M02,02/2025,Turistas principales,Bélgica,BE,Gran Canaria,8936.0
2025-M02,02/2025,Turistas principales,Bélgica,BE,Tenerife,22214.0
2025-M02,02/2025,Turistas principales,Bélgica,BE,La Palma,3.0
2025-M03,03/2025,Turistas principales,Bélgica,BE,Lanzarote,5446.0
2025-M03,03/2025,Turistas principales,Bélgica,BE,Fuerteventura,2784.0
2025-M03,03/2025,Turistas principales,Bélgica,BE,Gran Canaria,10002.0
2025-M03,03/2025,Turistas principales,Bélgica,BE,Tenerife,26898.0
2025-M03,03/2025,Turistas principales,Bélgica,BE,La Palma,32.0
2025-M04,04/2025,Turistas principales,Bélgica,BE,Lanzarote,5472.0
2025-M04,04/2025,Turistas principales,Bélgica,BE,Fuerteventura,3065.0
2025-M04,04/2025,Turistas principales,Bélgica,BE,Gran Canaria,11505.0
2025-M04,04/2025,Turistas principales,Bélgica,BE,Tenerife,23801.0
2025-M04,04/2025,Turistas principales,Bélgica,BE,La Palma,461.0
2025-M05,05/2025,Turistas principales,Bélgica,BE,Lanzarote,3346.0
2025-M05,05/2025,Turistas principales,Bélgica,BE,Fuerteventura,2569.0
2025-M05,05/2025,Turistas principales,Bélgica,BE,Gran Canaria,8208.0
2025-M05,05/2025,Turistas principales,Bélgica,BE,Tenerife,19269.0
2025-M05,05/2025,Turistas principales,Bélgica,BE,La Palma,109.0
2025-M06,06/2025,Turistas principales,Bélgica,BE,Lanzarote,2890.0
2025-M06,06/2025,Turistas principales,Bélgica,BE,Fuerteventura,2484.0
2025-M06,06/2025,Turistas principales,Bélgica,BE,Gran Canaria,8183.0
2025-M06,06/2025,Turistas principales,Bélgica,BE,Tenerife,16362.0
2025-M06,06/2025,Turistas principales,Bélgica,BE,La Palma,92.0
2025-M07,07/2025,Turistas principales,Bélgica,BE,Lanzarote,6065.0
2025-M07,07/2025,Turistas principales,Bélgica,BE,Fuerteventura,3576.0
2025-M07,07/2025,Turistas principales,Bélgica,BE,Gran Canaria,14082.0
2025-M07,07/2025,Turistas principales,Bélgica,BE,Tenerife,25224.0
2025-M07,07/2025,Turistas principales,Bélgica,BE,La Palma,47.0
2020-M01,01/2020,Turistas principales,Otros países o territorios del mundo (excluida España),5000_XES_O,Lanzarote,9265.0
2020-M01,01/2020,Turistas principales,Otros países o territorios del mundo (excluida España),5000_XES_O,Fuerteventura,13537.0
2020-M01,01/2020,Turistas principales,Otros países o territorios del mundo (excluida España),5000_XES_O,Gran Canaria,34990.0
2020-M01,01/2020,Turistas principales,Otros países o territorios del mundo (excluida España),5000_XES_O,Tenerife,57577.0
2020-M01,01/2020,Turistas principales,Otros países o territorios del mundo (excluida España),5000_XES_O,La Palma,1543.0
2020-M02,02/2020,Turistas principales,Otros países o territorios del mundo (excluida España),5000_XES_O,Lanzarote,10292.0
2020-M02,02/2020,Turistas principales,Otros países o territorios del mundo (excluida España),5000_XES_O,Fuerteventura,14753.0
2020-M02,02/2020,Turistas principales,Otros países o territorios del mundo (excluida España),5000_XES_O,Gran Canaria,34611.0
2020-M02,02/2020,Turistas principales,Otros países o territorios del mundo (excluida España),5000_XES_O,Tenerife,55233.0
2020-M02,02/2020,Turistas principales,Otros países o territorios del mundo (excluida España),5000_XES_O,La Palma,1545.0
2020-M03,03/2020,Turistas principales,Otros países o territorios del mundo (excluida España),5000_XES_O,Lanzarote,2967.0
2020-M03,03/2020,Turistas principales,Otros países o territorios del mundo (excluida España),5000_XES_O,Fuerteventura,5387.0
2020-M03,03/2020,Turistas principales,Otros países o territorios del mundo (excluida España),5000_XES_O,Gran Canaria,9908.0
2020-M03,03/2020,Turistas principales,Otros países o territorios del mundo (excluida España),5000_XES_O,Tenerife,16661.0
2020-M03,03/2020,Turistas principales,Otros países o territorios del mundo (excluida España),5000_XES_O,La Palma,506.0
2020-M04,04/2020,Turistas principales,Otros países o territorios del mundo (excluida España),5000_XES_O,Lanzarote,
2020-M04,04/2020,Turistas principales,Otros países o territorios del mundo (excluida España),5000_XES_O,Fuerteventura,
2020-M04,04/2020,Turistas principales,Otros países o territorios del mundo (excluida España),5000_XES_O,Gran Canaria,
2020-M04,04/2020,Turistas principales,Otros países o territorios del mundo (excluida España),5000_XES_O,Tenerife,
2020-M04,04/2020,Turistas principales,Otros países o territorios del mundo (excluida España),5000_XES_O,La Palma,
2020-M05,05/2020,Turistas principales,Otros países o territorios del mundo (excluida España),5000_XES_O,Lanzarote,
2020-M05,05/2020,Turistas principales,Otros países o territorios del mundo (excluida España),5000_XES_O,Fuerteventura,
2020-M05,05/2020,Turistas principales,Otros países o territorios del mundo (excluida España),5000_XES_O,Gran Canaria,
2020-M05,05/2020,Turistas principales,Otros países o territorios del mundo (excluida España),5000_XES_O,Tenerife,
2020-M05,05/2020,Turistas principales,Otros países o territorios del mundo (excluida España),5000_XES_O,La Palma,
2020-M06,06/2020,Turistas principales,Otros países o territorios del mundo (excluida España),5000_XES_O,Lanzarote,66.0
2020-M06,06/2020,Turistas principales,Otros países o territorios del mundo (excluida España),5000_XES_O,Fuerteventura,38.0
2020-M06,06/2020,Turistas principales,Otros países o territorios del mundo (excluida España),5000_XES_O,Gran Canaria,1286.0
2020-M06,06/2020,Turistas principales,Otros países o territorios del mundo (excluida España),5000_XES_O,Tenerife,593.0
2020-M06,06/2020,Turistas principales,Otros países o territorios del mundo (excluida España),5000_XES_O,La Palma,1.0
2020-M07,07/2020,Turistas principales,Otros países o territorios del mundo (excluida España),5000_XES_O,Lanzarote,2602.0
2020-M07,07/2020,Turistas principales,Otros países o territorios del mundo (excluida España),5000_XES_O,Fuerteventura,5588.0
2020-M07,07/2020,Turistas principales,Otros países o territorios del mundo (excluida España),5000_XES_O,Gran Canaria,5589.0
2020-M07,07/2020,Turistas principales,Otros países o territorios del mundo (excluida España),5000_XES_O,Tenerife,14033.0
2020-M07,07/2020,Turistas principales,Otros países o territorios del mundo (excluida España),5000_XES_O,La Palma,121.0
2020-M08,08/2020,Turistas principales,Otros países o territorios del mundo (excluida España),5000_XES_O,Lanzarote,3237.0
2020-M08,08/2020,Turistas principales,Otros países o territorios del mundo (excluida España),5000_XES_O,Fuerteventura,6665.0
2020-M08,08/2020,Turistas principales,Otros países o territorios del mundo (excluida España),5000_XES_O,Gran Canaria,7498.0
2020-M08,08/2020,Turistas principales,Otros países o territorios del mundo (excluida España),5000_XES_O,Tenerife,16559.0
2020-M08,08/2020,Turistas principales,Otros países o territorios del mundo (excluida España),5000_XES_O,La Palma,152.0
2020-M09,09/2020,Turistas principales,Otros países o territorios del mundo (excluida España),5000_XES_O,Lanzarote,1077.0
2020-M09,09/2020,Turistas principales,Otros países o territorios del mundo (excluida España),5000_XES_O,Fuerteventura,2452.0
2020-M09,09/2020,Turistas principales,Otros países o territorios del mundo (excluida España),5000_XES_O,Gran Canaria,4347.0
2020-M09,09/2020,Turistas principales,Otros países o territorios del mundo (excluida España),5000_XES_O,Tenerife,9135.0
2020-M09,09/2020,Turistas principales,Otros países o territorios del mundo (excluida España),5000_XES_O,La Palma,135.0
2020-M10,10/2020,Turistas principales,Otros países o territorios del mundo (excluida España),5000_XES_O,Lanzarote,1385.0
2020-M10,10/2020,Turistas principales,Otros países o territorios del mundo (excluida España),5000_XES_O,Fuerteventura,2493.0
2020-M10,10/2020,Turistas principales,Otros países o territorios del mundo (excluida España),5000_XES_O,Gran Canaria,5136.0
2020-M10,10/2020,Turistas principales,Otros países o territorios del mundo (excluida España),5000_XES_O,Tenerife,10531.0
2020-M10,10/2020,Turistas principales,Otros países o territorios del mundo (excluida España),5000_XES_O,La Palma,142.0
2020-M11,11/2020,Turistas principales,Otros países o territorios del mundo (excluida España),5000_XES_O,Lanzarote,1483.0
2020-M11,11/2020,Turistas principales,Otros países o territorios del mundo (excluida España),5000_XES_O,Fuerteventura,2399.0
2020-M11,11/2020,Turistas principales,Otros países o territorios del mundo (excluida España),5000_XES_O,Gran Canaria,7367.0
2020-M11,11/2020,Turistas principales,Otros países o territorios del mundo (excluida España),5000_XES_O,Tenerife,9723.0
2020-M11,11/2020,Turistas principales,Otros países o territorios del mundo (excluida España),5000_XES_O,La Palma,273.0
2020-M12,12/2020,Turistas principales,Otros países o territorios del mundo (excluida España),5000_XES_O,Lanzarote,2221.0
2020-M12,12/2020,Turistas principales,Otros países o territorios del mundo (excluida España),5000_XES_O,Fuerteventura,2960.0
2020-M12,12/2020,Turistas principales,Otros países o territorios del mundo (excluida España),5000_XES_O,Gran Canaria,10163.0
2020-M12,12/2020,Turistas principales,Otros países o territorios del mundo (excluida España),5000_XES_O,Tenerife,14015.0
2020-M12,12/2020,Turistas principales,Otros países o territorios del mundo (excluida España),5000_XES_O,La Palma,440.0
2021-M01,01/2021,Turistas principales,Otros países o territorios del mundo (excluida España),5000_XES_O,Lanzarote,1460.0
2021-M01,01/2021,Turistas principales,Otros países o territorios del mundo (excluida España),5000_XES_O,Fuerteventura,3020.0
2021-M01,01/2021,Turistas principales,Otros países o territorios del mundo (excluida España),5000_XES_O,Gran Canaria,6237.0
2021-M01,01/2021,Turistas principales,Otros países o territorios del mundo (excluida España),5000_XES_O,Tenerife,11741.0
2021-M01,01/2021,Turistas principales,Otros países o territorios del mundo (excluida España),5000_XES_O,La Palma,346.0
2021-M02,02/2021,Turistas principales,Otros países o territorios del mundo (excluida España),5000_XES_O,Lanzarote,840.0
2021-M02,02/2021,Turistas principales,Otros países o territorios del mundo (excluida España),5000_XES_O,Fuerteventura,2032.0
2021-M02,02/2021,Turistas principales,Otros países o territorios del mundo (excluida España),5000_XES_O,Gran Canaria,5868.0
2021-M02,02/2021,Turistas principales,Otros países o territorios del mundo (excluida España),5000_XES_O,Tenerife,13436.0
2021-M02,02/2021,Turistas principales,Otros países o territorios del mundo (excluida España),5000_XES_O,La Palma,286.0
2021-M03,03/2021,Turistas principales,Otros países o territorios del mundo (excluida España),5000_XES_O,Lanzarote,1215.0
2021-M03,03/2021,Turistas principales,Otros países o territorios del mundo (excluida España),5000_XES_O,Fuerteventura,2591.0
2021-M03,03/2021,Turistas principales,Otros países o territorios del mundo (excluida España),5000_XES_O,Gran Canaria,8369.0
2021-M03,03/2021,Turistas principales,Otros países o territorios del mundo (excluida España),5000_XES_O,Tenerife,17602.0
2021-M03,03/2021,Turistas principales,Otros países o territorios del mundo (excluida España),5000_XES_O,La Palma,214.0
2021-M04,04/2021,Turistas principales,Otros países o territorios del mundo (excluida España),5000_XES_O,Lanzarote,2369.0
2021-M04,04/2021,Turistas principales,Otros países o territorios del mundo (excluida España),5000_XES_O,Fuerteventura,4427.0
2021-M04,04/2021,Turistas principales,Otros países o territorios del mundo (excluida España),5000_XES_O,Gran Canaria,10555.0
2021-M04,04/2021,Turistas principales,Otros países o territorios del mundo (excluida España),5000_XES_O,Tenerife,23116.0
2021-M04,04/2021,Turistas principales,Otros países o territorios del mundo (excluida España),5000_XES_O,La Palma,321.0
2021-M05,05/2021,Turistas principales,Otros países o territorios del mundo (excluida España),5000_XES_O,Lanzarote,2706.0
2021-M05,05/2021,Turistas principales,Otros países o territorios del mundo (excluida España),5000_XES_O,Fuerteventura,6209.0
2021-M05,05/2021,Turistas principales,Otros países o territorios del mundo (excluida España),5000_XES_O,Gran Canaria,10350.0
2021-M05,05/2021,Turistas principales,Otros países o territorios del mundo (excluida España),5000_XES_O,Tenerife,23706.0
2021-M05,05/2021,Turistas principales,Otros países o territorios del mundo (excluida España),5000_XES_O,La Palma,472.0
2021-M06,06/2021,Turistas principales,Otros países o territorios del mundo (excluida España),5000_XES_O,Lanzarote,2840.0
2021-M06,06/2021,Turistas principales,Otros países o territorios del mundo (excluida España),5000_XES_O,Fuerteventura,6869.0
2021-M06,06/2021,Turistas principales,Otros países o territorios del mundo (excluida España),5000_XES_O,Gran Canaria,12107.0
2021-M06,06/2021,Turistas principales,Otros países o territorios del mundo (excluida España),5000_XES_O,Tenerife,23121.0
2021-M06,06/2021,Turistas principales,Otros países o territorios del mundo (excluida España),5000_XES_O,La Palma,795.0
2021-M07,07/2021,Turistas principales,Otros países o territorios del mundo (excluida España),5000_XES_O,Lanzarote,5916.0
2021-M07,07/2021,Turistas principales,Otros países o territorios del mundo (excluida España),5000_XES_O,Fuerteventura,13489.0
2021-M07,07/2021,Turistas principales,Otros países o territorios del mundo (excluida España),5000_XES_O,Gran Canaria,21460.0
2021-M07,07/2021,Turistas principales,Otros países o territorios del mundo (excluida España),5000_XES_O,Tenerife,41871.0
2021-M07,07/2021,Turistas principales,Otros países o territorios del mundo (excluida España),5000_XES_O,La Palma,1770.0
2021-M08,08/2021,Turistas principales,Otros países o territorios del mundo (excluida España),5000_XES_O,Lanzarote,6517.0
2021-M08,08/2021,Turistas principales,Otros países o territorios del mundo (excluida España),5000_XES_O,Fuerteventura,13436.0
2021-M08,08/2021,Turistas principales,Otros países o territorios del mundo (excluida España),5000_XES_O,Gran Canaria,19771.0
2021-M08,08/2021,Turistas principales,Otros países o territorios del mundo (excluida España),5000_XES_O,Tenerife,38139.0
2021-M08,08/2021,Turistas principales,Otros países o territorios del mundo (excluida España),5000_XES_O,La Palma,1401.0
2021-M09,09/2021,Turistas principales,Otros países o territorios del mundo (excluida España),5000_XES_O,Lanzarote,6357.0
2021-M09,09/2021,Turistas principales,Otros países o territorios del mundo (excluida España),5000_XES_O,Fuerteventura,12449.0
2021-M09,09/2021,Turistas principales,Otros países o territorios del mundo (excluida España),5000_XES_O,Gran Canaria,20354.0
2021-M09,09/2021,Turistas principales,Otros países o territorios del mundo (excluida España),5000_XES_O,Tenerife,40822.0
2021-M09,09/2021,Turistas principales,Otros países o territorios del mundo (excluida España),5000_XES_O,La Palma,1026.0
2021-M10,10/2021,Turistas principales,Otros países o territorios del mundo (excluida España),5000_XES_O,Lanzarote,8949.0
2021-M10,10/2021,Turistas principales,Otros países o territorios del mundo (excluida España),5000_XES_O,Fuerteventura,13823.0
2021-M10,10/2021,Turistas principales,Otros países o territorios del mundo (excluida España),5000_XES_O,Gran Canaria,24852.0
2021-M10,10/2021,Turistas principales,Otros países o territorios del mundo (excluida España),5000_XES_O,Tenerife,51564.0
2021-M10,10/2021,Turistas principales,Otros países o territorios del mundo (excluida España),5000_XES_O,La Palma,638.0
2021-M11,11/2021,Turistas principales,Otros países o territorios del mundo (excluida España),5000_XES_O,Lanzarote,9052.0
2021-M11,11/2021,Turistas principales,Otros países o territorios del mundo (excluida España),5000_XES_O,Fuerteventura,12904.0
2021-M11,11/2021,Turistas principales,Otros países o territorios del mundo (excluida España),5000_XES_O,Gran Canaria,23368.0
2021-M11,11/2021,Turistas principales,Otros países o territorios del mundo (excluida España),5000_XES_O,Tenerife,51333.0
2021-M11,11/2021,Turistas principales,Otros países o territorios del mundo (excluida España),5000_XES_O,La Palma,598.0
2021-M12,12/2021,Turistas principales,Otros países o territorios del mundo (excluida España),5000_XES_O,Lanzarote,8550.0
2021-M12,12/2021,Turistas principales,Otros países o territorios del mundo (excluida España),5000_XES_O,Fuerteventura,12152.0
2021-M12,12/2021,Turistas principales,Otros países o territorios del mundo (excluida España),5000_XES_O,Gran Canaria,28118.0
2021-M12,12/2021,Turistas principales,Otros países o territorios del mundo (excluida España),5000_XES_O,Tenerife,50269.0
2021-M12,12/2021,Turistas principales,Otros países o territorios del mundo (excluida España),5000_XES_O,La Palma,788.0
2022-M01,01/2022,Turistas principales,Otros países o territorios del mundo (excluida España),5000_XES_O,Lanzarote,8101.0
2022-M01,01/2022,Turistas principales,Otros países o territorios del mundo (excluida España),5000_XES_O,Fuerteventura,12425.0
2022-M01,01/2022,Turistas principales,Otros países o territorios del mundo (excluida España),5000_XES_O,Gran Canaria,24998.0
2022-M01,01/2022,Turistas principales,Otros países o territorios del mundo (excluida España),5000_XES_O,Tenerife,53863.0
2022-M01,01/2022,Turistas principales,Otros países o territorios del mundo (excluida España),5000_XES_O,La Palma,720.0
2022-M02,02/2022,Turistas principales,Otros países o territorios del mundo (excluida España),5000_XES_O,Lanzarote,11122.0
2022-M02,02/2022,Turistas principales,Otros países o territorios del mundo (excluida España),5000_XES_O,Fuerteventura,15151.0
2022-M02,02/2022,Turistas principales,Otros países o territorios del mundo (excluida España),5000_XES_O,Gran Canaria,27335.0
2022-M02,02/2022,Turistas principales,Otros países o territorios del mundo (excluida España),5000_XES_O,Tenerife,61329.0
2022-M02,02/2022,Turistas principales,Otros países o territorios del mundo (excluida España),5000_XES_O,La Palma,742.0
2022-M03,03/2022,Turistas principales,Otros países o territorios del mundo (excluida España),5000_XES_O,Lanzarote,10186.0
2022-M03,03/2022,Turistas principales,Otros países o territorios del mundo (excluida España),5000_XES_O,Fuerteventura,13017.0
2022-M03,03/2022,Turistas principales,Otros países o territorios del mundo (excluida España),5000_XES_O,Gran Canaria,29104.0
2022-M03,03/2022,Turistas principales,Otros países o territorios del mundo (excluida España),5000_XES_O,Tenerife,59156.0
2022-M03,03/2022,Turistas principales,Otros países o territorios del mundo (excluida España),5000_XES_O,La Palma,1125.0
2022-M04,04/2022,Turistas principales,Otros países o territorios del mundo (excluida España),5000_XES_O,Lanzarote,11041.0
2022-M04,04/2022,Turistas principales,Otros países o territorios del mundo (excluida España),5000_XES_O,Fuerteventura,13588.0
2022-M04,04/2022,Turistas principales,Otros países o territorios del mundo (excluida España),5000_XES_O,Gran Canaria,24878.0
2022-M04,04/2022,Turistas principales,Otros países o territorios del mundo (excluida España),5000_XES_O,Tenerife,57545.0
2022-M04,04/2022,Turistas principales,Otros países o territorios del mundo (excluida España),5000_XES_O,La Palma,1062.0
2022-M05,05/2022,Turistas principales,Otros países o territorios del mundo (excluida España),5000_XES_O,Lanzarote,8789.0
2022-M05,05/2022,Turistas principales,Otros países o territorios del mundo (excluida España),5000_XES_O,Fuerteventura,12745.0
2022-M05,05/2022,Turistas principales,Otros países o territorios del mundo (excluida España),5000_XES_O,Gran Canaria,25825.0
2022-M05,05/2022,Turistas principales,Otros países o territorios del mundo (excluida España),5000_XES_O,Tenerife,42183.0
2022-M05,05/2022,Turistas principales,Otros países o territorios del mundo (excluida España),5000_XES_O,La Palma,1194.0
2022-M06,06/2022,Turistas principales,Otros países o territorios del mundo (excluida España),5000_XES_O,Lanzarote,7789.0
2022-M06,06/2022,Turistas principales,Otros países o territorios del mundo (excluida España),5000_XES_O,Fuerteventura,12963.0
2022-M06,06/2022,Turistas principales,Otros países o territorios del mundo (excluida España),5000_XES_O,Gran Canaria,23369.0
2022-M06,06/2022,Turistas principales,Otros países o territorios del mundo (excluida España),5000_XES_O,Tenerife,41888.0
2022-M06,06/2022,Turistas principales,Otros países o territorios del mundo (excluida España),5000_XES_O,La Palma,1008.0
2022-M07,07/2022,Turistas principales,Otros países o territorios del mundo (excluida España),5000_XES_O,Lanzarote,9572.0
2022-M07,07/2022,Turistas principales,Otros países o territorios del mundo (excluida España),5000_XES_O,Fuerteventura,21242.0
2022-M07,07/2022,Turistas principales,Otros países o territorios del mundo (excluida España),5000_XES_O,Gran Canaria,34668.0
2022-M07,07/2022,Turistas principales,Otros países o territorios del mundo (excluida España),5000_XES_O,Tenerife,52016.0
2022-M07,07/2022,Turistas principales,Otros países o territorios del mundo (excluida España),5000_XES_O,La Palma,1529.0
2022-M08,08/2022,Turistas principales,Otros países o territorios del mundo (excluida España),5000_XES_O,Lanzarote,8772.0
2022-M08,08/2022,Turistas principales,Otros países o territorios del mundo (excluida España),5000_XES_O,Fuerteventura,19917.0
2022-M08,08/2022,Turistas principales,Otros países o territorios del mundo (excluida España),5000_XES_O,Gran Canaria,29412.0
2022-M08,08/2022,Turistas principales,Otros países o territorios del mundo (excluida España),5000_XES_O,Tenerife,48459.0
2022-M08,08/2022,Turistas principales,Otros países o territorios del mundo (excluida España),5000_XES_O,La Palma,919.0
2022-M09,09/2022,Turistas principales,Otros países o territorios del mundo (excluida España),5000_XES_O,Lanzarote,8168.0
2022-M09,09/2022,Turistas principales,Otros países o territorios del mundo (excluida España),5000_XES_O,Fuerteventura,15080.0
2022-M09,09/2022,Turistas principales,Otros países o territorios del mundo (excluida España),5000_XES_O,Gran Canaria,25770.0
2022-M09,09/2022,Turistas principales,Otros países o territorios del mundo (excluida España),5000_XES_O,Tenerife,44117.0
2022-M09,09/2022,Turistas principales,Otros países o territorios del mundo (excluida España),5000_XES_O,La Palma,1214.0
2022-M10,10/2022,Turistas principales,Otros países o territorios del mundo (excluida España),5000_XES_O,Lanzarote,11492.0
2022-M10,10/2022,Turistas principales,Otros países o territorios del mundo (excluida España),5000_XES_O,Fuerteventura,15943.0
2022-M10,10/2022,Turistas principales,Otros países o territorios del mundo (excluida España),5000_XES_O,Gran Canaria,32573.0
2022-M10,10/2022,Turistas principales,Otros países o territorios del mundo (excluida España),5000_XES_O,Tenerife,56556.0
2022-M10,10/2022,Turistas principales,Otros países o territorios del mundo (excluida España),5000_XES_O,La Palma,2268.0
2022-M11,11/2022,Turistas principales,Otros países o territorios del mundo (excluida España),5000_XES_O,Lanzarote,7685.0
2022-M11,11/2022,Turistas principales,Otros países o territorios del mundo (excluida España),5000_XES_O,Fuerteventura,14346.0
2022-M11,11/2022,Turistas principales,Otros países o territorios del mundo (excluida España),5000_XES_O,Gran Canaria,30148.0
2022-M11,11/2022,Turistas principales,Otros países o territorios del mundo (excluida España),5000_XES_O,Tenerife,43936.0
2022-M11,11/2022,Turistas principales,Otros países o territorios del mundo (excluida España),5000_XES_O,La Palma,1277.0
2022-M12,12/2022,Turistas principales,Otros países o territorios del mundo (excluida España),5000_XES_O,Lanzarote,10188.0
2022-M12,12/2022,Turistas principales,Otros países o territorios del mundo (excluida España),5000_XES_O,Fuerteventura,14763.0
2022-M12,12/2022,Turistas principales,Otros países o territorios del mundo (excluida España),5000_XES_O,Gran Canaria,32524.0
2022-M12,12/2022,Turistas principales,Otros países o territorios del mundo (excluida España),5000_XES_O,Tenerife,60081.0
2022-M12,12/2022,Turistas principales,Otros países o territorios del mundo (excluida España),5000_XES_O,La Palma,666.0
2023-M01,01/2023,Turistas principales,Otros países o territorios del mundo (excluida España),5000_XES_O,Lanzarote,10577.0
2023-M01,01/2023,Turistas principales,Otros países o territorios del mundo (excluida España),5000_XES_O,Fuerteventura,17536.0
2023-M01,01/2023,Turistas principales,Otros países o territorios del mundo (excluida España),5000_XES_O,Gran Canaria,34746.0
2023-M01,01/2023,Turistas principales,Otros países o territorios del mundo (excluida España),5000_XES_O,Tenerife,68936.0
2023-M01,01/2023,Turistas principales,Otros países o territorios del mundo (excluida España),5000_XES_O,La Palma,1106.0
2023-M02,02/2023,Turistas principales,Otros países o territorios del mundo (excluida España),5000_XES_O,Lanzarote,11231.0
2023-M02,02/2023,Turistas principales,Otros países o territorios del mundo (excluida España),5000_XES_O,Fuerteventura,21510.0
2023-M02,02/2023,Turistas principales,Otros países o territorios del mundo (excluida España),5000_XES_O,Gran Canaria,38989.0
2023-M02,02/2023,Turistas principales,Otros países o territorios del mundo (excluida España),5000_XES_O,Tenerife,74088.0
2023-M02,02/2023,Turistas principales,Otros países o territorios del mundo (excluida España),5000_XES_O,La Palma,1532.0
2023-M03,03/2023,Turistas principales,Otros países o territorios del mundo (excluida España),5000_XES_O,Lanzarote,8931.0
2023-M03,03/2023,Turistas principales,Otros países o territorios del mundo (excluida España),5000_XES_O,Fuerteventura,16510.0
2023-M03,03/2023,Turistas principales,Otros países o territorios del mundo (excluida España),5000_XES_O,Gran Canaria,36492.0
2023-M03,03/2023,Turistas principales,Otros países o territorios del mundo (excluida España),5000_XES_O,Tenerife,67560.0
2023-M03,03/2023,Turistas principales,Otros países o territorios del mundo (excluida España),5000_XES_O,La Palma,1288.0
2023-M04,04/2023,Turistas principales,Otros países o territorios del mundo (excluida España),5000_XES_O,Lanzarote,7703.0
2023-M04,04/2023,Turistas principales,Otros países o territorios del mundo (excluida España),5000_XES_O,Fuerteventura,17142.0
2023-M04,04/2023,Turistas principales,Otros países o territorios del mundo (excluida España),5000_XES_O,Gran Canaria,34458.0
2023-M04,04/2023,Turistas principales,Otros países o territorios del mundo (excluida España),5000_XES_O,Tenerife,69719.0
2023-M04,04/2023,Turistas principales,Otros países o territorios del mundo (excluida España),5000_XES_O,La Palma,1418.0
2023-M05,05/2023,Turistas principales,Otros países o territorios del mundo (excluida España),5000_XES_O,Lanzarote,7803.0
2023-M05,05/2023,Turistas principales,Otros países o territorios del mundo (excluida España),5000_XES_O,Fuerteventura,13126.0
2023-M05,05/2023,Turistas principales,Otros países o territorios del mundo (excluida España),5000_XES_O,Gran Canaria,29707.0
2023-M05,05/2023,Turistas principales,Otros países o territorios del mundo (excluida España),5000_XES_O,Tenerife,49381.0
2023-M05,05/2023,Turistas principales,Otros países o territorios del mundo (excluida España),5000_XES_O,La Palma,1405.0
2023-M06,06/2023,Turistas principales,Otros países o territorios del mundo (excluida España),5000_XES_O,Lanzarote,6075.0
2023-M06,06/2023,Turistas principales,Otros países o territorios del mundo (excluida España),5000_XES_O,Fuerteventura,20419.0
2023-M06,06/2023,Turistas principales,Otros países o territorios del mundo (excluida España),5000_XES_O,Gran Canaria,29526.0
2023-M06,06/2023,Turistas principales,Otros países o territorios del mundo (excluida España),5000_XES_O,Tenerife,50141.0
2023-M06,06/2023,Turistas principales,Otros países o territorios del mundo (excluida España),5000_XES_O,La Palma,937.0
2023-M07,07/2023,Turistas principales,Otros países o territorios del mundo (excluida España),5000_XES_O,Lanzarote,9896.0
2023-M07,07/2023,Turistas principales,Otros países o territorios del mundo (excluida España),5000_XES_O,Fuerteventura,21716.0
2023-M07,07/2023,Turistas principales,Otros países o territorios del mundo (excluida España),5000_XES_O,Gran Canaria,38276.0
2023-M07,07/2023,Turistas principales,Otros países o territorios del mundo (excluida España),5000_XES_O,Tenerife,58577.0
2023-M07,07/2023,Turistas principales,Otros países o territorios del mundo (excluida España),5000_XES_O,La Palma,1869.0
2023-M08,08/2023,Turistas principales,Otros países o territorios del mundo (excluida España),5000_XES_O,Lanzarote,8508.0
2023-M08,08/2023,Turistas principales,Otros países o territorios del mundo (excluida España),5000_XES_O,Fuerteventura,21692.0
2023-M08,08/2023,Turistas principales,Otros países o territorios del mundo (excluida España),5000_XES_O,Gran Canaria,35283.0
2023-M08,08/2023,Turistas principales,Otros países o territorios del mundo (excluida España),5000_XES_O,Tenerife,52904.0
2023-M08,08/2023,Turistas principales,Otros países o territorios del mundo (excluida España),5000_XES_O,La Palma,2022.0
2023-M09,09/2023,Turistas principales,Otros países o territorios del mundo (excluida España),5000_XES_O,Lanzarote,6867.0
2023-M09,09/2023,Turistas principales,Otros países o territorios del mundo (excluida España),5000_XES_O,Fuerteventura,18144.0
2023-M09,09/2023,Turistas principales,Otros países o territorios del mundo (excluida España),5000_XES_O,Gran Canaria,30817.0
2023-M09,09/2023,Turistas principales,Otros países o territorios del mundo (excluida España),5000_XES_O,Tenerife,49964.0
2023-M09,09/2023,Turistas principales,Otros países o territorios del mundo (excluida España),5000_XES_O,La Palma,1466.0
2023-M10,10/2023,Turistas principales,Otros países o territorios del mundo (excluida España),5000_XES_O,Lanzarote,11311.0
2023-M10,10/2023,Turistas principales,Otros países o territorios del mundo (excluida España),5000_XES_O,Fuerteventura,19225.0
2023-M10,10/2023,Turistas principales,Otros países o territorios del mundo (excluida España),5000_XES_O,Gran Canaria,33693.0
2023-M10,10/2023,Turistas principales,Otros países o territorios del mundo (excluida España),5000_XES_O,Tenerife,58353.0
2023-M10,10/2023,Turistas principales,Otros países o territorios del mundo (excluida España),5000_XES_O,La Palma,1263.0
2023-M11,11/2023,Turistas principales,Otros países o territorios del mundo (excluida España),5000_XES_O,Lanzarote,9815.0
2023-M11,11/2023,Turistas principales,Otros países o territorios del mundo (excluida España),5000_XES_O,Fuerteventura,18007.0
2023-M11,11/2023,Turistas principales,Otros países o territorios del mundo (excluida España),5000_XES_O,Gran Canaria,35333.0
2023-M11,11/2023,Turistas principales,Otros países o territorios del mundo (excluida España),5000_XES_O,Tenerife,54405.0
2023-M11,11/2023,Turistas principales,Otros países o territorios del mundo (excluida España),5000_XES_O,La Palma,1140.0
2023-M12,12/2023,Turistas principales,Otros países o territorios del mundo (excluida España),5000_XES_O,Lanzarote,13242.0
2023-M12,12/2023,Turistas principales,Otros países o territorios del mundo (excluida España),5000_XES_O,Fuerteventura,16810.0
2023-M12,12/2023,Turistas principales,Otros países o territorios del mundo (excluida España),5000_XES_O,Gran Canaria,37085.0
2023-M12,12/2023,Turistas principales,Otros países o territorios del mundo (excluida España),5000_XES_O,Tenerife,58253.0
2023-M12,12/2023,Turistas principales,Otros países o territorios del mundo (excluida España),5000_XES_O,La Palma,2725.0
2024-M01,01/2024,Turistas principales,Otros países o territorios del mundo (excluida España),5000_XES_O,Lanzarote,13692.0
2024-M01,01/2024,Turistas principales,Otros países o territorios del mundo (excluida España),5000_XES_O,Fuerteventura,24079.0
2024-M01,01/2024,Turistas principales,Otros países o territorios del mundo (excluida España),5000_XES_O,Gran Canaria,38983.0
2024-M01,01/2024,Turistas principales,Otros países o territorios del mundo (excluida España),5000_XES_O,Tenerife,75411.0
2024-M01,01/2024,Turistas principales,Otros países o territorios del mundo (excluida España),5000_XES_O,La Palma,2143.0
2024-M02,02/2024,Turistas principales,Otros países o territorios del mundo (excluida España),5000_XES_O,Lanzarote,11342.0
2024-M02,02/2024,Turistas principales,Otros países o territorios del mundo (excluida España),5000_XES_O,Fuerteventura,23919.0
2024-M02,02/2024,Turistas principales,Otros países o territorios del mundo (excluida España),5000_XES_O,Gran Canaria,49033.0
2024-M02,02/2024,Turistas principales,Otros países o territorios del mundo (excluida España),5000_XES_O,Tenerife,82528.0
2024-M02,02/2024,Turistas principales,Otros países o territorios del mundo (excluida España),5000_XES_O,La Palma,1066.0
2024-M03,03/2024,Turistas principales,Otros países o territorios del mundo (excluida España),5000_XES_O,Lanzarote,13241.0
2024-M03,03/2024,Turistas principales,Otros países o territorios del mundo (excluida España),5000_XES_O,Fuerteventura,20165.0
2024-M03,03/2024,Turistas principales,Otros países o territorios del mundo (excluida España),5000_XES_O,Gran Canaria,41914.0
2024-M03,03/2024,Turistas principales,Otros países o territorios del mundo (excluida España),5000_XES_O,Tenerife,80787.0
2024-M03,03/2024,Turistas principales,Otros países o territorios del mundo (excluida España),5000_XES_O,La Palma,1584.0
2024-M04,04/2024,Turistas principales,Otros países o territorios del mundo (excluida España),5000_XES_O,Lanzarote,10695.0
2024-M04,04/2024,Turistas principales,Otros países o territorios del mundo (excluida España),5000_XES_O,Fuerteventura,19141.0
2024-M04,04/2024,Turistas principales,Otros países o territorios del mundo (excluida España),5000_XES_O,Gran Canaria,31986.0
2024-M04,04/2024,Turistas principales,Otros países o territorios del mundo (excluida España),5000_XES_O,Tenerife,67773.0
2024-M04,04/2024,Turistas principales,Otros países o territorios del mundo (excluida España),5000_XES_O,La Palma,567.0
2024-M05,05/2024,Turistas principales,Otros países o territorios del mundo (excluida España),5000_XES_O,Lanzarote,8273.0
2024-M05,05/2024,Turistas principales,Otros países o territorios del mundo (excluida España),5000_XES_O,Fuerteventura,16173.0
2024-M05,05/2024,Turistas principales,Otros países o territorios del mundo (excluida España),5000_XES_O,Gran Canaria,30392.0
2024-M05,05/2024,Turistas principales,Otros países o territorios del mundo (excluida España),5000_XES_O,Tenerife,66024.0
2024-M05,05/2024,Turistas principales,Otros países o territorios del mundo (excluida España),5000_XES_O,La Palma,879.0
2024-M06,06/2024,Turistas principales,Otros países o territorios del mundo (excluida España),5000_XES_O,Lanzarote,8050.0
2024-M06,06/2024,Turistas principales,Otros países o territorios del mundo (excluida España),5000_XES_O,Fuerteventura,19335.0
2024-M06,06/2024,Turistas principales,Otros países o territorios del mundo (excluida España),5000_XES_O,Gran Canaria,30556.0
2024-M06,06/2024,Turistas principales,Otros países o territorios del mundo (excluida España),5000_XES_O,Tenerife,61099.0
2024-M06,06/2024,Turistas principales,Otros países o territorios del mundo (excluida España),5000_XES_O,La Palma,505.0
2024-M07,07/2024,Turistas principales,Otros países o territorios del mundo (excluida España),5000_XES_O,Lanzarote,11093.0
2024-M07,07/2024,Turistas principales,Otros países o territorios del mundo (excluida España),5000_XES_O,Fuerteventura,25252.0
2024-M07,07/2024,Turistas principales,Otros países o territorios del mundo (excluida España),5000_XES_O,Gran Canaria,36843.0
2024-M07,07/2024,Turistas principales,Otros países o territorios del mundo (excluida España),5000_XES_O,Tenerife,73129.0
2024-M07,07/2024,Turistas principales,Otros países o territorios del mundo (excluida España),5000_XES_O,La Palma,1700.0
2024-M08,08/2024,Turistas principales,Otros países o territorios del mundo (excluida España),5000_XES_O,Lanzarote,9908.0
2024-M08,08/2024,Turistas principales,Otros países o territorios del mundo (excluida España),5000_XES_O,Fuerteventura,22284.0
2024-M08,08/2024,Turistas principales,Otros países o territorios del mundo (excluida España),5000_XES_O,Gran Canaria,37314.0
2024-M08,08/2024,Turistas principales,Otros países o territorios del mundo (excluida España),5000_XES_O,Tenerife,67699.0
2024-M08,08/2024,Turistas principales,Otros países o territorios del mundo (excluida España),5000_XES_O,La Palma,2121.0
2024-M09,09/2024,Turistas principales,Otros países o territorios del mundo (excluida España),5000_XES_O,Lanzarote,8057.0
2024-M09,09/2024,Turistas principales,Otros países o territorios del mundo (excluida España),5000_XES_O,Fuerteventura,21633.0
2024-M09,09/2024,Turistas principales,Otros países o territorios del mundo (excluida España),5000_XES_O,Gran Canaria,36442.0
2024-M09,09/2024,Turistas principales,Otros países o territorios del mundo (excluida España),5000_XES_O,Tenerife,64610.0
2024-M09,09/2024,Turistas principales,Otros países o territorios del mundo (excluida España),5000_XES_O,La Palma,1546.0
2024-M10,10/2024,Turistas principales,Otros países o territorios del mundo (excluida España),5000_XES_O,Lanzarote,10134.0
2024-M10,10/2024,Turistas principales,Otros países o territorios del mundo (excluida España),5000_XES_O,Fuerteventura,18942.0
2024-M10,10/2024,Turistas principales,Otros países o territorios del mundo (excluida España),5000_XES_O,Gran Canaria,39611.0
2024-M10,10/2024,Turistas principales,Otros países o territorios del mundo (excluida España),5000_XES_O,Tenerife,70473.0
2024-M10,10/2024,Turistas principales,Otros países o territorios del mundo (excluida España),5000_XES_O,La Palma,992.0
2024-M11,11/2024,Turistas principales,Otros países o territorios del mundo (excluida España),5000_XES_O,Lanzarote,10409.0
2024-M11,11/2024,Turistas principales,Otros países o territorios del mundo (excluida España),5000_XES_O,Fuerteventura,21136.0
2024-M11,11/2024,Turistas principales,Otros países o territorios del mundo (excluida España),5000_XES_O,Gran Canaria,44503.0
2024-M11,11/2024,Turistas principales,Otros países o territorios del mundo (excluida España),5000_XES_O,Tenerife,73184.0
2024-M11,11/2024,Turistas principales,Otros países o territorios del mundo (excluida España),5000_XES_O,La Palma,1345.0
2024-M12,12/2024,Turistas principales,Otros países o territorios del mundo (excluida España),5000_XES_O,Lanzarote,13740.0
2024-M12,12/2024,Turistas principales,Otros países o territorios del mundo (excluida España),5000_XES_O,Fuerteventura,23869.0
2024-M12,12/2024,Turistas principales,Otros países o territorios del mundo (excluida España),5000_XES_O,Gran Canaria,46014.0
2024-M12,12/2024,Turistas principales,Otros países o territorios del mundo (excluida España),5000_XES_O,Tenerife,79020.0
2024-M12,12/2024,Turistas principales,Otros países o territorios del mundo (excluida España),5000_XES_O,La Palma,2114.0
2025-M01,01/2025,Turistas principales,Otros países o territorios del mundo (excluida España),5000_XES_O,Lanzarote,13607.0
2025-M01,01/2025,Turistas principales,Otros países o territorios del mundo (excluida España),5000_XES_O,Fuerteventura,24246.0
2025-M01,01/2025,Turistas principales,Otros países o territorios del mundo (excluida España),5000_XES_O,Gran Canaria,49143.0
2025-M01,01/2025,Turistas principales,Otros países o territorios del mundo (excluida España),5000_XES_O,Tenerife,91149.0
2025-M01,01/2025,Turistas principales,Otros países o territorios del mundo (excluida España),5000_XES_O,La Palma,1813.0
2025-M02,02/2025,Turistas principales,Otros países o territorios del mundo (excluida España),5000_XES_O,Lanzarote,15928.0
2025-M02,02/2025,Turistas principales,Otros países o territorios del mundo (excluida España),5000_XES_O,Fuerteventura,25874.0
2025-M02,02/2025,Turistas principales,Otros países o territorios del mundo (excluida España),5000_XES_O,Gran Canaria,56233.0
2025-M02,02/2025,Turistas principales,Otros países o territorios del mundo (excluida España),5000_XES_O,Tenerife,98179.0
2025-M02,02/2025,Turistas principales,Otros países o territorios del mundo (excluida España),5000_XES_O,La Palma,1844.0
2025-M03,03/2025,Turistas principales,Otros países o territorios del mundo (excluida España),5000_XES_O,Lanzarote,17412.0
2025-M03,03/2025,Turistas principales,Otros países o territorios del mundo (excluida España),5000_XES_O,Fuerteventura,26945.0
2025-M03,03/2025,Turistas principales,Otros países o territorios del mundo (excluida España),5000_XES_O,Gran Canaria,45964.0
2025-M03,03/2025,Turistas principales,Otros países o territorios del mundo (excluida España),5000_XES_O,Tenerife,93225.0
2025-M03,03/2025,Turistas principales,Otros países o territorios del mundo (excluida España),5000_XES_O,La Palma,2195.0
2025-M04,04/2025,Turistas principales,Otros países o territorios del mundo (excluida España),5000_XES_O,Lanzarote,10911.0
2025-M04,04/2025,Turistas principales,Otros países o territorios del mundo (excluida España),5000_XES_O,Fuerteventura,21899.0
2025-M04,04/2025,Turistas principales,Otros países o territorios del mundo (excluida España),5000_XES_O,Gran Canaria,46424.0
2025-M04,04/2025,Turistas principales,Otros países o territorios del mundo (excluida España),5000_XES_O,Tenerife,85833.0
2025-M04,04/2025,Turistas principales,Otros países o territorios del mundo (excluida España),5000_XES_O,La Palma,1525.0
2025-M05,05/2025,Turistas principales,Otros países o territorios del mundo (excluida España),5000_XES_O,Lanzarote,9294.0
2025-M05,05/2025,Turistas principales,Otros países o territorios del mundo (excluida España),5000_XES_O,Fuerteventura,21320.0
2025-M05,05/2025,Turistas principales,Otros países o territorios del mundo (excluida España),5000_XES_O,Gran Canaria,34896.0
2025-M05,05/2025,Turistas principales,Otros países o territorios del mundo (excluida España),5000_XES_O,Tenerife,70086.0
2025-M05,05/2025,Turistas principales,Otros países o territorios del mundo (excluida España),5000_XES_O,La Palma,1496.0
2025-M06,06/2025,Turistas principales,Otros países o territorios del mundo (excluida España),5000_XES_O,Lanzarote,9440.0
2025-M06,06/2025,Turistas principales,Otros países o territorios del mundo (excluida España),5000_XES_O,Fuerteventura,26907.0
2025-M06,06/2025,Turistas principales,Otros países o territorios del mundo (excluida España),5000_XES_O,Gran Canaria,34665.0
2025-M06,06/2025,Turistas principales,Otros países o territorios del mundo (excluida España),5000_XES_O,Tenerife,72206.0
2025-M06,06/2025,Turistas principales,Otros países o territorios del mundo (excluida España),5000_XES_O,La Palma,1350.0
2025-M07,07/2025,Turistas principales,Otros países o territorios del mundo (excluida España),5000_XES_O,Lanzarote,12219.0
2025-M07,07/2025,Turistas principales,Otros países o territorios del mundo (excluida España),5000_XES_O,Fuerteventura,33305.0
2025-M07,07/2025,Turistas principales,Otros países o territorios del mundo (excluida España),5000_XES_O,Gran Canaria,48500.0
2025-M07,07/2025,Turistas principales,Otros países o territorios del mundo (excluida España),5000_XES_O,Tenerife,83509.0
2025-M07,07/2025,Turistas principales,Otros países o territorios del mundo (excluida España),5000_XES_O,La Palma,1702.0
2020-M01,01/2020,Turistas principales,Irlanda,IE,Lanzarote,15338.0
2020-M01,01/2020,Turistas principales,Irlanda,IE,Fuerteventura,1972.0
2020-M01,01/2020,Turistas principales,Irlanda,IE,Gran Canaria,6841.0
2020-M01,01/2020,Turistas principales,Irlanda,IE,Tenerife,12253.0
2020-M01,01/2020,Turistas principales,Irlanda,IE,La Palma,
2020-M02,02/2020,Turistas principales,Irlanda,IE,Lanzarote,14854.0
2020-M02,02/2020,Turistas principales,Irlanda,IE,Fuerteventura,2247.0
2020-M02,02/2020,Turistas principales,Irlanda,IE,Gran Canaria,6362.0
2020-M02,02/2020,Turistas principales,Irlanda,IE,Tenerife,12141.0
2020-M02,02/2020,Turistas principales,Irlanda,IE,La Palma,17.0
2020-M03,03/2020,Turistas principales,Irlanda,IE,Lanzarote,7615.0
2020-M03,03/2020,Turistas principales,Irlanda,IE,Fuerteventura,1134.0
2020-M03,03/2020,Turistas principales,Irlanda,IE,Gran Canaria,1894.0
2020-M03,03/2020,Turistas principales,Irlanda,IE,Tenerife,4225.0
2020-M03,03/2020,Turistas principales,Irlanda,IE,La Palma,
2020-M04,04/2020,Turistas principales,Irlanda,IE,Lanzarote,
2020-M04,04/2020,Turistas principales,Irlanda,IE,Fuerteventura,
2020-M04,04/2020,Turistas principales,Irlanda,IE,Gran Canaria,
2020-M04,04/2020,Turistas principales,Irlanda,IE,Tenerife,
2020-M04,04/2020,Turistas principales,Irlanda,IE,La Palma,
2020-M05,05/2020,Turistas principales,Irlanda,IE,Lanzarote,
2020-M05,05/2020,Turistas principales,Irlanda,IE,Fuerteventura,
2020-M05,05/2020,Turistas principales,Irlanda,IE,Gran Canaria,
2020-M05,05/2020,Turistas principales,Irlanda,IE,Tenerife,
2020-M05,05/2020,Turistas principales,Irlanda,IE,La Palma,
2020-M06,06/2020,Turistas principales,Irlanda,IE,Lanzarote,22.0
2020-M06,06/2020,Turistas principales,Irlanda,IE,Fuerteventura,
2020-M06,06/2020,Turistas principales,Irlanda,IE,Gran Canaria,
2020-M06,06/2020,Turistas principales,Irlanda,IE,Tenerife,59.0
2020-M06,06/2020,Turistas principales,Irlanda,IE,La Palma,
2020-M07,07/2020,Turistas principales,Irlanda,IE,Lanzarote,3135.0
2020-M07,07/2020,Turistas principales,Irlanda,IE,Fuerteventura,635.0
2020-M07,07/2020,Turistas principales,Irlanda,IE,Gran Canaria,642.0
2020-M07,07/2020,Turistas principales,Irlanda,IE,Tenerife,2847.0
2020-M07,07/2020,Turistas principales,Irlanda,IE,La Palma,
2020-M08,08/2020,Turistas principales,Irlanda,IE,Lanzarote,2736.0
2020-M08,08/2020,Turistas principales,Irlanda,IE,Fuerteventura,524.0
2020-M08,08/2020,Turistas principales,Irlanda,IE,Gran Canaria,776.0
2020-M08,08/2020,Turistas principales,Irlanda,IE,Tenerife,2106.0
2020-M08,08/2020,Turistas principales,Irlanda,IE,La Palma,
2020-M09,09/2020,Turistas principales,Irlanda,IE,Lanzarote,1404.0
2020-M09,09/2020,Turistas principales,Irlanda,IE,Fuerteventura,381.0
2020-M09,09/2020,Turistas principales,Irlanda,IE,Gran Canaria,540.0
2020-M09,09/2020,Turistas principales,Irlanda,IE,Tenerife,1189.0
2020-M09,09/2020,Turistas principales,Irlanda,IE,La Palma,
2020-M10,10/2020,Turistas principales,Irlanda,IE,Lanzarote,2081.0
2020-M10,10/2020,Turistas principales,Irlanda,IE,Fuerteventura,622.0
2020-M10,10/2020,Turistas principales,Irlanda,IE,Gran Canaria,436.0
2020-M10,10/2020,Turistas principales,Irlanda,IE,Tenerife,1502.0
2020-M10,10/2020,Turistas principales,Irlanda,IE,La Palma,12.0
2020-M11,11/2020,Turistas principales,Irlanda,IE,Lanzarote,1476.0
2020-M11,11/2020,Turistas principales,Irlanda,IE,Fuerteventura,213.0
2020-M11,11/2020,Turistas principales,Irlanda,IE,Gran Canaria,567.0
2020-M11,11/2020,Turistas principales,Irlanda,IE,Tenerife,1900.0
2020-M11,11/2020,Turistas principales,Irlanda,IE,La Palma,7.0
2020-M12,12/2020,Turistas principales,Irlanda,IE,Lanzarote,2017.0
2020-M12,12/2020,Turistas principales,Irlanda,IE,Fuerteventura,514.0
2020-M12,12/2020,Turistas principales,Irlanda,IE,Gran Canaria,555.0
2020-M12,12/2020,Turistas principales,Irlanda,IE,Tenerife,2271.0
2020-M12,12/2020,Turistas principales,Irlanda,IE,La Palma,
2021-M01,01/2021,Turistas principales,Irlanda,IE,Lanzarote,1283.0
2021-M01,01/2021,Turistas principales,Irlanda,IE,Fuerteventura,513.0
2021-M01,01/2021,Turistas principales,Irlanda,IE,Gran Canaria,596.0
2021-M01,01/2021,Turistas principales,Irlanda,IE,Tenerife,1962.0
2021-M01,01/2021,Turistas principales,Irlanda,IE,La Palma,7.0
2021-M02,02/2021,Turistas principales,Irlanda,IE,Lanzarote,151.0
2021-M02,02/2021,Turistas principales,Irlanda,IE,Fuerteventura,171.0
2021-M02,02/2021,Turistas principales,Irlanda,IE,Gran Canaria,191.0
2021-M02,02/2021,Turistas principales,Irlanda,IE,Tenerife,593.0
2021-M02,02/2021,Turistas principales,Irlanda,IE,La Palma,
2021-M03,03/2021,Turistas principales,Irlanda,IE,Lanzarote,205.0
2021-M03,03/2021,Turistas principales,Irlanda,IE,Fuerteventura,86.0
2021-M03,03/2021,Turistas principales,Irlanda,IE,Gran Canaria,143.0
2021-M03,03/2021,Turistas principales,Irlanda,IE,Tenerife,481.0
2021-M03,03/2021,Turistas principales,Irlanda,IE,La Palma,
2021-M04,04/2021,Turistas principales,Irlanda,IE,Lanzarote,163.0
2021-M04,04/2021,Turistas principales,Irlanda,IE,Fuerteventura,81.0
2021-M04,04/2021,Turistas principales,Irlanda,IE,Gran Canaria,135.0
2021-M04,04/2021,Turistas principales,Irlanda,IE,Tenerife,345.0
2021-M04,04/2021,Turistas principales,Irlanda,IE,La Palma,
2021-M05,05/2021,Turistas principales,Irlanda,IE,Lanzarote,377.0
2021-M05,05/2021,Turistas principales,Irlanda,IE,Fuerteventura,
2021-M05,05/2021,Turistas principales,Irlanda,IE,Gran Canaria,111.0
2021-M05,05/2021,Turistas principales,Irlanda,IE,Tenerife,490.0
2021-M05,05/2021,Turistas principales,Irlanda,IE,La Palma,5.0
2021-M06,06/2021,Turistas principales,Irlanda,IE,Lanzarote,688.0
2021-M06,06/2021,Turistas principales,Irlanda,IE,Fuerteventura,124.0
2021-M06,06/2021,Turistas principales,Irlanda,IE,Gran Canaria,215.0
2021-M06,06/2021,Turistas principales,Irlanda,IE,Tenerife,1027.0
2021-M06,06/2021,Turistas principales,Irlanda,IE,La Palma,
2021-M07,07/2021,Turistas principales,Irlanda,IE,Lanzarote,6465.0
2021-M07,07/2021,Turistas principales,Irlanda,IE,Fuerteventura,832.0
2021-M07,07/2021,Turistas principales,Irlanda,IE,Gran Canaria,1672.0
2021-M07,07/2021,Turistas principales,Irlanda,IE,Tenerife,3832.0
2021-M07,07/2021,Turistas principales,Irlanda,IE,La Palma,
2021-M08,08/2021,Turistas principales,Irlanda,IE,Lanzarote,16545.0
2021-M08,08/2021,Turistas principales,Irlanda,IE,Fuerteventura,1255.0
2021-M08,08/2021,Turistas principales,Irlanda,IE,Gran Canaria,3430.0
2021-M08,08/2021,Turistas principales,Irlanda,IE,Tenerife,7488.0
2021-M08,08/2021,Turistas principales,Irlanda,IE,La Palma,54.0
2021-M09,09/2021,Turistas principales,Irlanda,IE,Lanzarote,13257.0
2021-M09,09/2021,Turistas principales,Irlanda,IE,Fuerteventura,1647.0
2021-M09,09/2021,Turistas principales,Irlanda,IE,Gran Canaria,3717.0
2021-M09,09/2021,Turistas principales,Irlanda,IE,Tenerife,8220.0
2021-M09,09/2021,Turistas principales,Irlanda,IE,La Palma,
2021-M10,10/2021,Turistas principales,Irlanda,IE,Lanzarote,18777.0
2021-M10,10/2021,Turistas principales,Irlanda,IE,Fuerteventura,2496.0
2021-M10,10/2021,Turistas principales,Irlanda,IE,Gran Canaria,5510.0
2021-M10,10/2021,Turistas principales,Irlanda,IE,Tenerife,13382.0
2021-M10,10/2021,Turistas principales,Irlanda,IE,La Palma,38.0
2021-M11,11/2021,Turistas principales,Irlanda,IE,Lanzarote,12975.0
2021-M11,11/2021,Turistas principales,Irlanda,IE,Fuerteventura,1990.0
2021-M11,11/2021,Turistas principales,Irlanda,IE,Gran Canaria,4607.0
2021-M11,11/2021,Turistas principales,Irlanda,IE,Tenerife,12045.0
2021-M11,11/2021,Turistas principales,Irlanda,IE,La Palma,76.0
2021-M12,12/2021,Turistas principales,Irlanda,IE,Lanzarote,11366.0
2021-M12,12/2021,Turistas principales,Irlanda,IE,Fuerteventura,2277.0
2021-M12,12/2021,Turistas principales,Irlanda,IE,Gran Canaria,3840.0
2021-M12,12/2021,Turistas principales,Irlanda,IE,Tenerife,10572.0
2021-M12,12/2021,Turistas principales,Irlanda,IE,La Palma,
2022-M01,01/2022,Turistas principales,Irlanda,IE,Lanzarote,13883.0
2022-M01,01/2022,Turistas principales,Irlanda,IE,Fuerteventura,2232.0
2022-M01,01/2022,Turistas principales,Irlanda,IE,Gran Canaria,4516.0
2022-M01,01/2022,Turistas principales,Irlanda,IE,Tenerife,14487.0
2022-M01,01/2022,Turistas principales,Irlanda,IE,La Palma,41.0
2022-M02,02/2022,Turistas principales,Irlanda,IE,Lanzarote,14710.0
2022-M02,02/2022,Turistas principales,Irlanda,IE,Fuerteventura,2671.0
2022-M02,02/2022,Turistas principales,Irlanda,IE,Gran Canaria,5512.0
2022-M02,02/2022,Turistas principales,Irlanda,IE,Tenerife,14025.0
2022-M02,02/2022,Turistas principales,Irlanda,IE,La Palma,
2022-M03,03/2022,Turistas principales,Irlanda,IE,Lanzarote,18084.0
2022-M03,03/2022,Turistas principales,Irlanda,IE,Fuerteventura,2481.0
2022-M03,03/2022,Turistas principales,Irlanda,IE,Gran Canaria,7036.0
2022-M03,03/2022,Turistas principales,Irlanda,IE,Tenerife,15601.0
2022-M03,03/2022,Turistas principales,Irlanda,IE,La Palma,83.0
2022-M04,04/2022,Turistas principales,Irlanda,IE,Lanzarote,18549.0
2022-M04,04/2022,Turistas principales,Irlanda,IE,Fuerteventura,2239.0
2022-M04,04/2022,Turistas principales,Irlanda,IE,Gran Canaria,5788.0
2022-M04,04/2022,Turistas principales,Irlanda,IE,Tenerife,13666.0
2022-M04,04/2022,Turistas principales,Irlanda,IE,La Palma,117.0
2022-M05,05/2022,Turistas principales,Irlanda,IE,Lanzarote,23253.0
2022-M05,05/2022,Turistas principales,Irlanda,IE,Fuerteventura,2980.0
2022-M05,05/2022,Turistas principales,Irlanda,IE,Gran Canaria,6559.0
2022-M05,05/2022,Turistas principales,Irlanda,IE,Tenerife,14510.0
2022-M05,05/2022,Turistas principales,Irlanda,IE,La Palma,6.0
2022-M06,06/2022,Turistas principales,Irlanda,IE,Lanzarote,27286.0
2022-M06,06/2022,Turistas principales,Irlanda,IE,Fuerteventura,3146.0
2022-M06,06/2022,Turistas principales,Irlanda,IE,Gran Canaria,7077.0
2022-M06,06/2022,Turistas principales,Irlanda,IE,Tenerife,14305.0
2022-M06,06/2022,Turistas principales,Irlanda,IE,La Palma,
2022-M07,07/2022,Turistas principales,Irlanda,IE,Lanzarote,31528.0
2022-M07,07/2022,Turistas principales,Irlanda,IE,Fuerteventura,3556.0
2022-M07,07/2022,Turistas principales,Irlanda,IE,Gran Canaria,7622.0
2022-M07,07/2022,Turistas principales,Irlanda,IE,Tenerife,16852.0
2022-M07,07/2022,Turistas principales,Irlanda,IE,La Palma,
2022-M08,08/2022,Turistas principales,Irlanda,IE,Lanzarote,29067.0
2022-M08,08/2022,Turistas principales,Irlanda,IE,Fuerteventura,3391.0
2022-M08,08/2022,Turistas principales,Irlanda,IE,Gran Canaria,7098.0
2022-M08,08/2022,Turistas principales,Irlanda,IE,Tenerife,14713.0
2022-M08,08/2022,Turistas principales,Irlanda,IE,La Palma,
2022-M09,09/2022,Turistas principales,Irlanda,IE,Lanzarote,25568.0
2022-M09,09/2022,Turistas principales,Irlanda,IE,Fuerteventura,3301.0
2022-M09,09/2022,Turistas principales,Irlanda,IE,Gran Canaria,5686.0
2022-M09,09/2022,Turistas principales,Irlanda,IE,Tenerife,16196.0
2022-M09,09/2022,Turistas principales,Irlanda,IE,La Palma,37.0
2022-M10,10/2022,Turistas principales,Irlanda,IE,Lanzarote,24127.0
2022-M10,10/2022,Turistas principales,Irlanda,IE,Fuerteventura,3166.0
2022-M10,10/2022,Turistas principales,Irlanda,IE,Gran Canaria,6662.0
2022-M10,10/2022,Turistas principales,Irlanda,IE,Tenerife,15112.0
2022-M10,10/2022,Turistas principales,Irlanda,IE,La Palma,12.0
2022-M11,11/2022,Turistas principales,Irlanda,IE,Lanzarote,22300.0
2022-M11,11/2022,Turistas principales,Irlanda,IE,Fuerteventura,4457.0
2022-M11,11/2022,Turistas principales,Irlanda,IE,Gran Canaria,8181.0
2022-M11,11/2022,Turistas principales,Irlanda,IE,Tenerife,16866.0
2022-M11,11/2022,Turistas principales,Irlanda,IE,La Palma,12.0
2022-M12,12/2022,Turistas principales,Irlanda,IE,Lanzarote,21145.0
2022-M12,12/2022,Turistas principales,Irlanda,IE,Fuerteventura,4561.0
2022-M12,12/2022,Turistas principales,Irlanda,IE,Gran Canaria,8816.0
2022-M12,12/2022,Turistas principales,Irlanda,IE,Tenerife,14984.0
2022-M12,12/2022,Turistas principales,Irlanda,IE,La Palma,
2023-M01,01/2023,Turistas principales,Irlanda,IE,Lanzarote,25680.0
2023-M01,01/2023,Turistas principales,Irlanda,IE,Fuerteventura,3377.0
2023-M01,01/2023,Turistas principales,Irlanda,IE,Gran Canaria,10510.0
2023-M01,01/2023,Turistas principales,Irlanda,IE,Tenerife,16812.0
2023-M01,01/2023,Turistas principales,Irlanda,IE,La Palma,28.0
2023-M02,02/2023,Turistas principales,Irlanda,IE,Lanzarote,26219.0
2023-M02,02/2023,Turistas principales,Irlanda,IE,Fuerteventura,4028.0
2023-M02,02/2023,Turistas principales,Irlanda,IE,Gran Canaria,9086.0
2023-M02,02/2023,Turistas principales,Irlanda,IE,Tenerife,13013.0
2023-M02,02/2023,Turistas principales,Irlanda,IE,La Palma,212.0
2023-M03,03/2023,Turistas principales,Irlanda,IE,Lanzarote,25977.0
2023-M03,03/2023,Turistas principales,Irlanda,IE,Fuerteventura,5256.0
2023-M03,03/2023,Turistas principales,Irlanda,IE,Gran Canaria,9415.0
2023-M03,03/2023,Turistas principales,Irlanda,IE,Tenerife,16171.0
2023-M03,03/2023,Turistas principales,Irlanda,IE,La Palma,
2023-M04,04/2023,Turistas principales,Irlanda,IE,Lanzarote,28644.0
2023-M04,04/2023,Turistas principales,Irlanda,IE,Fuerteventura,5567.0
2023-M04,04/2023,Turistas principales,Irlanda,IE,Gran Canaria,7914.0
2023-M04,04/2023,Turistas principales,Irlanda,IE,Tenerife,17768.0
2023-M04,04/2023,Turistas principales,Irlanda,IE,La Palma,
2023-M05,05/2023,Turistas principales,Irlanda,IE,Lanzarote,29245.0
2023-M05,05/2023,Turistas principales,Irlanda,IE,Fuerteventura,5051.0
2023-M05,05/2023,Turistas principales,Irlanda,IE,Gran Canaria,8213.0
2023-M05,05/2023,Turistas principales,Irlanda,IE,Tenerife,14723.0
2023-M05,05/2023,Turistas principales,Irlanda,IE,La Palma,
2023-M06,06/2023,Turistas principales,Irlanda,IE,Lanzarote,31065.0
2023-M06,06/2023,Turistas principales,Irlanda,IE,Fuerteventura,5607.0
2023-M06,06/2023,Turistas principales,Irlanda,IE,Gran Canaria,8374.0
2023-M06,06/2023,Turistas principales,Irlanda,IE,Tenerife,16089.0
2023-M06,06/2023,Turistas principales,Irlanda,IE,La Palma,
2023-M07,07/2023,Turistas principales,Irlanda,IE,Lanzarote,36047.0
2023-M07,07/2023,Turistas principales,Irlanda,IE,Fuerteventura,5731.0
2023-M07,07/2023,Turistas principales,Irlanda,IE,Gran Canaria,9468.0
2023-M07,07/2023,Turistas principales,Irlanda,IE,Tenerife,18546.0
2023-M07,07/2023,Turistas principales,Irlanda,IE,La Palma,
2023-M08,08/2023,Turistas principales,Irlanda,IE,Lanzarote,30412.0
2023-M08,08/2023,Turistas principales,Irlanda,IE,Fuerteventura,5533.0
2023-M08,08/2023,Turistas principales,Irlanda,IE,Gran Canaria,9950.0
2023-M08,08/2023,Turistas principales,Irlanda,IE,Tenerife,14469.0
2023-M08,08/2023,Turistas principales,Irlanda,IE,La Palma,
2023-M09,09/2023,Turistas principales,Irlanda,IE,Lanzarote,28936.0
2023-M09,09/2023,Turistas principales,Irlanda,IE,Fuerteventura,5014.0
2023-M09,09/2023,Turistas principales,Irlanda,IE,Gran Canaria,8271.0
2023-M09,09/2023,Turistas principales,Irlanda,IE,Tenerife,16860.0
2023-M09,09/2023,Turistas principales,Irlanda,IE,La Palma,
2023-M10,10/2023,Turistas principales,Irlanda,IE,Lanzarote,27625.0
2023-M10,10/2023,Turistas principales,Irlanda,IE,Fuerteventura,6100.0
2023-M10,10/2023,Turistas principales,Irlanda,IE,Gran Canaria,8518.0
2023-M10,10/2023,Turistas principales,Irlanda,IE,Tenerife,19488.0
2023-M10,10/2023,Turistas principales,Irlanda,IE,La Palma,24.0
2023-M11,11/2023,Turistas principales,Irlanda,IE,Lanzarote,33557.0
2023-M11,11/2023,Turistas principales,Irlanda,IE,Fuerteventura,5875.0
2023-M11,11/2023,Turistas principales,Irlanda,IE,Gran Canaria,9416.0
2023-M11,11/2023,Turistas principales,Irlanda,IE,Tenerife,22717.0
2023-M11,11/2023,Turistas principales,Irlanda,IE,La Palma,
2023-M12,12/2023,Turistas principales,Irlanda,IE,Lanzarote,25272.0
2023-M12,12/2023,Turistas principales,Irlanda,IE,Fuerteventura,5460.0
2023-M12,12/2023,Turistas principales,Irlanda,IE,Gran Canaria,9340.0
2023-M12,12/2023,Turistas principales,Irlanda,IE,Tenerife,18816.0
2023-M12,12/2023,Turistas principales,Irlanda,IE,La Palma,
2024-M01,01/2024,Turistas principales,Irlanda,IE,Lanzarote,29582.0
2024-M01,01/2024,Turistas principales,Irlanda,IE,Fuerteventura,6201.0
2024-M01,01/2024,Turistas principales,Irlanda,IE,Gran Canaria,11470.0
2024-M01,01/2024,Turistas principales,Irlanda,IE,Tenerife,21970.0
2024-M01,01/2024,Turistas principales,Irlanda,IE,La Palma,4.0
2024-M02,02/2024,Turistas principales,Irlanda,IE,Lanzarote,28934.0
2024-M02,02/2024,Turistas principales,Irlanda,IE,Fuerteventura,6188.0
2024-M02,02/2024,Turistas principales,Irlanda,IE,Gran Canaria,10751.0
2024-M02,02/2024,Turistas principales,Irlanda,IE,Tenerife,19999.0
2024-M02,02/2024,Turistas principales,Irlanda,IE,La Palma,0.0
2024-M03,03/2024,Turistas principales,Irlanda,IE,Lanzarote,30595.0
2024-M03,03/2024,Turistas principales,Irlanda,IE,Fuerteventura,6589.0
2024-M03,03/2024,Turistas principales,Irlanda,IE,Gran Canaria,11193.0
2024-M03,03/2024,Turistas principales,Irlanda,IE,Tenerife,28174.0
2024-M03,03/2024,Turistas principales,Irlanda,IE,La Palma,
2024-M04,04/2024,Turistas principales,Irlanda,IE,Lanzarote,27995.0
2024-M04,04/2024,Turistas principales,Irlanda,IE,Fuerteventura,5794.0
2024-M04,04/2024,Turistas principales,Irlanda,IE,Gran Canaria,9876.0
2024-M04,04/2024,Turistas principales,Irlanda,IE,Tenerife,18672.0
2024-M04,04/2024,Turistas principales,Irlanda,IE,La Palma,
2024-M05,05/2024,Turistas principales,Irlanda,IE,Lanzarote,27884.0
2024-M05,05/2024,Turistas principales,Irlanda,IE,Fuerteventura,4644.0
2024-M05,05/2024,Turistas principales,Irlanda,IE,Gran Canaria,11084.0
2024-M05,05/2024,Turistas principales,Irlanda,IE,Tenerife,18622.0
2024-M05,05/2024,Turistas principales,Irlanda,IE,La Palma,58.0
2024-M06,06/2024,Turistas principales,Irlanda,IE,Lanzarote,31350.0
2024-M06,06/2024,Turistas principales,Irlanda,IE,Fuerteventura,5459.0
2024-M06,06/2024,Turistas principales,Irlanda,IE,Gran Canaria,9382.0
2024-M06,06/2024,Turistas principales,Irlanda,IE,Tenerife,19716.0
2024-M06,06/2024,Turistas principales,Irlanda,IE,La Palma,
2024-M07,07/2024,Turistas principales,Irlanda,IE,Lanzarote,33470.0
2024-M07,07/2024,Turistas principales,Irlanda,IE,Fuerteventura,5800.0
2024-M07,07/2024,Turistas principales,Irlanda,IE,Gran Canaria,10345.0
2024-M07,07/2024,Turistas principales,Irlanda,IE,Tenerife,21269.0
2024-M07,07/2024,Turistas principales,Irlanda,IE,La Palma,
2024-M08,08/2024,Turistas principales,Irlanda,IE,Lanzarote,31268.0
2024-M08,08/2024,Turistas principales,Irlanda,IE,Fuerteventura,5522.0
2024-M08,08/2024,Turistas principales,Irlanda,IE,Gran Canaria,9906.0
2024-M08,08/2024,Turistas principales,Irlanda,IE,Tenerife,20617.0
2024-M08,08/2024,Turistas principales,Irlanda,IE,La Palma,
2024-M09,09/2024,Turistas principales,Irlanda,IE,Lanzarote,30560.0
2024-M09,09/2024,Turistas principales,Irlanda,IE,Fuerteventura,5531.0
2024-M09,09/2024,Turistas principales,Irlanda,IE,Gran Canaria,8942.0
2024-M09,09/2024,Turistas principales,Irlanda,IE,Tenerife,17920.0
2024-M09,09/2024,Turistas principales,Irlanda,IE,La Palma,
2024-M10,10/2024,Turistas principales,Irlanda,IE,Lanzarote,30860.0
2024-M10,10/2024,Turistas principales,Irlanda,IE,Fuerteventura,5736.0
2024-M10,10/2024,Turistas principales,Irlanda,IE,Gran Canaria,9665.0
2024-M10,10/2024,Turistas principales,Irlanda,IE,Tenerife,21072.0
2024-M10,10/2024,Turistas principales,Irlanda,IE,La Palma,56.0
2024-M11,11/2024,Turistas principales,Irlanda,IE,Lanzarote,28287.0
2024-M11,11/2024,Turistas principales,Irlanda,IE,Fuerteventura,5839.0
2024-M11,11/2024,Turistas principales,Irlanda,IE,Gran Canaria,9904.0
2024-M11,11/2024,Turistas principales,Irlanda,IE,Tenerife,21276.0
2024-M11,11/2024,Turistas principales,Irlanda,IE,La Palma,
2024-M12,12/2024,Turistas principales,Irlanda,IE,Lanzarote,26027.0
2024-M12,12/2024,Turistas principales,Irlanda,IE,Fuerteventura,4991.0
2024-M12,12/2024,Turistas principales,Irlanda,IE,Gran Canaria,10216.0
2024-M12,12/2024,Turistas principales,Irlanda,IE,Tenerife,26339.0
2024-M12,12/2024,Turistas principales,Irlanda,IE,La Palma,
2025-M01,01/2025,Turistas principales,Irlanda,IE,Lanzarote,31384.0
2025-M01,01/2025,Turistas principales,Irlanda,IE,Fuerteventura,6266.0
2025-M01,01/2025,Turistas principales,Irlanda,IE,Gran Canaria,10807.0
2025-M01,01/2025,Turistas principales,Irlanda,IE,Tenerife,23132.0
2025-M01,01/2025,Turistas principales,Irlanda,IE,La Palma,
2025-M02,02/2025,Turistas principales,Irlanda,IE,Lanzarote,29552.0
2025-M02,02/2025,Turistas principales,Irlanda,IE,Fuerteventura,6013.0
2025-M02,02/2025,Turistas principales,Irlanda,IE,Gran Canaria,12150.0
2025-M02,02/2025,Turistas principales,Irlanda,IE,Tenerife,21747.0
2025-M02,02/2025,Turistas principales,Irlanda,IE,La Palma,1736.0
2025-M03,03/2025,Turistas principales,Irlanda,IE,Lanzarote,32433.0
2025-M03,03/2025,Turistas principales,Irlanda,IE,Fuerteventura,8429.0
2025-M03,03/2025,Turistas principales,Irlanda,IE,Gran Canaria,11319.0
2025-M03,03/2025,Turistas principales,Irlanda,IE,Tenerife,25058.0
2025-M03,03/2025,Turistas principales,Irlanda,IE,La Palma,8.0
2025-M04,04/2025,Turistas principales,Irlanda,IE,Lanzarote,31248.0
2025-M04,04/2025,Turistas principales,Irlanda,IE,Fuerteventura,6650.0
2025-M04,04/2025,Turistas principales,Irlanda,IE,Gran Canaria,8771.0
2025-M04,04/2025,Turistas principales,Irlanda,IE,Tenerife,26126.0
2025-M04,04/2025,Turistas principales,Irlanda,IE,La Palma,
2025-M05,05/2025,Turistas principales,Irlanda,IE,Lanzarote,31277.0
2025-M05,05/2025,Turistas principales,Irlanda,IE,Fuerteventura,6928.0
2025-M05,05/2025,Turistas principales,Irlanda,IE,Gran Canaria,8763.0
2025-M05,05/2025,Turistas principales,Irlanda,IE,Tenerife,20924.0
2025-M05,05/2025,Turistas principales,Irlanda,IE,La Palma,
2025-M06,06/2025,Turistas principales,Irlanda,IE,Lanzarote,34051.0
2025-M06,06/2025,Turistas principales,Irlanda,IE,Fuerteventura,6177.0
2025-M06,06/2025,Turistas principales,Irlanda,IE,Gran Canaria,9072.0
2025-M06,06/2025,Turistas principales,Irlanda,IE,Tenerife,22947.0
2025-M06,06/2025,Turistas principales,Irlanda,IE,La Palma,15.0
2025-M07,07/2025,Turistas principales,Irlanda,IE,Lanzarote,34984.0
2025-M07,07/2025,Turistas principales,Irlanda,IE,Fuerteventura,6497.0
2025-M07,07/2025,Turistas principales,Irlanda,IE,Gran Canaria,9780.0
2025-M07,07/2025,Turistas principales,Irlanda,IE,Tenerife,23747.0
2025-M07,07/2025,Turistas principales,Irlanda,IE,La Palma,529.0
2020-M01,01/2020,Turistas principales,Países Nórdicos,5100_L1,Lanzarote,12059.0
2020-M01,01/2020,Turistas principales,Países Nórdicos,5100_L1,Fuerteventura,9815.0
2020-M01,01/2020,Turistas principales,Países Nórdicos,5100_L1,Gran Canaria,135546.0
2020-M01,01/2020,Turistas principales,Países Nórdicos,5100_L1,Tenerife,58367.0
2020-M01,01/2020,Turistas principales,Países Nórdicos,5100_L1,La Palma,2879.0
2020-M02,02/2020,Turistas principales,Países Nórdicos,5100_L1,Lanzarote,12089.0
2020-M02,02/2020,Turistas principales,Países Nórdicos,5100_L1,Fuerteventura,11596.0
2020-M02,02/2020,Turistas principales,Países Nórdicos,5100_L1,Gran Canaria,128227.0
2020-M02,02/2020,Turistas principales,Países Nórdicos,5100_L1,Tenerife,63536.0
2020-M02,02/2020,Turistas principales,Países Nórdicos,5100_L1,La Palma,2650.0
2020-M03,03/2020,Turistas principales,Países Nórdicos,5100_L1,Lanzarote,3657.0
2020-M03,03/2020,Turistas principales,Países Nórdicos,5100_L1,Fuerteventura,4285.0
2020-M03,03/2020,Turistas principales,Países Nórdicos,5100_L1,Gran Canaria,39315.0
2020-M03,03/2020,Turistas principales,Países Nórdicos,5100_L1,Tenerife,28728.0
2020-M03,03/2020,Turistas principales,Países Nórdicos,5100_L1,La Palma,607.0
2020-M04,04/2020,Turistas principales,Países Nórdicos,5100_L1,Lanzarote,
2020-M04,04/2020,Turistas principales,Países Nórdicos,5100_L1,Fuerteventura,
2020-M04,04/2020,Turistas principales,Países Nórdicos,5100_L1,Gran Canaria,
2020-M04,04/2020,Turistas principales,Países Nórdicos,5100_L1,Tenerife,
2020-M04,04/2020,Turistas principales,Países Nórdicos,5100_L1,La Palma,
2020-M05,05/2020,Turistas principales,Países Nórdicos,5100_L1,Lanzarote,
2020-M05,05/2020,Turistas principales,Países Nórdicos,5100_L1,Fuerteventura,
2020-M05,05/2020,Turistas principales,Países Nórdicos,5100_L1,Gran Canaria,
2020-M05,05/2020,Turistas principales,Países Nórdicos,5100_L1,Tenerife,
2020-M05,05/2020,Turistas principales,Países Nórdicos,5100_L1,La Palma,
2020-M06,06/2020,Turistas principales,Países Nórdicos,5100_L1,Lanzarote,
2020-M06,06/2020,Turistas principales,Países Nórdicos,5100_L1,Fuerteventura,1.0
2020-M06,06/2020,Turistas principales,Países Nórdicos,5100_L1,Gran Canaria,28.0
2020-M06,06/2020,Turistas principales,Países Nórdicos,5100_L1,Tenerife,39.0
2020-M06,06/2020,Turistas principales,Países Nórdicos,5100_L1,La Palma,
2020-M07,07/2020,Turistas principales,Países Nórdicos,5100_L1,Lanzarote,57.0
2020-M07,07/2020,Turistas principales,Países Nórdicos,5100_L1,Fuerteventura,180.0
2020-M07,07/2020,Turistas principales,Países Nórdicos,5100_L1,Gran Canaria,941.0
2020-M07,07/2020,Turistas principales,Países Nórdicos,5100_L1,Tenerife,249.0
2020-M07,07/2020,Turistas principales,Países Nórdicos,5100_L1,La Palma,7.0
2020-M08,08/2020,Turistas principales,Países Nórdicos,5100_L1,Lanzarote,6.0
2020-M08,08/2020,Turistas principales,Países Nórdicos,5100_L1,Fuerteventura,45.0
2020-M08,08/2020,Turistas principales,Países Nórdicos,5100_L1,Gran Canaria,877.0
2020-M08,08/2020,Turistas principales,Países Nórdicos,5100_L1,Tenerife,324.0
2020-M08,08/2020,Turistas principales,Países Nórdicos,5100_L1,La Palma,19.0
2020-M09,09/2020,Turistas principales,Países Nórdicos,5100_L1,Lanzarote,7.0
2020-M09,09/2020,Turistas principales,Países Nórdicos,5100_L1,Fuerteventura,4.0
2020-M09,09/2020,Turistas principales,Países Nórdicos,5100_L1,Gran Canaria,673.0
2020-M09,09/2020,Turistas principales,Países Nórdicos,5100_L1,Tenerife,259.0
2020-M09,09/2020,Turistas principales,Países Nórdicos,5100_L1,La Palma,7.0
2020-M10,10/2020,Turistas principales,Países Nórdicos,5100_L1,Lanzarote,19.0
2020-M10,10/2020,Turistas principales,Países Nórdicos,5100_L1,Fuerteventura,669.0
2020-M10,10/2020,Turistas principales,Países Nórdicos,5100_L1,Gran Canaria,4188.0
2020-M10,10/2020,Turistas principales,Países Nórdicos,5100_L1,Tenerife,1286.0
2020-M10,10/2020,Turistas principales,Países Nórdicos,5100_L1,La Palma,
2020-M11,11/2020,Turistas principales,Países Nórdicos,5100_L1,Lanzarote,53.0
2020-M11,11/2020,Turistas principales,Países Nórdicos,5100_L1,Fuerteventura,1053.0
2020-M11,11/2020,Turistas principales,Países Nórdicos,5100_L1,Gran Canaria,3911.0
2020-M11,11/2020,Turistas principales,Países Nórdicos,5100_L1,Tenerife,1358.0
2020-M11,11/2020,Turistas principales,Países Nórdicos,5100_L1,La Palma,40.0
2020-M12,12/2020,Turistas principales,Países Nórdicos,5100_L1,Lanzarote,44.0
2020-M12,12/2020,Turistas principales,Países Nórdicos,5100_L1,Fuerteventura,872.0
2020-M12,12/2020,Turistas principales,Países Nórdicos,5100_L1,Gran Canaria,5633.0
2020-M12,12/2020,Turistas principales,Países Nórdicos,5100_L1,Tenerife,881.0
2020-M12,12/2020,Turistas principales,Países Nórdicos,5100_L1,La Palma,5.0
2021-M01,01/2021,Turistas principales,Países Nórdicos,5100_L1,Lanzarote,77.0
2021-M01,01/2021,Turistas principales,Países Nórdicos,5100_L1,Fuerteventura,895.0
2021-M01,01/2021,Turistas principales,Países Nórdicos,5100_L1,Gran Canaria,4506.0
2021-M01,01/2021,Turistas principales,Países Nórdicos,5100_L1,Tenerife,1178.0
2021-M01,01/2021,Turistas principales,Países Nórdicos,5100_L1,La Palma,8.0
2021-M02,02/2021,Turistas principales,Países Nórdicos,5100_L1,Lanzarote,14.0
2021-M02,02/2021,Turistas principales,Países Nórdicos,5100_L1,Fuerteventura,768.0
2021-M02,02/2021,Turistas principales,Países Nórdicos,5100_L1,Gran Canaria,2970.0
2021-M02,02/2021,Turistas principales,Países Nórdicos,5100_L1,Tenerife,1128.0
2021-M02,02/2021,Turistas principales,Países Nórdicos,5100_L1,La Palma,53.0
2021-M03,03/2021,Turistas principales,Países Nórdicos,5100_L1,Lanzarote,102.0
2021-M03,03/2021,Turistas principales,Países Nórdicos,5100_L1,Fuerteventura,953.0
2021-M03,03/2021,Turistas principales,Países Nórdicos,5100_L1,Gran Canaria,3268.0
2021-M03,03/2021,Turistas principales,Países Nórdicos,5100_L1,Tenerife,1540.0
2021-M03,03/2021,Turistas principales,Países Nórdicos,5100_L1,La Palma,57.0
2021-M04,04/2021,Turistas principales,Países Nórdicos,5100_L1,Lanzarote,100.0
2021-M04,04/2021,Turistas principales,Países Nórdicos,5100_L1,Fuerteventura,571.0
2021-M04,04/2021,Turistas principales,Países Nórdicos,5100_L1,Gran Canaria,1495.0
2021-M04,04/2021,Turistas principales,Países Nórdicos,5100_L1,Tenerife,591.0
2021-M04,04/2021,Turistas principales,Países Nórdicos,5100_L1,La Palma,13.0
2021-M05,05/2021,Turistas principales,Países Nórdicos,5100_L1,Lanzarote,357.0
2021-M05,05/2021,Turistas principales,Países Nórdicos,5100_L1,Fuerteventura,703.0
2021-M05,05/2021,Turistas principales,Países Nórdicos,5100_L1,Gran Canaria,2643.0
2021-M05,05/2021,Turistas principales,Países Nórdicos,5100_L1,Tenerife,570.0
2021-M05,05/2021,Turistas principales,Países Nórdicos,5100_L1,La Palma,62.0
2021-M06,06/2021,Turistas principales,Países Nórdicos,5100_L1,Lanzarote,1641.0
2021-M06,06/2021,Turistas principales,Países Nórdicos,5100_L1,Fuerteventura,1803.0
2021-M06,06/2021,Turistas principales,Países Nórdicos,5100_L1,Gran Canaria,4960.0
2021-M06,06/2021,Turistas principales,Países Nórdicos,5100_L1,Tenerife,574.0
2021-M06,06/2021,Turistas principales,Países Nórdicos,5100_L1,La Palma,12.0
2021-M07,07/2021,Turistas principales,Países Nórdicos,5100_L1,Lanzarote,2750.0
2021-M07,07/2021,Turistas principales,Países Nórdicos,5100_L1,Fuerteventura,4762.0
2021-M07,07/2021,Turistas principales,Países Nórdicos,5100_L1,Gran Canaria,8055.0
2021-M07,07/2021,Turistas principales,Países Nórdicos,5100_L1,Tenerife,2312.0
2021-M07,07/2021,Turistas principales,Países Nórdicos,5100_L1,La Palma,38.0
2021-M08,08/2021,Turistas principales,Países Nórdicos,5100_L1,Lanzarote,1784.0
2021-M08,08/2021,Turistas principales,Países Nórdicos,5100_L1,Fuerteventura,2955.0
2021-M08,08/2021,Turistas principales,Países Nórdicos,5100_L1,Gran Canaria,6403.0
2021-M08,08/2021,Turistas principales,Países Nórdicos,5100_L1,Tenerife,1876.0
2021-M08,08/2021,Turistas principales,Países Nórdicos,5100_L1,La Palma,
2021-M09,09/2021,Turistas principales,Países Nórdicos,5100_L1,Lanzarote,2029.0
2021-M09,09/2021,Turistas principales,Países Nórdicos,5100_L1,Fuerteventura,1413.0
2021-M09,09/2021,Turistas principales,Países Nórdicos,5100_L1,Gran Canaria,10522.0
2021-M09,09/2021,Turistas principales,Países Nórdicos,5100_L1,Tenerife,1995.0
2021-M09,09/2021,Turistas principales,Países Nórdicos,5100_L1,La Palma,5.0
2021-M10,10/2021,Turistas principales,Países Nórdicos,5100_L1,Lanzarote,7468.0
2021-M10,10/2021,Turistas principales,Países Nórdicos,5100_L1,Fuerteventura,6930.0
2021-M10,10/2021,Turistas principales,Países Nórdicos,5100_L1,Gran Canaria,49671.0
2021-M10,10/2021,Turistas principales,Países Nórdicos,5100_L1,Tenerife,17430.0
2021-M10,10/2021,Turistas principales,Países Nórdicos,5100_L1,La Palma,113.0
2021-M11,11/2021,Turistas principales,Países Nórdicos,5100_L1,Lanzarote,9275.0
2021-M11,11/2021,Turistas principales,Países Nórdicos,5100_L1,Fuerteventura,8183.0
2021-M11,11/2021,Turistas principales,Países Nórdicos,5100_L1,Gran Canaria,83494.0
2021-M11,11/2021,Turistas principales,Países Nórdicos,5100_L1,Tenerife,38149.0
2021-M11,11/2021,Turistas principales,Países Nórdicos,5100_L1,La Palma,199.0
2021-M12,12/2021,Turistas principales,Países Nórdicos,5100_L1,Lanzarote,8608.0
2021-M12,12/2021,Turistas principales,Países Nórdicos,5100_L1,Fuerteventura,7116.0
2021-M12,12/2021,Turistas principales,Países Nórdicos,5100_L1,Gran Canaria,95451.0
2021-M12,12/2021,Turistas principales,Países Nórdicos,5100_L1,Tenerife,34495.0
2021-M12,12/2021,Turistas principales,Países Nórdicos,5100_L1,La Palma,
2022-M01,01/2022,Turistas principales,Países Nórdicos,5100_L1,Lanzarote,8564.0
2022-M01,01/2022,Turistas principales,Países Nórdicos,5100_L1,Fuerteventura,5851.0
2022-M01,01/2022,Turistas principales,Países Nórdicos,5100_L1,Gran Canaria,77795.0
2022-M01,01/2022,Turistas principales,Países Nórdicos,5100_L1,Tenerife,35772.0
2022-M01,01/2022,Turistas principales,Países Nórdicos,5100_L1,La Palma,66.0
2022-M02,02/2022,Turistas principales,Países Nórdicos,5100_L1,Lanzarote,9938.0
2022-M02,02/2022,Turistas principales,Países Nórdicos,5100_L1,Fuerteventura,8223.0
2022-M02,02/2022,Turistas principales,Países Nórdicos,5100_L1,Gran Canaria,82352.0
2022-M02,02/2022,Turistas principales,Países Nórdicos,5100_L1,Tenerife,35039.0
2022-M02,02/2022,Turistas principales,Países Nórdicos,5100_L1,La Palma,250.0
2022-M03,03/2022,Turistas principales,Países Nórdicos,5100_L1,Lanzarote,8205.0
2022-M03,03/2022,Turistas principales,Países Nórdicos,5100_L1,Fuerteventura,5897.0
2022-M03,03/2022,Turistas principales,Países Nórdicos,5100_L1,Gran Canaria,78952.0
2022-M03,03/2022,Turistas principales,Países Nórdicos,5100_L1,Tenerife,35472.0
2022-M03,03/2022,Turistas principales,Países Nórdicos,5100_L1,La Palma,95.0
2022-M04,04/2022,Turistas principales,Países Nórdicos,5100_L1,Lanzarote,9541.0
2022-M04,04/2022,Turistas principales,Países Nórdicos,5100_L1,Fuerteventura,9650.0
2022-M04,04/2022,Turistas principales,Países Nórdicos,5100_L1,Gran Canaria,76925.0
2022-M04,04/2022,Turistas principales,Países Nórdicos,5100_L1,Tenerife,35200.0
2022-M04,04/2022,Turistas principales,Países Nórdicos,5100_L1,La Palma,146.0
2022-M05,05/2022,Turistas principales,Países Nórdicos,5100_L1,Lanzarote,2481.0
2022-M05,05/2022,Turistas principales,Países Nórdicos,5100_L1,Fuerteventura,1833.0
2022-M05,05/2022,Turistas principales,Países Nórdicos,5100_L1,Gran Canaria,12381.0
2022-M05,05/2022,Turistas principales,Países Nórdicos,5100_L1,Tenerife,2150.0
2022-M05,05/2022,Turistas principales,Países Nórdicos,5100_L1,La Palma,41.0
2022-M06,06/2022,Turistas principales,Países Nórdicos,5100_L1,Lanzarote,2735.0
2022-M06,06/2022,Turistas principales,Países Nórdicos,5100_L1,Fuerteventura,2459.0
2022-M06,06/2022,Turistas principales,Países Nórdicos,5100_L1,Gran Canaria,16639.0
2022-M06,06/2022,Turistas principales,Países Nórdicos,5100_L1,Tenerife,3030.0
2022-M06,06/2022,Turistas principales,Países Nórdicos,5100_L1,La Palma,43.0
2022-M07,07/2022,Turistas principales,Países Nórdicos,5100_L1,Lanzarote,4532.0
2022-M07,07/2022,Turistas principales,Países Nórdicos,5100_L1,Fuerteventura,2220.0
2022-M07,07/2022,Turistas principales,Países Nórdicos,5100_L1,Gran Canaria,25857.0
2022-M07,07/2022,Turistas principales,Países Nórdicos,5100_L1,Tenerife,4556.0
2022-M07,07/2022,Turistas principales,Países Nórdicos,5100_L1,La Palma,27.0
2022-M08,08/2022,Turistas principales,Países Nórdicos,5100_L1,Lanzarote,3777.0
2022-M08,08/2022,Turistas principales,Países Nórdicos,5100_L1,Fuerteventura,1847.0
2022-M08,08/2022,Turistas principales,Países Nórdicos,5100_L1,Gran Canaria,22102.0
2022-M08,08/2022,Turistas principales,Países Nórdicos,5100_L1,Tenerife,4030.0
2022-M08,08/2022,Turistas principales,Países Nórdicos,5100_L1,La Palma,
2022-M09,09/2022,Turistas principales,Países Nórdicos,5100_L1,Lanzarote,3166.0
2022-M09,09/2022,Turistas principales,Países Nórdicos,5100_L1,Fuerteventura,3083.0
2022-M09,09/2022,Turistas principales,Países Nórdicos,5100_L1,Gran Canaria,15115.0
2022-M09,09/2022,Turistas principales,Países Nórdicos,5100_L1,Tenerife,3060.0
2022-M09,09/2022,Turistas principales,Países Nórdicos,5100_L1,La Palma,28.0
2022-M10,10/2022,Turistas principales,Países Nórdicos,5100_L1,Lanzarote,8456.0
2022-M10,10/2022,Turistas principales,Países Nórdicos,5100_L1,Fuerteventura,5871.0
2022-M10,10/2022,Turistas principales,Países Nórdicos,5100_L1,Gran Canaria,82356.0
2022-M10,10/2022,Turistas principales,Países Nórdicos,5100_L1,Tenerife,31776.0
2022-M10,10/2022,Turistas principales,Países Nórdicos,5100_L1,La Palma,34.0
2022-M11,11/2022,Turistas principales,Países Nórdicos,5100_L1,Lanzarote,10096.0
2022-M11,11/2022,Turistas principales,Países Nórdicos,5100_L1,Fuerteventura,7915.0
2022-M11,11/2022,Turistas principales,Países Nórdicos,5100_L1,Gran Canaria,120871.0
2022-M11,11/2022,Turistas principales,Países Nórdicos,5100_L1,Tenerife,53445.0
2022-M11,11/2022,Turistas principales,Países Nórdicos,5100_L1,La Palma,334.0
2022-M12,12/2022,Turistas principales,Países Nórdicos,5100_L1,Lanzarote,9387.0
2022-M12,12/2022,Turistas principales,Países Nórdicos,5100_L1,Fuerteventura,8019.0
2022-M12,12/2022,Turistas principales,Países Nórdicos,5100_L1,Gran Canaria,124003.0
2022-M12,12/2022,Turistas principales,Países Nórdicos,5100_L1,Tenerife,47555.0
2022-M12,12/2022,Turistas principales,Países Nórdicos,5100_L1,La Palma,672.0
2023-M01,01/2023,Turistas principales,Países Nórdicos,5100_L1,Lanzarote,10149.0
2023-M01,01/2023,Turistas principales,Países Nórdicos,5100_L1,Fuerteventura,8943.0
2023-M01,01/2023,Turistas principales,Países Nórdicos,5100_L1,Gran Canaria,120428.0
2023-M01,01/2023,Turistas principales,Países Nórdicos,5100_L1,Tenerife,56139.0
2023-M01,01/2023,Turistas principales,Países Nórdicos,5100_L1,La Palma,734.0
2023-M02,02/2023,Turistas principales,Países Nórdicos,5100_L1,Lanzarote,9503.0
2023-M02,02/2023,Turistas principales,Países Nórdicos,5100_L1,Fuerteventura,8643.0
2023-M02,02/2023,Turistas principales,Países Nórdicos,5100_L1,Gran Canaria,113003.0
2023-M02,02/2023,Turistas principales,Países Nórdicos,5100_L1,Tenerife,53965.0
2023-M02,02/2023,Turistas principales,Países Nórdicos,5100_L1,La Palma,996.0
2023-M03,03/2023,Turistas principales,Países Nórdicos,5100_L1,Lanzarote,9454.0
2023-M03,03/2023,Turistas principales,Países Nórdicos,5100_L1,Fuerteventura,8621.0
2023-M03,03/2023,Turistas principales,Países Nórdicos,5100_L1,Gran Canaria,104247.0
2023-M03,03/2023,Turistas principales,Países Nórdicos,5100_L1,Tenerife,44555.0
2023-M03,03/2023,Turistas principales,Países Nórdicos,5100_L1,La Palma,1189.0
2023-M04,04/2023,Turistas principales,Países Nórdicos,5100_L1,Lanzarote,4007.0
2023-M04,04/2023,Turistas principales,Países Nórdicos,5100_L1,Fuerteventura,3698.0
2023-M04,04/2023,Turistas principales,Países Nórdicos,5100_L1,Gran Canaria,52091.0
2023-M04,04/2023,Turistas principales,Países Nórdicos,5100_L1,Tenerife,21452.0
2023-M04,04/2023,Turistas principales,Países Nórdicos,5100_L1,La Palma,793.0
2023-M05,05/2023,Turistas principales,Países Nórdicos,5100_L1,Lanzarote,1705.0
2023-M05,05/2023,Turistas principales,Países Nórdicos,5100_L1,Fuerteventura,3118.0
2023-M05,05/2023,Turistas principales,Países Nórdicos,5100_L1,Gran Canaria,16801.0
2023-M05,05/2023,Turistas principales,Países Nórdicos,5100_L1,Tenerife,2761.0
2023-M05,05/2023,Turistas principales,Países Nórdicos,5100_L1,La Palma,40.0
2023-M06,06/2023,Turistas principales,Países Nórdicos,5100_L1,Lanzarote,2069.0
2023-M06,06/2023,Turistas principales,Países Nórdicos,5100_L1,Fuerteventura,2280.0
2023-M06,06/2023,Turistas principales,Países Nórdicos,5100_L1,Gran Canaria,16852.0
2023-M06,06/2023,Turistas principales,Países Nórdicos,5100_L1,Tenerife,3316.0
2023-M06,06/2023,Turistas principales,Países Nórdicos,5100_L1,La Palma,83.0
2023-M07,07/2023,Turistas principales,Países Nórdicos,5100_L1,Lanzarote,1872.0
2023-M07,07/2023,Turistas principales,Países Nórdicos,5100_L1,Fuerteventura,3526.0
2023-M07,07/2023,Turistas principales,Países Nórdicos,5100_L1,Gran Canaria,32249.0
2023-M07,07/2023,Turistas principales,Países Nórdicos,5100_L1,Tenerife,6725.0
2023-M07,07/2023,Turistas principales,Países Nórdicos,5100_L1,La Palma,14.0
2023-M08,08/2023,Turistas principales,Países Nórdicos,5100_L1,Lanzarote,2051.0
2023-M08,08/2023,Turistas principales,Países Nórdicos,5100_L1,Fuerteventura,2604.0
2023-M08,08/2023,Turistas principales,Países Nórdicos,5100_L1,Gran Canaria,23074.0
2023-M08,08/2023,Turistas principales,Países Nórdicos,5100_L1,Tenerife,5271.0
2023-M08,08/2023,Turistas principales,Países Nórdicos,5100_L1,La Palma,
2023-M09,09/2023,Turistas principales,Países Nórdicos,5100_L1,Lanzarote,2118.0
2023-M09,09/2023,Turistas principales,Países Nórdicos,5100_L1,Fuerteventura,1434.0
2023-M09,09/2023,Turistas principales,Países Nórdicos,5100_L1,Gran Canaria,22409.0
2023-M09,09/2023,Turistas principales,Países Nórdicos,5100_L1,Tenerife,5543.0
2023-M09,09/2023,Turistas principales,Países Nórdicos,5100_L1,La Palma,25.0
2023-M10,10/2023,Turistas principales,Países Nórdicos,5100_L1,Lanzarote,5133.0
2023-M10,10/2023,Turistas principales,Países Nórdicos,5100_L1,Fuerteventura,5694.0
2023-M10,10/2023,Turistas principales,Países Nórdicos,5100_L1,Gran Canaria,80064.0
2023-M10,10/2023,Turistas principales,Países Nórdicos,5100_L1,Tenerife,31911.0
2023-M10,10/2023,Turistas principales,Países Nórdicos,5100_L1,La Palma,868.0
2023-M11,11/2023,Turistas principales,Países Nórdicos,5100_L1,Lanzarote,7969.0
2023-M11,11/2023,Turistas principales,Países Nórdicos,5100_L1,Fuerteventura,8112.0
2023-M11,11/2023,Turistas principales,Países Nórdicos,5100_L1,Gran Canaria,122553.0
2023-M11,11/2023,Turistas principales,Países Nórdicos,5100_L1,Tenerife,48929.0
2023-M11,11/2023,Turistas principales,Países Nórdicos,5100_L1,La Palma,474.0
2023-M12,12/2023,Turistas principales,Países Nórdicos,5100_L1,Lanzarote,9644.0
2023-M12,12/2023,Turistas principales,Países Nórdicos,5100_L1,Fuerteventura,8185.0
2023-M12,12/2023,Turistas principales,Países Nórdicos,5100_L1,Gran Canaria,131322.0
2023-M12,12/2023,Turistas principales,Países Nórdicos,5100_L1,Tenerife,52325.0
2023-M12,12/2023,Turistas principales,Países Nórdicos,5100_L1,La Palma,634.0
2024-M01,01/2024,Turistas principales,Países Nórdicos,5100_L1,Lanzarote,8834.0
2024-M01,01/2024,Turistas principales,Países Nórdicos,5100_L1,Fuerteventura,11194.0
2024-M01,01/2024,Turistas principales,Países Nórdicos,5100_L1,Gran Canaria,125082.0
2024-M01,01/2024,Turistas principales,Países Nórdicos,5100_L1,Tenerife,54587.0
2024-M01,01/2024,Turistas principales,Países Nórdicos,5100_L1,La Palma,1007.0
2024-M02,02/2024,Turistas principales,Países Nórdicos,5100_L1,Lanzarote,8616.0
2024-M02,02/2024,Turistas principales,Países Nórdicos,5100_L1,Fuerteventura,9561.0
2024-M02,02/2024,Turistas principales,Países Nórdicos,5100_L1,Gran Canaria,125387.0
2024-M02,02/2024,Turistas principales,Países Nórdicos,5100_L1,Tenerife,56455.0
2024-M02,02/2024,Turistas principales,Países Nórdicos,5100_L1,La Palma,1344.0
2024-M03,03/2024,Turistas principales,Países Nórdicos,5100_L1,Lanzarote,8435.0
2024-M03,03/2024,Turistas principales,Países Nórdicos,5100_L1,Fuerteventura,7580.0
2024-M03,03/2024,Turistas principales,Países Nórdicos,5100_L1,Gran Canaria,128433.0
2024-M03,03/2024,Turistas principales,Países Nórdicos,5100_L1,Tenerife,52903.0
2024-M03,03/2024,Turistas principales,Países Nórdicos,5100_L1,La Palma,1238.0
2024-M04,04/2024,Turistas principales,Países Nórdicos,5100_L1,Lanzarote,3036.0
2024-M04,04/2024,Turistas principales,Países Nórdicos,5100_L1,Fuerteventura,3704.0
2024-M04,04/2024,Turistas principales,Países Nórdicos,5100_L1,Gran Canaria,39161.0
2024-M04,04/2024,Turistas principales,Países Nórdicos,5100_L1,Tenerife,17333.0
2024-M04,04/2024,Turistas principales,Países Nórdicos,5100_L1,La Palma,384.0
2024-M05,05/2024,Turistas principales,Países Nórdicos,5100_L1,Lanzarote,1872.0
2024-M05,05/2024,Turistas principales,Países Nórdicos,5100_L1,Fuerteventura,2110.0
2024-M05,05/2024,Turistas principales,Países Nórdicos,5100_L1,Gran Canaria,17625.0
2024-M05,05/2024,Turistas principales,Países Nórdicos,5100_L1,Tenerife,4250.0
2024-M05,05/2024,Turistas principales,Países Nórdicos,5100_L1,La Palma,
2024-M06,06/2024,Turistas principales,Países Nórdicos,5100_L1,Lanzarote,1565.0
2024-M06,06/2024,Turistas principales,Países Nórdicos,5100_L1,Fuerteventura,2410.0
2024-M06,06/2024,Turistas principales,Países Nórdicos,5100_L1,Gran Canaria,19084.0
2024-M06,06/2024,Turistas principales,Países Nórdicos,5100_L1,Tenerife,3814.0
2024-M06,06/2024,Turistas principales,Países Nórdicos,5100_L1,La Palma,9.0
2024-M07,07/2024,Turistas principales,Países Nórdicos,5100_L1,Lanzarote,1634.0
2024-M07,07/2024,Turistas principales,Países Nórdicos,5100_L1,Fuerteventura,3614.0
2024-M07,07/2024,Turistas principales,Países Nórdicos,5100_L1,Gran Canaria,33384.0
2024-M07,07/2024,Turistas principales,Países Nórdicos,5100_L1,Tenerife,6332.0
2024-M07,07/2024,Turistas principales,Países Nórdicos,5100_L1,La Palma,26.0
2024-M08,08/2024,Turistas principales,Países Nórdicos,5100_L1,Lanzarote,1804.0
2024-M08,08/2024,Turistas principales,Países Nórdicos,5100_L1,Fuerteventura,2285.0
2024-M08,08/2024,Turistas principales,Países Nórdicos,5100_L1,Gran Canaria,16860.0
2024-M08,08/2024,Turistas principales,Países Nórdicos,5100_L1,Tenerife,4670.0
2024-M08,08/2024,Turistas principales,Países Nórdicos,5100_L1,La Palma,75.0
2024-M09,09/2024,Turistas principales,Países Nórdicos,5100_L1,Lanzarote,1693.0
2024-M09,09/2024,Turistas principales,Países Nórdicos,5100_L1,Fuerteventura,2039.0
2024-M09,09/2024,Turistas principales,Países Nórdicos,5100_L1,Gran Canaria,18651.0
2024-M09,09/2024,Turistas principales,Países Nórdicos,5100_L1,Tenerife,4711.0
2024-M09,09/2024,Turistas principales,Países Nórdicos,5100_L1,La Palma,2.0
2024-M10,10/2024,Turistas principales,Países Nórdicos,5100_L1,Lanzarote,4577.0
2024-M10,10/2024,Turistas principales,Países Nórdicos,5100_L1,Fuerteventura,6126.0
2024-M10,10/2024,Turistas principales,Países Nórdicos,5100_L1,Gran Canaria,86860.0
2024-M10,10/2024,Turistas principales,Países Nórdicos,5100_L1,Tenerife,25998.0
2024-M10,10/2024,Turistas principales,Países Nórdicos,5100_L1,La Palma,399.0
2024-M11,11/2024,Turistas principales,Países Nórdicos,5100_L1,Lanzarote,9403.0
2024-M11,11/2024,Turistas principales,Países Nórdicos,5100_L1,Fuerteventura,8865.0
2024-M11,11/2024,Turistas principales,Países Nórdicos,5100_L1,Gran Canaria,122739.0
2024-M11,11/2024,Turistas principales,Países Nórdicos,5100_L1,Tenerife,48002.0
2024-M11,11/2024,Turistas principales,Países Nórdicos,5100_L1,La Palma,517.0
2024-M12,12/2024,Turistas principales,Países Nórdicos,5100_L1,Lanzarote,9553.0
2024-M12,12/2024,Turistas principales,Países Nórdicos,5100_L1,Fuerteventura,10077.0
2024-M12,12/2024,Turistas principales,Países Nórdicos,5100_L1,Gran Canaria,127097.0
2024-M12,12/2024,Turistas principales,Países Nórdicos,5100_L1,Tenerife,49758.0
2024-M12,12/2024,Turistas principales,Países Nórdicos,5100_L1,La Palma,438.0
2025-M01,01/2025,Turistas principales,Países Nórdicos,5100_L1,Lanzarote,9159.0
2025-M01,01/2025,Turistas principales,Países Nórdicos,5100_L1,Fuerteventura,10192.0
2025-M01,01/2025,Turistas principales,Países Nórdicos,5100_L1,Gran Canaria,129128.0
2025-M01,01/2025,Turistas principales,Países Nórdicos,5100_L1,Tenerife,47412.0
2025-M01,01/2025,Turistas principales,Países Nórdicos,5100_L1,La Palma,1088.0
2025-M02,02/2025,Turistas principales,Países Nórdicos,5100_L1,Lanzarote,11068.0
2025-M02,02/2025,Turistas principales,Países Nórdicos,5100_L1,Fuerteventura,9339.0
2025-M02,02/2025,Turistas principales,Países Nórdicos,5100_L1,Gran Canaria,119585.0
2025-M02,02/2025,Turistas principales,Países Nórdicos,5100_L1,Tenerife,48992.0
2025-M02,02/2025,Turistas principales,Países Nórdicos,5100_L1,La Palma,921.0
2025-M03,03/2025,Turistas principales,Países Nórdicos,5100_L1,Lanzarote,8271.0
2025-M03,03/2025,Turistas principales,Países Nórdicos,5100_L1,Fuerteventura,8867.0
2025-M03,03/2025,Turistas principales,Países Nórdicos,5100_L1,Gran Canaria,118375.0
2025-M03,03/2025,Turistas principales,Países Nórdicos,5100_L1,Tenerife,45132.0
2025-M03,03/2025,Turistas principales,Países Nórdicos,5100_L1,La Palma,640.0
2025-M04,04/2025,Turistas principales,Países Nórdicos,5100_L1,Lanzarote,2921.0
2025-M04,04/2025,Turistas principales,Países Nórdicos,5100_L1,Fuerteventura,4079.0
2025-M04,04/2025,Turistas principales,Países Nórdicos,5100_L1,Gran Canaria,57643.0
2025-M04,04/2025,Turistas principales,Países Nórdicos,5100_L1,Tenerife,22414.0
2025-M04,04/2025,Turistas principales,Países Nórdicos,5100_L1,La Palma,492.0
2025-M05,05/2025,Turistas principales,Países Nórdicos,5100_L1,Lanzarote,1932.0
2025-M05,05/2025,Turistas principales,Países Nórdicos,5100_L1,Fuerteventura,1977.0
2025-M05,05/2025,Turistas principales,Países Nórdicos,5100_L1,Gran Canaria,17403.0
2025-M05,05/2025,Turistas principales,Países Nórdicos,5100_L1,Tenerife,3257.0
2025-M05,05/2025,Turistas principales,Países Nórdicos,5100_L1,La Palma,191.0
2025-M06,06/2025,Turistas principales,Países Nórdicos,5100_L1,Lanzarote,1570.0
2025-M06,06/2025,Turistas principales,Países Nórdicos,5100_L1,Fuerteventura,2415.0
2025-M06,06/2025,Turistas principales,Países Nórdicos,5100_L1,Gran Canaria,19969.0
2025-M06,06/2025,Turistas principales,Países Nórdicos,5100_L1,Tenerife,3032.0
2025-M06,06/2025,Turistas principales,Países Nórdicos,5100_L1,La Palma,48.0
2025-M07,07/2025,Turistas principales,Países Nórdicos,5100_L1,Lanzarote,2527.0
2025-M07,07/2025,Turistas principales,Países Nórdicos,5100_L1,Fuerteventura,3306.0
2025-M07,07/2025,Turistas principales,Países Nórdicos,5100_L1,Gran Canaria,34024.0
2025-M07,07/2025,Turistas principales,Países Nórdicos,5100_L1,Tenerife,5001.0
2025-M07,07/2025,Turistas principales,Países Nórdicos,5100_L1,La Palma,78.0
2020-M01,01/2020,Turistas principales,Total,_T,Lanzarote,187115.0
2020-M01,01/2020,Turistas principales,Total,_T,Fuerteventura,131210.0
2020-M01,01/2020,Turistas principales,Total,_T,Gran Canaria,391217.0
2020-M01,01/2020,Turistas principales,Total,_T,Tenerife,486262.0
2020-M01,01/2020,Turistas principales,Total,_T,La Palma,21049.0
2020-M02,02/2020,Turistas principales,Total,_T,Lanzarote,205272.0
2020-M02,02/2020,Turistas principales,Total,_T,Fuerteventura,161529.0
2020-M02,02/2020,Turistas principales,Total,_T,Gran Canaria,384035.0
2020-M02,02/2020,Turistas principales,Total,_T,Tenerife,509502.0
2020-M02,02/2020,Turistas principales,Total,_T,La Palma,21044.0
2020-M03,03/2020,Turistas principales,Total,_T,Lanzarote,93014.0
2020-M03,03/2020,Turistas principales,Total,_T,Fuerteventura,68814.0
2020-M03,03/2020,Turistas principales,Total,_T,Gran Canaria,138620.0
2020-M03,03/2020,Turistas principales,Total,_T,Tenerife,201152.0
2020-M03,03/2020,Turistas principales,Total,_T,La Palma,9664.0
2020-M04,04/2020,Turistas principales,Total,_T,Lanzarote,
2020-M04,04/2020,Turistas principales,Total,_T,Fuerteventura,
2020-M04,04/2020,Turistas principales,Total,_T,Gran Canaria,
2020-M04,04/2020,Turistas principales,Total,_T,Tenerife,
2020-M04,04/2020,Turistas principales,Total,_T,La Palma,
2020-M05,05/2020,Turistas principales,Total,_T,Lanzarote,
2020-M05,05/2020,Turistas principales,Total,_T,Fuerteventura,
2020-M05,05/2020,Turistas principales,Total,_T,Gran Canaria,
2020-M05,05/2020,Turistas principales,Total,_T,Tenerife,
2020-M05,05/2020,Turistas principales,Total,_T,La Palma,
2020-M06,06/2020,Turistas principales,Total,_T,Lanzarote,779.0
2020-M06,06/2020,Turistas principales,Total,_T,Fuerteventura,557.0
2020-M06,06/2020,Turistas principales,Total,_T,Gran Canaria,6271.0
2020-M06,06/2020,Turistas principales,Total,_T,Tenerife,5686.0
2020-M06,06/2020,Turistas principales,Total,_T,La Palma,5.0
2020-M07,07/2020,Turistas principales,Total,_T,Lanzarote,55748.0
2020-M07,07/2020,Turistas principales,Total,_T,Fuerteventura,52124.0
2020-M07,07/2020,Turistas principales,Total,_T,Gran Canaria,68903.0
2020-M07,07/2020,Turistas principales,Total,_T,Tenerife,118442.0
2020-M07,07/2020,Turistas principales,Total,_T,La Palma,3875.0
2020-M08,08/2020,Turistas principales,Total,_T,Lanzarote,66370.0
2020-M08,08/2020,Turistas principales,Total,_T,Fuerteventura,72176.0
2020-M08,08/2020,Turistas principales,Total,_T,Gran Canaria,99955.0
2020-M08,08/2020,Turistas principales,Total,_T,Tenerife,156489.0
2020-M08,08/2020,Turistas principales,Total,_T,La Palma,8830.0
2020-M09,09/2020,Turistas principales,Total,_T,Lanzarote,31992.0
2020-M09,09/2020,Turistas principales,Total,_T,Fuerteventura,24563.0
2020-M09,09/2020,Turistas principales,Total,_T,Gran Canaria,37138.0
2020-M09,09/2020,Turistas principales,Total,_T,Tenerife,99438.0
2020-M09,09/2020,Turistas principales,Total,_T,La Palma,5853.0
2020-M10,10/2020,Turistas principales,Total,_T,Lanzarote,39824.0
2020-M10,10/2020,Turistas principales,Total,_T,Fuerteventura,27413.0
2020-M10,10/2020,Turistas principales,Total,_T,Gran Canaria,41890.0
2020-M10,10/2020,Turistas principales,Total,_T,Tenerife,98751.0
2020-M10,10/2020,Turistas principales,Total,_T,La Palma,3766.0
2020-M11,11/2020,Turistas principales,Total,_T,Lanzarote,25073.0
2020-M11,11/2020,Turistas principales,Total,_T,Fuerteventura,28609.0
2020-M11,11/2020,Turistas principales,Total,_T,Gran Canaria,60363.0
2020-M11,11/2020,Turistas principales,Total,_T,Tenerife,79478.0
2020-M11,11/2020,Turistas principales,Total,_T,La Palma,3794.0
2020-M12,12/2020,Turistas principales,Total,_T,Lanzarote,34510.0
2020-M12,12/2020,Turistas principales,Total,_T,Fuerteventura,33539.0
2020-M12,12/2020,Turistas principales,Total,_T,Gran Canaria,72973.0
2020-M12,12/2020,Turistas principales,Total,_T,Tenerife,102210.0
2020-M12,12/2020,Turistas principales,Total,_T,La Palma,3956.0
2021-M01,01/2021,Turistas principales,Total,_T,Lanzarote,12061.0
2021-M01,01/2021,Turistas principales,Total,_T,Fuerteventura,17731.0
2021-M01,01/2021,Turistas principales,Total,_T,Gran Canaria,38892.0
2021-M01,01/2021,Turistas principales,Total,_T,Tenerife,49730.0
2021-M01,01/2021,Turistas principales,Total,_T,La Palma,3211.0
2021-M02,02/2021,Turistas principales,Total,_T,Lanzarote,9197.0
2021-M02,02/2021,Turistas principales,Total,_T,Fuerteventura,12322.0
2021-M02,02/2021,Turistas principales,Total,_T,Gran Canaria,29738.0
2021-M02,02/2021,Turistas principales,Total,_T,Tenerife,53529.0
2021-M02,02/2021,Turistas principales,Total,_T,La Palma,3065.0
2021-M03,03/2021,Turistas principales,Total,_T,Lanzarote,12776.0
2021-M03,03/2021,Turistas principales,Total,_T,Fuerteventura,21254.0
2021-M03,03/2021,Turistas principales,Total,_T,Gran Canaria,46789.0
2021-M03,03/2021,Turistas principales,Total,_T,Tenerife,69141.0
2021-M03,03/2021,Turistas principales,Total,_T,La Palma,3847.0
2021-M04,04/2021,Turistas principales,Total,_T,Lanzarote,16766.0
2021-M04,04/2021,Turistas principales,Total,_T,Fuerteventura,22037.0
2021-M04,04/2021,Turistas principales,Total,_T,Gran Canaria,51282.0
2021-M04,04/2021,Turistas principales,Total,_T,Tenerife,78191.0
2021-M04,04/2021,Turistas principales,Total,_T,La Palma,2680.0
2021-M05,05/2021,Turistas principales,Total,_T,Lanzarote,29479.0
2021-M05,05/2021,Turistas principales,Total,_T,Fuerteventura,37299.0
2021-M05,05/2021,Turistas principales,Total,_T,Gran Canaria,66688.0
2021-M05,05/2021,Turistas principales,Total,_T,Tenerife,105156.0
2021-M05,05/2021,Turistas principales,Total,_T,La Palma,4664.0
2021-M06,06/2021,Turistas principales,Total,_T,Lanzarote,47750.0
2021-M06,06/2021,Turistas principales,Total,_T,Fuerteventura,52324.0
2021-M06,06/2021,Turistas principales,Total,_T,Gran Canaria,92949.0
2021-M06,06/2021,Turistas principales,Total,_T,Tenerife,132665.0
2021-M06,06/2021,Turistas principales,Total,_T,La Palma,8847.0
2021-M07,07/2021,Turistas principales,Total,_T,Lanzarote,109421.0
2021-M07,07/2021,Turistas principales,Total,_T,Fuerteventura,102178.0
2021-M07,07/2021,Turistas principales,Total,_T,Gran Canaria,144627.0
2021-M07,07/2021,Turistas principales,Total,_T,Tenerife,227913.0
2021-M07,07/2021,Turistas principales,Total,_T,La Palma,14323.0
2021-M08,08/2021,Turistas principales,Total,_T,Lanzarote,169132.0
2021-M08,08/2021,Turistas principales,Total,_T,Fuerteventura,134195.0
2021-M08,08/2021,Turistas principales,Total,_T,Gran Canaria,189955.0
2021-M08,08/2021,Turistas principales,Total,_T,Tenerife,320904.0
2021-M08,08/2021,Turistas principales,Total,_T,La Palma,19080.0
2021-M09,09/2021,Turistas principales,Total,_T,Lanzarote,147973.0
2021-M09,09/2021,Turistas principales,Total,_T,Fuerteventura,114754.0
2021-M09,09/2021,Turistas principales,Total,_T,Gran Canaria,192295.0
2021-M09,09/2021,Turistas principales,Total,_T,Tenerife,320876.0
2021-M09,09/2021,Turistas principales,Total,_T,La Palma,15782.0
2021-M10,10/2021,Turistas principales,Total,_T,Lanzarote,212542.0
2021-M10,10/2021,Turistas principales,Total,_T,Fuerteventura,166728.0
2021-M10,10/2021,Turistas principales,Total,_T,Gran Canaria,289689.0
2021-M10,10/2021,Turistas principales,Total,_T,Tenerife,452310.0
2021-M10,10/2021,Turistas principales,Total,_T,La Palma,10901.0
2021-M11,11/2021,Turistas principales,Total,_T,Lanzarote,198616.0
2021-M11,11/2021,Turistas principales,Total,_T,Fuerteventura,155070.0
2021-M11,11/2021,Turistas principales,Total,_T,Gran Canaria,301179.0
2021-M11,11/2021,Turistas principales,Total,_T,Tenerife,465336.0
2021-M11,11/2021,Turistas principales,Total,_T,La Palma,13165.0
2021-M12,12/2021,Turistas principales,Total,_T,Lanzarote,157522.0
2021-M12,12/2021,Turistas principales,Total,_T,Fuerteventura,133880.0
2021-M12,12/2021,Turistas principales,Total,_T,Gran Canaria,312176.0
2021-M12,12/2021,Turistas principales,Total,_T,Tenerife,399311.0
2021-M12,12/2021,Turistas principales,Total,_T,La Palma,11150.0
2022-M01,01/2022,Turistas principales,Total,_T,Lanzarote,129725.0
2022-M01,01/2022,Turistas principales,Total,_T,Fuerteventura,96901.0
2022-M01,01/2022,Turistas principales,Total,_T,Gran Canaria,248343.0
2022-M01,01/2022,Turistas principales,Total,_T,Tenerife,373106.0
2022-M01,01/2022,Turistas principales,Total,_T,La Palma,5801.0
2022-M02,02/2022,Turistas principales,Total,_T,Lanzarote,190426.0
2022-M02,02/2022,Turistas principales,Total,_T,Fuerteventura,139956.0
2022-M02,02/2022,Turistas principales,Total,_T,Gran Canaria,285267.0
2022-M02,02/2022,Turistas principales,Total,_T,Tenerife,458416.0
2022-M02,02/2022,Turistas principales,Total,_T,La Palma,6036.0
2022-M03,03/2022,Turistas principales,Total,_T,Lanzarote,222779.0
2022-M03,03/2022,Turistas principales,Total,_T,Fuerteventura,161077.0
2022-M03,03/2022,Turistas principales,Total,_T,Gran Canaria,316852.0
2022-M03,03/2022,Turistas principales,Total,_T,Tenerife,530882.0
2022-M03,03/2022,Turistas principales,Total,_T,La Palma,10581.0
2022-M04,04/2022,Turistas principales,Total,_T,Lanzarote,233693.0
2022-M04,04/2022,Turistas principales,Total,_T,Fuerteventura,175769.0
2022-M04,04/2022,Turistas principales,Total,_T,Gran Canaria,338555.0
2022-M04,04/2022,Turistas principales,Total,_T,Tenerife,514154.0
2022-M04,04/2022,Turistas principales,Total,_T,La Palma,14622.0
2022-M05,05/2022,Turistas principales,Total,_T,Lanzarote,216062.0
2022-M05,05/2022,Turistas principales,Total,_T,Fuerteventura,152060.0
2022-M05,05/2022,Turistas principales,Total,_T,Gran Canaria,255580.0
2022-M05,05/2022,Turistas principales,Total,_T,Tenerife,426483.0
2022-M05,05/2022,Turistas principales,Total,_T,La Palma,12416.0
2022-M06,06/2022,Turistas principales,Total,_T,Lanzarote,227463.0
2022-M06,06/2022,Turistas principales,Total,_T,Fuerteventura,165486.0
2022-M06,06/2022,Turistas principales,Total,_T,Gran Canaria,262944.0
2022-M06,06/2022,Turistas principales,Total,_T,Tenerife,434852.0
2022-M06,06/2022,Turistas principales,Total,_T,La Palma,10816.0
2022-M07,07/2022,Turistas principales,Total,_T,Lanzarote,263551.0
2022-M07,07/2022,Turistas principales,Total,_T,Fuerteventura,199724.0
2022-M07,07/2022,Turistas principales,Total,_T,Gran Canaria,313128.0
2022-M07,07/2022,Turistas principales,Total,_T,Tenerife,493557.0
2022-M07,07/2022,Turistas principales,Total,_T,La Palma,14291.0
2022-M08,08/2022,Turistas principales,Total,_T,Lanzarote,274088.0
2022-M08,08/2022,Turistas principales,Total,_T,Fuerteventura,202066.0
2022-M08,08/2022,Turistas principales,Total,_T,Gran Canaria,328263.0
2022-M08,08/2022,Turistas principales,Total,_T,Tenerife,509853.0
2022-M08,08/2022,Turistas principales,Total,_T,La Palma,16788.0
2022-M09,09/2022,Turistas principales,Total,_T,Lanzarote,227757.0
2022-M09,09/2022,Turistas principales,Total,_T,Fuerteventura,176586.0
2022-M09,09/2022,Turistas principales,Total,_T,Gran Canaria,272739.0
2022-M09,09/2022,Turistas principales,Total,_T,Tenerife,449571.0
2022-M09,09/2022,Turistas principales,Total,_T,La Palma,13746.0
2022-M10,10/2022,Turistas principales,Total,_T,Lanzarote,264619.0
2022-M10,10/2022,Turistas principales,Total,_T,Fuerteventura,206242.0
2022-M10,10/2022,Turistas principales,Total,_T,Gran Canaria,372120.0
2022-M10,10/2022,Turistas principales,Total,_T,Tenerife,521223.0
2022-M10,10/2022,Turistas principales,Total,_T,La Palma,13860.0
2022-M11,11/2022,Turistas principales,Total,_T,Lanzarote,231471.0
2022-M11,11/2022,Turistas principales,Total,_T,Fuerteventura,182869.0
2022-M11,11/2022,Turistas principales,Total,_T,Gran Canaria,383373.0
2022-M11,11/2022,Turistas principales,Total,_T,Tenerife,539165.0
2022-M11,11/2022,Turistas principales,Total,_T,La Palma,14601.0
2022-M12,12/2022,Turistas principales,Total,_T,Lanzarote,252612.0
2022-M12,12/2022,Turistas principales,Total,_T,Fuerteventura,198759.0
2022-M12,12/2022,Turistas principales,Total,_T,Gran Canaria,411447.0
2022-M12,12/2022,Turistas principales,Total,_T,Tenerife,570381.0
2022-M12,12/2022,Turistas principales,Total,_T,La Palma,12726.0
2023-M01,01/2023,Turistas principales,Total,_T,Lanzarote,230186.0
2023-M01,01/2023,Turistas principales,Total,_T,Fuerteventura,170697.0
2023-M01,01/2023,Turistas principales,Total,_T,Gran Canaria,398453.0
2023-M01,01/2023,Turistas principales,Total,_T,Tenerife,549234.0
2023-M01,01/2023,Turistas principales,Total,_T,La Palma,13636.0
2023-M02,02/2023,Turistas principales,Total,_T,Lanzarote,241051.0
2023-M02,02/2023,Turistas principales,Total,_T,Fuerteventura,183123.0
2023-M02,02/2023,Turistas principales,Total,_T,Gran Canaria,384494.0
2023-M02,02/2023,Turistas principales,Total,_T,Tenerife,543163.0
2023-M02,02/2023,Turistas principales,Total,_T,La Palma,10496.0
2023-M03,03/2023,Turistas principales,Total,_T,Lanzarote,263839.0
2023-M03,03/2023,Turistas principales,Total,_T,Fuerteventura,206021.0
2023-M03,03/2023,Turistas principales,Total,_T,Gran Canaria,396534.0
2023-M03,03/2023,Turistas principales,Total,_T,Tenerife,579747.0
2023-M03,03/2023,Turistas principales,Total,_T,La Palma,14046.0
2023-M04,04/2023,Turistas principales,Total,_T,Lanzarote,254656.0
2023-M04,04/2023,Turistas principales,Total,_T,Fuerteventura,194775.0
2023-M04,04/2023,Turistas principales,Total,_T,Gran Canaria,347046.0
2023-M04,04/2023,Turistas principales,Total,_T,Tenerife,543355.0
2023-M04,04/2023,Turistas principales,Total,_T,La Palma,11179.0
2023-M05,05/2023,Turistas principales,Total,_T,Lanzarote,234260.0
2023-M05,05/2023,Turistas principales,Total,_T,Fuerteventura,164027.0
2023-M05,05/2023,Turistas principales,Total,_T,Gran Canaria,266431.0
2023-M05,05/2023,Turistas principales,Total,_T,Tenerife,459509.0
2023-M05,05/2023,Turistas principales,Total,_T,La Palma,7711.0
2023-M06,06/2023,Turistas principales,Total,_T,Lanzarote,238202.0
2023-M06,06/2023,Turistas principales,Total,_T,Fuerteventura,171601.0
2023-M06,06/2023,Turistas principales,Total,_T,Gran Canaria,266540.0
2023-M06,06/2023,Turistas principales,Total,_T,Tenerife,467963.0
2023-M06,06/2023,Turistas principales,Total,_T,La Palma,8471.0
2023-M07,07/2023,Turistas principales,Total,_T,Lanzarote,272568.0
2023-M07,07/2023,Turistas principales,Total,_T,Fuerteventura,194625.0
2023-M07,07/2023,Turistas principales,Total,_T,Gran Canaria,321886.0
2023-M07,07/2023,Turistas principales,Total,_T,Tenerife,518815.0
2023-M07,07/2023,Turistas principales,Total,_T,La Palma,11748.0
2023-M08,08/2023,Turistas principales,Total,_T,Lanzarote,270050.0
2023-M08,08/2023,Turistas principales,Total,_T,Fuerteventura,193020.0
2023-M08,08/2023,Turistas principales,Total,_T,Gran Canaria,321107.0
2023-M08,08/2023,Turistas principales,Total,_T,Tenerife,530209.0
2023-M08,08/2023,Turistas principales,Total,_T,La Palma,12806.0
2023-M09,09/2023,Turistas principales,Total,_T,Lanzarote,240643.0
2023-M09,09/2023,Turistas principales,Total,_T,Fuerteventura,181168.0
2023-M09,09/2023,Turistas principales,Total,_T,Gran Canaria,295635.0
2023-M09,09/2023,Turistas principales,Total,_T,Tenerife,484965.0
2023-M09,09/2023,Turistas principales,Total,_T,La Palma,11839.0
2023-M10,10/2023,Turistas principales,Total,_T,Lanzarote,274249.0
2023-M10,10/2023,Turistas principales,Total,_T,Fuerteventura,203590.0
2023-M10,10/2023,Turistas principales,Total,_T,Gran Canaria,386989.0
2023-M10,10/2023,Turistas principales,Total,_T,Tenerife,562744.0
2023-M10,10/2023,Turistas principales,Total,_T,La Palma,10791.0
2023-M11,11/2023,Turistas principales,Total,_T,Lanzarote,253657.0
2023-M11,11/2023,Turistas principales,Total,_T,Fuerteventura,204080.0
2023-M11,11/2023,Turistas principales,Total,_T,Gran Canaria,408104.0
2023-M11,11/2023,Turistas principales,Total,_T,Tenerife,588032.0
2023-M11,11/2023,Turistas principales,Total,_T,La Palma,17541.0
2023-M12,12/2023,Turistas principales,Total,_T,Lanzarote,275827.0
2023-M12,12/2023,Turistas principales,Total,_T,Fuerteventura,208132.0
2023-M12,12/2023,Turistas principales,Total,_T,Gran Canaria,441922.0
2023-M12,12/2023,Turistas principales,Total,_T,Tenerife,621623.0
2023-M12,12/2023,Turistas principales,Total,_T,La Palma,18456.0
2024-M01,01/2024,Turistas principales,Total,_T,Lanzarote,247454.0
2024-M01,01/2024,Turistas principales,Total,_T,Fuerteventura,194146.0
2024-M01,01/2024,Turistas principales,Total,_T,Gran Canaria,427388.0
2024-M01,01/2024,Turistas principales,Total,_T,Tenerife,612169.0
2024-M01,01/2024,Turistas principales,Total,_T,La Palma,19320.0
2024-M02,02/2024,Turistas principales,Total,_T,Lanzarote,280771.0
2024-M02,02/2024,Turistas principales,Total,_T,Fuerteventura,214692.0
2024-M02,02/2024,Turistas principales,Total,_T,Gran Canaria,450274.0
2024-M02,02/2024,Turistas principales,Total,_T,Tenerife,632295.0
2024-M02,02/2024,Turistas principales,Total,_T,La Palma,15562.0
2024-M03,03/2024,Turistas principales,Total,_T,Lanzarote,306790.0
2024-M03,03/2024,Turistas principales,Total,_T,Fuerteventura,239527.0
2024-M03,03/2024,Turistas principales,Total,_T,Gran Canaria,481665.0
2024-M03,03/2024,Turistas principales,Total,_T,Tenerife,678693.0
2024-M03,03/2024,Turistas principales,Total,_T,La Palma,19366.0
2024-M04,04/2024,Turistas principales,Total,_T,Lanzarote,256979.0
2024-M04,04/2024,Turistas principales,Total,_T,Fuerteventura,191994.0
2024-M04,04/2024,Turistas principales,Total,_T,Gran Canaria,352423.0
2024-M04,04/2024,Turistas principales,Total,_T,Tenerife,578602.0
2024-M04,04/2024,Turistas principales,Total,_T,La Palma,13633.0
2024-M05,05/2024,Turistas principales,Total,_T,Lanzarote,240391.0
2024-M05,05/2024,Turistas principales,Total,_T,Fuerteventura,177360.0
2024-M05,05/2024,Turistas principales,Total,_T,Gran Canaria,294006.0
2024-M05,05/2024,Turistas principales,Total,_T,Tenerife,528408.0
2024-M05,05/2024,Turistas principales,Total,_T,La Palma,10121.0
2024-M06,06/2024,Turistas principales,Total,_T,Lanzarote,246445.0
2024-M06,06/2024,Turistas principales,Total,_T,Fuerteventura,187517.0
2024-M06,06/2024,Turistas principales,Total,_T,Gran Canaria,290642.0
2024-M06,06/2024,Turistas principales,Total,_T,Tenerife,522461.0
2024-M06,06/2024,Turistas principales,Total,_T,La Palma,8896.0
2024-M07,07/2024,Turistas principales,Total,_T,Lanzarote,270502.0
2024-M07,07/2024,Turistas principales,Total,_T,Fuerteventura,208694.0
2024-M07,07/2024,Turistas principales,Total,_T,Gran Canaria,323976.0
2024-M07,07/2024,Turistas principales,Total,_T,Tenerife,580512.0
2024-M07,07/2024,Turistas principales,Total,_T,La Palma,11885.0
2024-M08,08/2024,Turistas principales,Total,_T,Lanzarote,282825.0
2024-M08,08/2024,Turistas principales,Total,_T,Fuerteventura,211185.0
2024-M08,08/2024,Turistas principales,Total,_T,Gran Canaria,335413.0
2024-M08,08/2024,Turistas principales,Total,_T,Tenerife,603529.0
2024-M08,08/2024,Turistas principales,Total,_T,La Palma,13728.0
2024-M09,09/2024,Turistas principales,Total,_T,Lanzarote,251178.0
2024-M09,09/2024,Turistas principales,Total,_T,Fuerteventura,192409.0
2024-M09,09/2024,Turistas principales,Total,_T,Gran Canaria,312185.0
2024-M09,09/2024,Turistas principales,Total,_T,Tenerife,551175.0
2024-M09,09/2024,Turistas principales,Total,_T,La Palma,9863.0
2024-M10,10/2024,Turistas principales,Total,_T,Lanzarote,289652.0
2024-M10,10/2024,Turistas principales,Total,_T,Fuerteventura,220263.0
2024-M10,10/2024,Turistas principales,Total,_T,Gran Canaria,410664.0
2024-M10,10/2024,Turistas principales,Total,_T,Tenerife,617714.0
2024-M10,10/2024,Turistas principales,Total,_T,La Palma,11973.0
2024-M11,11/2024,Turistas principales,Total,_T,Lanzarote,281100.0
2024-M11,11/2024,Turistas principales,Total,_T,Fuerteventura,227149.0
2024-M11,11/2024,Turistas principales,Total,_T,Gran Canaria,445886.0
2024-M11,11/2024,Turistas principales,Total,_T,Tenerife,652800.0
2024-M11,11/2024,Turistas principales,Total,_T,La Palma,18831.0
2024-M12,12/2024,Turistas principales,Total,_T,Lanzarote,283957.0
2024-M12,12/2024,Turistas principales,Total,_T,Fuerteventura,228180.0
2024-M12,12/2024,Turistas principales,Total,_T,Gran Canaria,462883.0
2024-M12,12/2024,Turistas principales,Total,_T,Tenerife,679245.0
2024-M12,12/2024,Turistas principales,Total,_T,La Palma,16969.0
2025-M01,01/2025,Turistas principales,Total,_T,Lanzarote,260361.0
2025-M01,01/2025,Turistas principales,Total,_T,Fuerteventura,212431.0
2025-M01,01/2025,Turistas principales,Total,_T,Gran Canaria,447027.0
2025-M01,01/2025,Turistas principales,Total,_T,Tenerife,643460.0
2025-M01,01/2025,Turistas principales,Total,_T,La Palma,20308.0
2025-M02,02/2025,Turistas principales,Total,_T,Lanzarote,280604.0
2025-M02,02/2025,Turistas principales,Total,_T,Fuerteventura,231700.0
2025-M02,02/2025,Turistas principales,Total,_T,Gran Canaria,449148.0
2025-M02,02/2025,Turistas principales,Total,_T,Tenerife,648255.0
2025-M02,02/2025,Turistas principales,Total,_T,La Palma,17302.0
2025-M03,03/2025,Turistas principales,Total,_T,Lanzarote,304313.0
2025-M03,03/2025,Turistas principales,Total,_T,Fuerteventura,253059.0
2025-M03,03/2025,Turistas principales,Total,_T,Gran Canaria,472948.0
2025-M03,03/2025,Turistas principales,Total,_T,Tenerife,677688.0
2025-M03,03/2025,Turistas principales,Total,_T,La Palma,19707.0
2025-M04,04/2025,Turistas principales,Total,_T,Lanzarote,273973.0
2025-M04,04/2025,Turistas principales,Total,_T,Fuerteventura,223147.0
2025-M04,04/2025,Turistas principales,Total,_T,Gran Canaria,377332.0
2025-M04,04/2025,Turistas principales,Total,_T,Tenerife,604370.0
2025-M04,04/2025,Turistas principales,Total,_T,La Palma,14579.0
2025-M05,05/2025,Turistas principales,Total,_T,Lanzarote,253552.0
2025-M05,05/2025,Turistas principales,Total,_T,Fuerteventura,196762.0
2025-M05,05/2025,Turistas principales,Total,_T,Gran Canaria,308218.0
2025-M05,05/2025,Turistas principales,Total,_T,Tenerife,539410.0
2025-M05,05/2025,Turistas principales,Total,_T,La Palma,13645.0
2025-M06,06/2025,Turistas principales,Total,_T,Lanzarote,253311.0
2025-M06,06/2025,Turistas principales,Total,_T,Fuerteventura,203560.0
2025-M06,06/2025,Turistas principales,Total,_T,Gran Canaria,310632.0
2025-M06,06/2025,Turistas principales,Total,_T,Tenerife,542881.0
2025-M06,06/2025,Turistas principales,Total,_T,La Palma,10431.0
2025-M07,07/2025,Turistas principales,Total,_T,Lanzarote,300742.0
2025-M07,07/2025,Turistas principales,Total,_T,Fuerteventura,242629.0
2025-M07,07/2025,Turistas principales,Total,_T,Gran Canaria,357481.0
2025-M07,07/2025,Turistas principales,Total,_T,Tenerife,611841.0
2025-M07,07/2025,Turistas principales,Total,_T,La Palma,15489.0
2020-M01,01/2020,Turistas principales,Alemania,DE,Lanzarote,23417.0
2020-M01,01/2020,Turistas principales,Alemania,DE,Fuerteventura,48972.0
2020-M01,01/2020,Turistas principales,Alemania,DE,Gran Canaria,85827.0
2020-M01,01/2020,Turistas principales,Alemania,DE,Tenerife,61388.0
2020-M01,01/2020,Turistas principales,Alemania,DE,La Palma,7908.0
2020-M02,02/2020,Turistas principales,Alemania,DE,Lanzarote,25210.0
2020-M02,02/2020,Turistas principales,Alemania,DE,Fuerteventura,61764.0
2020-M02,02/2020,Turistas principales,Alemania,DE,Gran Canaria,80541.0
2020-M02,02/2020,Turistas principales,Alemania,DE,Tenerife,70633.0
2020-M02,02/2020,Turistas principales,Alemania,DE,La Palma,7984.0
2020-M03,03/2020,Turistas principales,Alemania,DE,Lanzarote,13544.0
2020-M03,03/2020,Turistas principales,Alemania,DE,Fuerteventura,26951.0
2020-M03,03/2020,Turistas principales,Alemania,DE,Gran Canaria,28705.0
2020-M03,03/2020,Turistas principales,Alemania,DE,Tenerife,31430.0
2020-M03,03/2020,Turistas principales,Alemania,DE,La Palma,4261.0
2020-M04,04/2020,Turistas principales,Alemania,DE,Lanzarote,
2020-M04,04/2020,Turistas principales,Alemania,DE,Fuerteventura,
2020-M04,04/2020,Turistas principales,Alemania,DE,Gran Canaria,
2020-M04,04/2020,Turistas principales,Alemania,DE,Tenerife,
2020-M04,04/2020,Turistas principales,Alemania,DE,La Palma,
2020-M05,05/2020,Turistas principales,Alemania,DE,Lanzarote,
2020-M05,05/2020,Turistas principales,Alemania,DE,Fuerteventura,
2020-M05,05/2020,Turistas principales,Alemania,DE,Gran Canaria,
2020-M05,05/2020,Turistas principales,Alemania,DE,Tenerife,
2020-M05,05/2020,Turistas principales,Alemania,DE,La Palma,
2020-M06,06/2020,Turistas principales,Alemania,DE,Lanzarote,54.0
2020-M06,06/2020,Turistas principales,Alemania,DE,Fuerteventura,23.0
2020-M06,06/2020,Turistas principales,Alemania,DE,Gran Canaria,425.0
2020-M06,06/2020,Turistas principales,Alemania,DE,Tenerife,616.0
2020-M06,06/2020,Turistas principales,Alemania,DE,La Palma,
2020-M07,07/2020,Turistas principales,Alemania,DE,Lanzarote,7788.0
2020-M07,07/2020,Turistas principales,Alemania,DE,Fuerteventura,26133.0
2020-M07,07/2020,Turistas principales,Alemania,DE,Gran Canaria,16424.0
2020-M07,07/2020,Turistas principales,Alemania,DE,Tenerife,16631.0
2020-M07,07/2020,Turistas principales,Alemania,DE,La Palma,1373.0
2020-M08,08/2020,Turistas principales,Alemania,DE,Lanzarote,6880.0
2020-M08,08/2020,Turistas principales,Alemania,DE,Fuerteventura,31715.0
2020-M08,08/2020,Turistas principales,Alemania,DE,Gran Canaria,19032.0
2020-M08,08/2020,Turistas principales,Alemania,DE,Tenerife,16044.0
2020-M08,08/2020,Turistas principales,Alemania,DE,La Palma,1326.0
2020-M09,09/2020,Turistas principales,Alemania,DE,Lanzarote,1107.0
2020-M09,09/2020,Turistas principales,Alemania,DE,Fuerteventura,3507.0
2020-M09,09/2020,Turistas principales,Alemania,DE,Gran Canaria,2767.0
2020-M09,09/2020,Turistas principales,Alemania,DE,Tenerife,3120.0
2020-M09,09/2020,Turistas principales,Alemania,DE,La Palma,1063.0
2020-M10,10/2020,Turistas principales,Alemania,DE,Lanzarote,1632.0
2020-M10,10/2020,Turistas principales,Alemania,DE,Fuerteventura,3661.0
2020-M10,10/2020,Turistas principales,Alemania,DE,Gran Canaria,4302.0
2020-M10,10/2020,Turistas principales,Alemania,DE,Tenerife,5396.0
2020-M10,10/2020,Turistas principales,Alemania,DE,La Palma,787.0
2020-M11,11/2020,Turistas principales,Alemania,DE,Lanzarote,4678.0
2020-M11,11/2020,Turistas principales,Alemania,DE,Fuerteventura,17132.0
2020-M11,11/2020,Turistas principales,Alemania,DE,Gran Canaria,21473.0
2020-M11,11/2020,Turistas principales,Alemania,DE,Tenerife,12974.0
2020-M11,11/2020,Turistas principales,Alemania,DE,La Palma,1506.0
2020-M12,12/2020,Turistas principales,Alemania,DE,Lanzarote,4149.0
2020-M12,12/2020,Turistas principales,Alemania,DE,Fuerteventura,15430.0
2020-M12,12/2020,Turistas principales,Alemania,DE,Gran Canaria,24776.0
2020-M12,12/2020,Turistas principales,Alemania,DE,Tenerife,13618.0
2020-M12,12/2020,Turistas principales,Alemania,DE,La Palma,1677.0
2021-M01,01/2021,Turistas principales,Alemania,DE,Lanzarote,1790.0
2021-M01,01/2021,Turistas principales,Alemania,DE,Fuerteventura,6728.0
2021-M01,01/2021,Turistas principales,Alemania,DE,Gran Canaria,10974.0
2021-M01,01/2021,Turistas principales,Alemania,DE,Tenerife,6567.0
2021-M01,01/2021,Turistas principales,Alemania,DE,La Palma,1116.0
2021-M02,02/2021,Turistas principales,Alemania,DE,Lanzarote,826.0
2021-M02,02/2021,Turistas principales,Alemania,DE,Fuerteventura,4177.0
2021-M02,02/2021,Turistas principales,Alemania,DE,Gran Canaria,6553.0
2021-M02,02/2021,Turistas principales,Alemania,DE,Tenerife,7759.0
2021-M02,02/2021,Turistas principales,Alemania,DE,La Palma,1189.0
2021-M03,03/2021,Turistas principales,Alemania,DE,Lanzarote,2129.0
2021-M03,03/2021,Turistas principales,Alemania,DE,Fuerteventura,10193.0
2021-M03,03/2021,Turistas principales,Alemania,DE,Gran Canaria,14400.0
2021-M03,03/2021,Turistas principales,Alemania,DE,Tenerife,12226.0
2021-M03,03/2021,Turistas principales,Alemania,DE,La Palma,1651.0
2021-M04,04/2021,Turistas principales,Alemania,DE,Lanzarote,1687.0
2021-M04,04/2021,Turistas principales,Alemania,DE,Fuerteventura,7625.0
2021-M04,04/2021,Turistas principales,Alemania,DE,Gran Canaria,16075.0
2021-M04,04/2021,Turistas principales,Alemania,DE,Tenerife,8901.0
2021-M04,04/2021,Turistas principales,Alemania,DE,La Palma,738.0
2021-M05,05/2021,Turistas principales,Alemania,DE,Lanzarote,2151.0
2021-M05,05/2021,Turistas principales,Alemania,DE,Fuerteventura,13035.0
2021-M05,05/2021,Turistas principales,Alemania,DE,Gran Canaria,20065.0
2021-M05,05/2021,Turistas principales,Alemania,DE,Tenerife,12898.0
2021-M05,05/2021,Turistas principales,Alemania,DE,La Palma,1184.0
2021-M06,06/2021,Turistas principales,Alemania,DE,Lanzarote,4479.0
2021-M06,06/2021,Turistas principales,Alemania,DE,Fuerteventura,21889.0
2021-M06,06/2021,Turistas principales,Alemania,DE,Gran Canaria,22041.0
2021-M06,06/2021,Turistas principales,Alemania,DE,Tenerife,16128.0
2021-M06,06/2021,Turistas principales,Alemania,DE,La Palma,1644.0
2021-M07,07/2021,Turistas principales,Alemania,DE,Lanzarote,10922.0
2021-M07,07/2021,Turistas principales,Alemania,DE,Fuerteventura,42296.0
2021-M07,07/2021,Turistas principales,Alemania,DE,Gran Canaria,33600.0
2021-M07,07/2021,Turistas principales,Alemania,DE,Tenerife,26325.0
2021-M07,07/2021,Turistas principales,Alemania,DE,La Palma,2734.0
2021-M08,08/2021,Turistas principales,Alemania,DE,Lanzarote,10811.0
2021-M08,08/2021,Turistas principales,Alemania,DE,Fuerteventura,39635.0
2021-M08,08/2021,Turistas principales,Alemania,DE,Gran Canaria,28309.0
2021-M08,08/2021,Turistas principales,Alemania,DE,Tenerife,32011.0
2021-M08,08/2021,Turistas principales,Alemania,DE,La Palma,3027.0
2021-M09,09/2021,Turistas principales,Alemania,DE,Lanzarote,12926.0
2021-M09,09/2021,Turistas principales,Alemania,DE,Fuerteventura,44590.0
2021-M09,09/2021,Turistas principales,Alemania,DE,Gran Canaria,38326.0
2021-M09,09/2021,Turistas principales,Alemania,DE,Tenerife,39110.0
2021-M09,09/2021,Turistas principales,Alemania,DE,La Palma,2801.0
2021-M10,10/2021,Turistas principales,Alemania,DE,Lanzarote,24593.0
2021-M10,10/2021,Turistas principales,Alemania,DE,Fuerteventura,68137.0
2021-M10,10/2021,Turistas principales,Alemania,DE,Gran Canaria,64549.0
2021-M10,10/2021,Turistas principales,Alemania,DE,Tenerife,54795.0
2021-M10,10/2021,Turistas principales,Alemania,DE,La Palma,1356.0
2021-M11,11/2021,Turistas principales,Alemania,DE,Lanzarote,30731.0
2021-M11,11/2021,Turistas principales,Alemania,DE,Fuerteventura,66718.0
2021-M11,11/2021,Turistas principales,Alemania,DE,Gran Canaria,73648.0
2021-M11,11/2021,Turistas principales,Alemania,DE,Tenerife,67576.0
2021-M11,11/2021,Turistas principales,Alemania,DE,La Palma,1168.0
2021-M12,12/2021,Turistas principales,Alemania,DE,Lanzarote,20582.0
2021-M12,12/2021,Turistas principales,Alemania,DE,Fuerteventura,53062.0
2021-M12,12/2021,Turistas principales,Alemania,DE,Gran Canaria,72763.0
2021-M12,12/2021,Turistas principales,Alemania,DE,Tenerife,58121.0
2021-M12,12/2021,Turistas principales,Alemania,DE,La Palma,350.0
2022-M01,01/2022,Turistas principales,Alemania,DE,Lanzarote,13332.0
2022-M01,01/2022,Turistas principales,Alemania,DE,Fuerteventura,33483.0
2022-M01,01/2022,Turistas principales,Alemania,DE,Gran Canaria,44200.0
2022-M01,01/2022,Turistas principales,Alemania,DE,Tenerife,48611.0
2022-M01,01/2022,Turistas principales,Alemania,DE,La Palma,658.0
2022-M02,02/2022,Turistas principales,Alemania,DE,Lanzarote,16540.0
2022-M02,02/2022,Turistas principales,Alemania,DE,Fuerteventura,39706.0
2022-M02,02/2022,Turistas principales,Alemania,DE,Gran Canaria,50762.0
2022-M02,02/2022,Turistas principales,Alemania,DE,Tenerife,50522.0
2022-M02,02/2022,Turistas principales,Alemania,DE,La Palma,1631.0
2022-M03,03/2022,Turistas principales,Alemania,DE,Lanzarote,23677.0
2022-M03,03/2022,Turistas principales,Alemania,DE,Fuerteventura,58166.0
2022-M03,03/2022,Turistas principales,Alemania,DE,Gran Canaria,66924.0
2022-M03,03/2022,Turistas principales,Alemania,DE,Tenerife,64014.0
2022-M03,03/2022,Turistas principales,Alemania,DE,La Palma,3276.0
2022-M04,04/2022,Turistas principales,Alemania,DE,Lanzarote,21885.0
2022-M04,04/2022,Turistas principales,Alemania,DE,Fuerteventura,62388.0
2022-M04,04/2022,Turistas principales,Alemania,DE,Gran Canaria,67935.0
2022-M04,04/2022,Turistas principales,Alemania,DE,Tenerife,60108.0
2022-M04,04/2022,Turistas principales,Alemania,DE,La Palma,3670.0
2022-M05,05/2022,Turistas principales,Alemania,DE,Lanzarote,14325.0
2022-M05,05/2022,Turistas principales,Alemania,DE,Fuerteventura,47703.0
2022-M05,05/2022,Turistas principales,Alemania,DE,Gran Canaria,44049.0
2022-M05,05/2022,Turistas principales,Alemania,DE,Tenerife,36518.0
2022-M05,05/2022,Turistas principales,Alemania,DE,La Palma,2510.0
2022-M06,06/2022,Turistas principales,Alemania,DE,Lanzarote,14250.0
2022-M06,06/2022,Turistas principales,Alemania,DE,Fuerteventura,54521.0
2022-M06,06/2022,Turistas principales,Alemania,DE,Gran Canaria,46802.0
2022-M06,06/2022,Turistas principales,Alemania,DE,Tenerife,33575.0
2022-M06,06/2022,Turistas principales,Alemania,DE,La Palma,2511.0
2022-M07,07/2022,Turistas principales,Alemania,DE,Lanzarote,16895.0
2022-M07,07/2022,Turistas principales,Alemania,DE,Fuerteventura,62374.0
2022-M07,07/2022,Turistas principales,Alemania,DE,Gran Canaria,50522.0
2022-M07,07/2022,Turistas principales,Alemania,DE,Tenerife,38033.0
2022-M07,07/2022,Turistas principales,Alemania,DE,La Palma,2385.0
2022-M08,08/2022,Turistas principales,Alemania,DE,Lanzarote,16909.0
2022-M08,08/2022,Turistas principales,Alemania,DE,Fuerteventura,60730.0
2022-M08,08/2022,Turistas principales,Alemania,DE,Gran Canaria,49821.0
2022-M08,08/2022,Turistas principales,Alemania,DE,Tenerife,39951.0
2022-M08,08/2022,Turistas principales,Alemania,DE,La Palma,2608.0
2022-M09,09/2022,Turistas principales,Alemania,DE,Lanzarote,14020.0
2022-M09,09/2022,Turistas principales,Alemania,DE,Fuerteventura,57477.0
2022-M09,09/2022,Turistas principales,Alemania,DE,Gran Canaria,49633.0
2022-M09,09/2022,Turistas principales,Alemania,DE,Tenerife,39834.0
2022-M09,09/2022,Turistas principales,Alemania,DE,La Palma,2958.0
2022-M10,10/2022,Turistas principales,Alemania,DE,Lanzarote,19802.0
2022-M10,10/2022,Turistas principales,Alemania,DE,Fuerteventura,71152.0
2022-M10,10/2022,Turistas principales,Alemania,DE,Gran Canaria,62957.0
2022-M10,10/2022,Turistas principales,Alemania,DE,Tenerife,49139.0
2022-M10,10/2022,Turistas principales,Alemania,DE,La Palma,2943.0
2022-M11,11/2022,Turistas principales,Alemania,DE,Lanzarote,28045.0
2022-M11,11/2022,Turistas principales,Alemania,DE,Fuerteventura,60803.0
2022-M11,11/2022,Turistas principales,Alemania,DE,Gran Canaria,78039.0
2022-M11,11/2022,Turistas principales,Alemania,DE,Tenerife,76693.0
2022-M11,11/2022,Turistas principales,Alemania,DE,La Palma,6577.0
2022-M12,12/2022,Turistas principales,Alemania,DE,Lanzarote,26122.0
2022-M12,12/2022,Turistas principales,Alemania,DE,Fuerteventura,66527.0
2022-M12,12/2022,Turistas principales,Alemania,DE,Gran Canaria,80560.0
2022-M12,12/2022,Turistas principales,Alemania,DE,Tenerife,76722.0
2022-M12,12/2022,Turistas principales,Alemania,DE,La Palma,6757.0
2023-M01,01/2023,Turistas principales,Alemania,DE,Lanzarote,22573.0
2023-M01,01/2023,Turistas principales,Alemania,DE,Fuerteventura,54510.0
2023-M01,01/2023,Turistas principales,Alemania,DE,Gran Canaria,76777.0
2023-M01,01/2023,Turistas principales,Alemania,DE,Tenerife,66659.0
2023-M01,01/2023,Turistas principales,Alemania,DE,La Palma,5017.0
2023-M02,02/2023,Turistas principales,Alemania,DE,Lanzarote,22876.0
2023-M02,02/2023,Turistas principales,Alemania,DE,Fuerteventura,50888.0
2023-M02,02/2023,Turistas principales,Alemania,DE,Gran Canaria,73271.0
2023-M02,02/2023,Turistas principales,Alemania,DE,Tenerife,68852.0
2023-M02,02/2023,Turistas principales,Alemania,DE,La Palma,3068.0
2023-M03,03/2023,Turistas principales,Alemania,DE,Lanzarote,27872.0
2023-M03,03/2023,Turistas principales,Alemania,DE,Fuerteventura,67629.0
2023-M03,03/2023,Turistas principales,Alemania,DE,Gran Canaria,80606.0
2023-M03,03/2023,Turistas principales,Alemania,DE,Tenerife,81798.0
2023-M03,03/2023,Turistas principales,Alemania,DE,La Palma,5706.0
2023-M04,04/2023,Turistas principales,Alemania,DE,Lanzarote,24455.0
2023-M04,04/2023,Turistas principales,Alemania,DE,Fuerteventura,68183.0
2023-M04,04/2023,Turistas principales,Alemania,DE,Gran Canaria,77324.0
2023-M04,04/2023,Turistas principales,Alemania,DE,Tenerife,65923.0
2023-M04,04/2023,Turistas principales,Alemania,DE,La Palma,3649.0
2023-M05,05/2023,Turistas principales,Alemania,DE,Lanzarote,13902.0
2023-M05,05/2023,Turistas principales,Alemania,DE,Fuerteventura,52131.0
2023-M05,05/2023,Turistas principales,Alemania,DE,Gran Canaria,45360.0
2023-M05,05/2023,Turistas principales,Alemania,DE,Tenerife,41554.0
2023-M05,05/2023,Turistas principales,Alemania,DE,La Palma,1787.0
2023-M06,06/2023,Turistas principales,Alemania,DE,Lanzarote,14935.0
2023-M06,06/2023,Turistas principales,Alemania,DE,Fuerteventura,52155.0
2023-M06,06/2023,Turistas principales,Alemania,DE,Gran Canaria,43773.0
2023-M06,06/2023,Turistas principales,Alemania,DE,Tenerife,41458.0
2023-M06,06/2023,Turistas principales,Alemania,DE,La Palma,957.0
2023-M07,07/2023,Turistas principales,Alemania,DE,Lanzarote,14377.0
2023-M07,07/2023,Turistas principales,Alemania,DE,Fuerteventura,54300.0
2023-M07,07/2023,Turistas principales,Alemania,DE,Gran Canaria,46967.0
2023-M07,07/2023,Turistas principales,Alemania,DE,Tenerife,40574.0
2023-M07,07/2023,Turistas principales,Alemania,DE,La Palma,1627.0
2023-M08,08/2023,Turistas principales,Alemania,DE,Lanzarote,13024.0
2023-M08,08/2023,Turistas principales,Alemania,DE,Fuerteventura,51258.0
2023-M08,08/2023,Turistas principales,Alemania,DE,Gran Canaria,49850.0
2023-M08,08/2023,Turistas principales,Alemania,DE,Tenerife,42282.0
2023-M08,08/2023,Turistas principales,Alemania,DE,La Palma,1865.0
2023-M09,09/2023,Turistas principales,Alemania,DE,Lanzarote,15408.0
2023-M09,09/2023,Turistas principales,Alemania,DE,Fuerteventura,58407.0
2023-M09,09/2023,Turistas principales,Alemania,DE,Gran Canaria,52872.0
2023-M09,09/2023,Turistas principales,Alemania,DE,Tenerife,44411.0
2023-M09,09/2023,Turistas principales,Alemania,DE,La Palma,1608.0
2023-M10,10/2023,Turistas principales,Alemania,DE,Lanzarote,23037.0
2023-M10,10/2023,Turistas principales,Alemania,DE,Fuerteventura,67650.0
2023-M10,10/2023,Turistas principales,Alemania,DE,Gran Canaria,74649.0
2023-M10,10/2023,Turistas principales,Alemania,DE,Tenerife,54820.0
2023-M10,10/2023,Turistas principales,Alemania,DE,La Palma,3408.0
2023-M11,11/2023,Turistas principales,Alemania,DE,Lanzarote,32107.0
2023-M11,11/2023,Turistas principales,Alemania,DE,Fuerteventura,70555.0
2023-M11,11/2023,Turistas principales,Alemania,DE,Gran Canaria,78405.0
2023-M11,11/2023,Turistas principales,Alemania,DE,Tenerife,84841.0
2023-M11,11/2023,Turistas principales,Alemania,DE,La Palma,8719.0
2023-M12,12/2023,Turistas principales,Alemania,DE,Lanzarote,28944.0
2023-M12,12/2023,Turistas principales,Alemania,DE,Fuerteventura,69019.0
2023-M12,12/2023,Turistas principales,Alemania,DE,Gran Canaria,93468.0
2023-M12,12/2023,Turistas principales,Alemania,DE,Tenerife,88547.0
2023-M12,12/2023,Turistas principales,Alemania,DE,La Palma,7700.0
2024-M01,01/2024,Turistas principales,Alemania,DE,Lanzarote,24865.0
2024-M01,01/2024,Turistas principales,Alemania,DE,Fuerteventura,57250.0
2024-M01,01/2024,Turistas principales,Alemania,DE,Gran Canaria,80603.0
2024-M01,01/2024,Turistas principales,Alemania,DE,Tenerife,82975.0
2024-M01,01/2024,Turistas principales,Alemania,DE,La Palma,9180.0
2024-M02,02/2024,Turistas principales,Alemania,DE,Lanzarote,29875.0
2024-M02,02/2024,Turistas principales,Alemania,DE,Fuerteventura,63183.0
2024-M02,02/2024,Turistas principales,Alemania,DE,Gran Canaria,82264.0
2024-M02,02/2024,Turistas principales,Alemania,DE,Tenerife,79559.0
2024-M02,02/2024,Turistas principales,Alemania,DE,La Palma,7684.0
2024-M03,03/2024,Turistas principales,Alemania,DE,Lanzarote,35818.0
2024-M03,03/2024,Turistas principales,Alemania,DE,Fuerteventura,83713.0
2024-M03,03/2024,Turistas principales,Alemania,DE,Gran Canaria,107003.0
2024-M03,03/2024,Turistas principales,Alemania,DE,Tenerife,98007.0
2024-M03,03/2024,Turistas principales,Alemania,DE,La Palma,11431.0
2024-M04,04/2024,Turistas principales,Alemania,DE,Lanzarote,22028.0
2024-M04,04/2024,Turistas principales,Alemania,DE,Fuerteventura,63719.0
2024-M04,04/2024,Turistas principales,Alemania,DE,Gran Canaria,83331.0
2024-M04,04/2024,Turistas principales,Alemania,DE,Tenerife,74722.0
2024-M04,04/2024,Turistas principales,Alemania,DE,La Palma,5710.0
2024-M05,05/2024,Turistas principales,Alemania,DE,Lanzarote,14413.0
2024-M05,05/2024,Turistas principales,Alemania,DE,Fuerteventura,49992.0
2024-M05,05/2024,Turistas principales,Alemania,DE,Gran Canaria,43801.0
2024-M05,05/2024,Turistas principales,Alemania,DE,Tenerife,45862.0
2024-M05,05/2024,Turistas principales,Alemania,DE,La Palma,2953.0
2024-M06,06/2024,Turistas principales,Alemania,DE,Lanzarote,13251.0
2024-M06,06/2024,Turistas principales,Alemania,DE,Fuerteventura,53303.0
2024-M06,06/2024,Turistas principales,Alemania,DE,Gran Canaria,43366.0
2024-M06,06/2024,Turistas principales,Alemania,DE,Tenerife,40704.0
2024-M06,06/2024,Turistas principales,Alemania,DE,La Palma,2433.0
2024-M07,07/2024,Turistas principales,Alemania,DE,Lanzarote,13216.0
2024-M07,07/2024,Turistas principales,Alemania,DE,Fuerteventura,56356.0
2024-M07,07/2024,Turistas principales,Alemania,DE,Gran Canaria,46222.0
2024-M07,07/2024,Turistas principales,Alemania,DE,Tenerife,43495.0
2024-M07,07/2024,Turistas principales,Alemania,DE,La Palma,2821.0
2024-M08,08/2024,Turistas principales,Alemania,DE,Lanzarote,13569.0
2024-M08,08/2024,Turistas principales,Alemania,DE,Fuerteventura,61330.0
2024-M08,08/2024,Turistas principales,Alemania,DE,Gran Canaria,47051.0
2024-M08,08/2024,Turistas principales,Alemania,DE,Tenerife,47613.0
2024-M08,08/2024,Turistas principales,Alemania,DE,La Palma,2922.0
2024-M09,09/2024,Turistas principales,Alemania,DE,Lanzarote,15384.0
2024-M09,09/2024,Turistas principales,Alemania,DE,Fuerteventura,61060.0
2024-M09,09/2024,Turistas principales,Alemania,DE,Gran Canaria,53201.0
2024-M09,09/2024,Turistas principales,Alemania,DE,Tenerife,47841.0
2024-M09,09/2024,Turistas principales,Alemania,DE,La Palma,2166.0
2024-M10,10/2024,Turistas principales,Alemania,DE,Lanzarote,23819.0
2024-M10,10/2024,Turistas principales,Alemania,DE,Fuerteventura,73054.0
2024-M10,10/2024,Turistas principales,Alemania,DE,Gran Canaria,72615.0
2024-M10,10/2024,Turistas principales,Alemania,DE,Tenerife,64380.0
2024-M10,10/2024,Turistas principales,Alemania,DE,La Palma,5116.0
2024-M11,11/2024,Turistas principales,Alemania,DE,Lanzarote,32509.0
2024-M11,11/2024,Turistas principales,Alemania,DE,Fuerteventura,76213.0
2024-M11,11/2024,Turistas principales,Alemania,DE,Gran Canaria,103341.0
2024-M11,11/2024,Turistas principales,Alemania,DE,Tenerife,97858.0
2024-M11,11/2024,Turistas principales,Alemania,DE,La Palma,10469.0
2024-M12,12/2024,Turistas principales,Alemania,DE,Lanzarote,29330.0
2024-M12,12/2024,Turistas principales,Alemania,DE,Fuerteventura,70674.0
2024-M12,12/2024,Turistas principales,Alemania,DE,Gran Canaria,103495.0
2024-M12,12/2024,Turistas principales,Alemania,DE,Tenerife,103959.0
2024-M12,12/2024,Turistas principales,Alemania,DE,La Palma,9323.0
2025-M01,01/2025,Turistas principales,Alemania,DE,Lanzarote,23339.0
2025-M01,01/2025,Turistas principales,Alemania,DE,Fuerteventura,63153.0
2025-M01,01/2025,Turistas principales,Alemania,DE,Gran Canaria,88134.0
2025-M01,01/2025,Turistas principales,Alemania,DE,Tenerife,89203.0
2025-M01,01/2025,Turistas principales,Alemania,DE,La Palma,10628.0
2025-M02,02/2025,Turistas principales,Alemania,DE,Lanzarote,23939.0
2025-M02,02/2025,Turistas principales,Alemania,DE,Fuerteventura,61333.0
2025-M02,02/2025,Turistas principales,Alemania,DE,Gran Canaria,86089.0
2025-M02,02/2025,Turistas principales,Alemania,DE,Tenerife,85842.0
2025-M02,02/2025,Turistas principales,Alemania,DE,La Palma,9194.0
2025-M03,03/2025,Turistas principales,Alemania,DE,Lanzarote,27986.0
2025-M03,03/2025,Turistas principales,Alemania,DE,Fuerteventura,77975.0
2025-M03,03/2025,Turistas principales,Alemania,DE,Gran Canaria,106708.0
2025-M03,03/2025,Turistas principales,Alemania,DE,Tenerife,83005.0
2025-M03,03/2025,Turistas principales,Alemania,DE,La Palma,11392.0
2025-M04,04/2025,Turistas principales,Alemania,DE,Lanzarote,29343.0
2025-M04,04/2025,Turistas principales,Alemania,DE,Fuerteventura,70317.0
2025-M04,04/2025,Turistas principales,Alemania,DE,Gran Canaria,80392.0
2025-M04,04/2025,Turistas principales,Alemania,DE,Tenerife,71372.0
2025-M04,04/2025,Turistas principales,Alemania,DE,La Palma,7721.0
2025-M05,05/2025,Turistas principales,Alemania,DE,Lanzarote,13151.0
2025-M05,05/2025,Turistas principales,Alemania,DE,Fuerteventura,48803.0
2025-M05,05/2025,Turistas principales,Alemania,DE,Gran Canaria,47053.0
2025-M05,05/2025,Turistas principales,Alemania,DE,Tenerife,44096.0
2025-M05,05/2025,Turistas principales,Alemania,DE,La Palma,3367.0
2025-M06,06/2025,Turistas principales,Alemania,DE,Lanzarote,14129.0
2025-M06,06/2025,Turistas principales,Alemania,DE,Fuerteventura,52622.0
2025-M06,06/2025,Turistas principales,Alemania,DE,Gran Canaria,51429.0
2025-M06,06/2025,Turistas principales,Alemania,DE,Tenerife,45432.0
2025-M06,06/2025,Turistas principales,Alemania,DE,La Palma,2609.0
2025-M07,07/2025,Turistas principales,Alemania,DE,Lanzarote,15748.0
2025-M07,07/2025,Turistas principales,Alemania,DE,Fuerteventura,59617.0
2025-M07,07/2025,Turistas principales,Alemania,DE,Gran Canaria,47243.0
2025-M07,07/2025,Turistas principales,Alemania,DE,Tenerife,48009.0
2025-M07,07/2025,Turistas principales,Alemania,DE,La Palma,2788.0
2020-M01,01/2020,Turistas principales,Mundo (excluida España),5000_XES,Lanzarote,172107.0
2020-M01,01/2020,Turistas principales,Mundo (excluida España),5000_XES,Fuerteventura,120787.0
2020-M01,01/2020,Turistas principales,Mundo (excluida España),5000_XES,Gran Canaria,353496.0
2020-M01,01/2020,Turistas principales,Mundo (excluida España),5000_XES,Tenerife,434985.0
2020-M01,01/2020,Turistas principales,Mundo (excluida España),5000_XES,La Palma,18602.0
2020-M02,02/2020,Turistas principales,Mundo (excluida España),5000_XES,Lanzarote,190235.0
2020-M02,02/2020,Turistas principales,Mundo (excluida España),5000_XES,Fuerteventura,151766.0
2020-M02,02/2020,Turistas principales,Mundo (excluida España),5000_XES,Gran Canaria,347789.0
2020-M02,02/2020,Turistas principales,Mundo (excluida España),5000_XES,Tenerife,461766.0
2020-M02,02/2020,Turistas principales,Mundo (excluida España),5000_XES,La Palma,18468.0
2020-M03,03/2020,Turistas principales,Mundo (excluida España),5000_XES,Lanzarote,85302.0
2020-M03,03/2020,Turistas principales,Mundo (excluida España),5000_XES,Fuerteventura,64480.0
2020-M03,03/2020,Turistas principales,Mundo (excluida España),5000_XES,Gran Canaria,119958.0
2020-M03,03/2020,Turistas principales,Mundo (excluida España),5000_XES,Tenerife,178213.0
2020-M03,03/2020,Turistas principales,Mundo (excluida España),5000_XES,La Palma,8293.0
2020-M04,04/2020,Turistas principales,Mundo (excluida España),5000_XES,Lanzarote,
2020-M04,04/2020,Turistas principales,Mundo (excluida España),5000_XES,Fuerteventura,
2020-M04,04/2020,Turistas principales,Mundo (excluida España),5000_XES,Gran Canaria,
2020-M04,04/2020,Turistas principales,Mundo (excluida España),5000_XES,Tenerife,
2020-M04,04/2020,Turistas principales,Mundo (excluida España),5000_XES,La Palma,
2020-M05,05/2020,Turistas principales,Mundo (excluida España),5000_XES,Lanzarote,
2020-M05,05/2020,Turistas principales,Mundo (excluida España),5000_XES,Fuerteventura,
2020-M05,05/2020,Turistas principales,Mundo (excluida España),5000_XES,Gran Canaria,
2020-M05,05/2020,Turistas principales,Mundo (excluida España),5000_XES,Tenerife,
2020-M05,05/2020,Turistas principales,Mundo (excluida España),5000_XES,La Palma,
2020-M06,06/2020,Turistas principales,Mundo (excluida España),5000_XES,Lanzarote,408.0
2020-M06,06/2020,Turistas principales,Mundo (excluida España),5000_XES,Fuerteventura,170.0
2020-M06,06/2020,Turistas principales,Mundo (excluida España),5000_XES,Gran Canaria,2131.0
2020-M06,06/2020,Turistas principales,Mundo (excluida España),5000_XES,Tenerife,2848.0
2020-M06,06/2020,Turistas principales,Mundo (excluida España),5000_XES,La Palma,1.0
2020-M07,07/2020,Turistas principales,Mundo (excluida España),5000_XES,Lanzarote,40380.0
2020-M07,07/2020,Turistas principales,Mundo (excluida España),5000_XES,Fuerteventura,43212.0
2020-M07,07/2020,Turistas principales,Mundo (excluida España),5000_XES,Gran Canaria,44482.0
2020-M07,07/2020,Turistas principales,Mundo (excluida España),5000_XES,Tenerife,86230.0
2020-M07,07/2020,Turistas principales,Mundo (excluida España),5000_XES,La Palma,2133.0
2020-M08,08/2020,Turistas principales,Mundo (excluida España),5000_XES,Lanzarote,36316.0
2020-M08,08/2020,Turistas principales,Mundo (excluida España),5000_XES,Fuerteventura,52883.0
2020-M08,08/2020,Turistas principales,Mundo (excluida España),5000_XES,Gran Canaria,55706.0
2020-M08,08/2020,Turistas principales,Mundo (excluida España),5000_XES,Tenerife,88620.0
2020-M08,08/2020,Turistas principales,Mundo (excluida España),5000_XES,La Palma,2084.0
2020-M09,09/2020,Turistas principales,Mundo (excluida España),5000_XES,Lanzarote,14259.0
2020-M09,09/2020,Turistas principales,Mundo (excluida España),5000_XES,Fuerteventura,12963.0
2020-M09,09/2020,Turistas principales,Mundo (excluida España),5000_XES,Gran Canaria,15096.0
2020-M09,09/2020,Turistas principales,Mundo (excluida España),5000_XES,Tenerife,46878.0
2020-M09,09/2020,Turistas principales,Mundo (excluida España),5000_XES,La Palma,1600.0
2020-M10,10/2020,Turistas principales,Mundo (excluida España),5000_XES,Lanzarote,25879.0
2020-M10,10/2020,Turistas principales,Mundo (excluida España),5000_XES,Fuerteventura,18518.0
2020-M10,10/2020,Turistas principales,Mundo (excluida España),5000_XES,Gran Canaria,23110.0
2020-M10,10/2020,Turistas principales,Mundo (excluida España),5000_XES,Tenerife,65227.0
2020-M10,10/2020,Turistas principales,Mundo (excluida España),5000_XES,La Palma,1379.0
2020-M11,11/2020,Turistas principales,Mundo (excluida España),5000_XES,Lanzarote,19870.0
2020-M11,11/2020,Turistas principales,Mundo (excluida España),5000_XES,Fuerteventura,25683.0
2020-M11,11/2020,Turistas principales,Mundo (excluida España),5000_XES,Gran Canaria,46656.0
2020-M11,11/2020,Turistas principales,Mundo (excluida España),5000_XES,Tenerife,64573.0
2020-M11,11/2020,Turistas principales,Mundo (excluida España),5000_XES,La Palma,2414.0
2020-M12,12/2020,Turistas principales,Mundo (excluida España),5000_XES,Lanzarote,27328.0
2020-M12,12/2020,Turistas principales,Mundo (excluida España),5000_XES,Fuerteventura,29751.0
2020-M12,12/2020,Turistas principales,Mundo (excluida España),5000_XES,Gran Canaria,60104.0
2020-M12,12/2020,Turistas principales,Mundo (excluida España),5000_XES,Tenerife,85865.0
2020-M12,12/2020,Turistas principales,Mundo (excluida España),5000_XES,La Palma,2672.0
2021-M01,01/2021,Turistas principales,Mundo (excluida España),5000_XES,Lanzarote,7826.0
2021-M01,01/2021,Turistas principales,Mundo (excluida España),5000_XES,Fuerteventura,14042.0
2021-M01,01/2021,Turistas principales,Mundo (excluida España),5000_XES,Gran Canaria,28577.0
2021-M01,01/2021,Turistas principales,Mundo (excluida España),5000_XES,Tenerife,36256.0
2021-M01,01/2021,Turistas principales,Mundo (excluida España),5000_XES,La Palma,1850.0
2021-M02,02/2021,Turistas principales,Mundo (excluida España),5000_XES,Lanzarote,6072.0
2021-M02,02/2021,Turistas principales,Mundo (excluida España),5000_XES,Fuerteventura,9789.0
2021-M02,02/2021,Turistas principales,Mundo (excluida España),5000_XES,Gran Canaria,19629.0
2021-M02,02/2021,Turistas principales,Mundo (excluida España),5000_XES,Tenerife,41674.0
2021-M02,02/2021,Turistas principales,Mundo (excluida España),5000_XES,La Palma,1802.0
2021-M03,03/2021,Turistas principales,Mundo (excluida España),5000_XES,Lanzarote,6949.0
2021-M03,03/2021,Turistas principales,Mundo (excluida España),5000_XES,Fuerteventura,17218.0
2021-M03,03/2021,Turistas principales,Mundo (excluida España),5000_XES,Gran Canaria,32565.0
2021-M03,03/2021,Turistas principales,Mundo (excluida España),5000_XES,Tenerife,49807.0
2021-M03,03/2021,Turistas principales,Mundo (excluida España),5000_XES,La Palma,2262.0
2021-M04,04/2021,Turistas principales,Mundo (excluida España),5000_XES,Lanzarote,9709.0
2021-M04,04/2021,Turistas principales,Mundo (excluida España),5000_XES,Fuerteventura,18151.0
2021-M04,04/2021,Turistas principales,Mundo (excluida España),5000_XES,Gran Canaria,35732.0
2021-M04,04/2021,Turistas principales,Mundo (excluida España),5000_XES,Tenerife,53359.0
2021-M04,04/2021,Turistas principales,Mundo (excluida España),5000_XES,La Palma,1166.0
2021-M05,05/2021,Turistas principales,Mundo (excluida España),5000_XES,Lanzarote,16461.0
2021-M05,05/2021,Turistas principales,Mundo (excluida España),5000_XES,Fuerteventura,28911.0
2021-M05,05/2021,Turistas principales,Mundo (excluida España),5000_XES,Gran Canaria,45784.0
2021-M05,05/2021,Turistas principales,Mundo (excluida España),5000_XES,Tenerife,70878.0
2021-M05,05/2021,Turistas principales,Mundo (excluida España),5000_XES,La Palma,2225.0
2021-M06,06/2021,Turistas principales,Mundo (excluida España),5000_XES,Lanzarote,24728.0
2021-M06,06/2021,Turistas principales,Mundo (excluida España),5000_XES,Fuerteventura,42692.0
2021-M06,06/2021,Turistas principales,Mundo (excluida España),5000_XES,Gran Canaria,62269.0
2021-M06,06/2021,Turistas principales,Mundo (excluida España),5000_XES,Tenerife,84172.0
2021-M06,06/2021,Turistas principales,Mundo (excluida España),5000_XES,La Palma,3258.0
2021-M07,07/2021,Turistas principales,Mundo (excluida España),5000_XES,Lanzarote,68734.0
2021-M07,07/2021,Turistas principales,Mundo (excluida España),5000_XES,Fuerteventura,84375.0
2021-M07,07/2021,Turistas principales,Mundo (excluida España),5000_XES,Gran Canaria,104582.0
2021-M07,07/2021,Turistas principales,Mundo (excluida España),5000_XES,Tenerife,156613.0
2021-M07,07/2021,Turistas principales,Mundo (excluida España),5000_XES,La Palma,5956.0
2021-M08,08/2021,Turistas principales,Mundo (excluida España),5000_XES,Lanzarote,108984.0
2021-M08,08/2021,Turistas principales,Mundo (excluida España),5000_XES,Fuerteventura,104058.0
2021-M08,08/2021,Turistas principales,Mundo (excluida España),5000_XES,Gran Canaria,124126.0
2021-M08,08/2021,Turistas principales,Mundo (excluida España),5000_XES,Tenerife,219770.0
2021-M08,08/2021,Turistas principales,Mundo (excluida España),5000_XES,La Palma,6648.0
2021-M09,09/2021,Turistas principales,Mundo (excluida España),5000_XES,Lanzarote,103308.0
2021-M09,09/2021,Turistas principales,Mundo (excluida España),5000_XES,Fuerteventura,96971.0
2021-M09,09/2021,Turistas principales,Mundo (excluida España),5000_XES,Gran Canaria,140926.0
2021-M09,09/2021,Turistas principales,Mundo (excluida España),5000_XES,Tenerife,237689.0
2021-M09,09/2021,Turistas principales,Mundo (excluida España),5000_XES,La Palma,5790.0
2021-M10,10/2021,Turistas principales,Mundo (excluida España),5000_XES,Lanzarote,181546.0
2021-M10,10/2021,Turistas principales,Mundo (excluida España),5000_XES,Fuerteventura,152574.0
2021-M10,10/2021,Turistas principales,Mundo (excluida España),5000_XES,Gran Canaria,242892.0
2021-M10,10/2021,Turistas principales,Mundo (excluida España),5000_XES,Tenerife,393758.0
2021-M10,10/2021,Turistas principales,Mundo (excluida España),5000_XES,La Palma,2455.0
2021-M11,11/2021,Turistas principales,Mundo (excluida España),5000_XES,Lanzarote,178929.0
2021-M11,11/2021,Turistas principales,Mundo (excluida España),5000_XES,Fuerteventura,146150.0
2021-M11,11/2021,Turistas principales,Mundo (excluida España),5000_XES,Gran Canaria,265709.0
2021-M11,11/2021,Turistas principales,Mundo (excluida España),5000_XES,Tenerife,421224.0
2021-M11,11/2021,Turistas principales,Mundo (excluida España),5000_XES,La Palma,3602.0
2021-M12,12/2021,Turistas principales,Mundo (excluida España),5000_XES,Lanzarote,137216.0
2021-M12,12/2021,Turistas principales,Mundo (excluida España),5000_XES,Fuerteventura,123329.0
2021-M12,12/2021,Turistas principales,Mundo (excluida España),5000_XES,Gran Canaria,276895.0
2021-M12,12/2021,Turistas principales,Mundo (excluida España),5000_XES,Tenerife,353290.0
2021-M12,12/2021,Turistas principales,Mundo (excluida España),5000_XES,La Palma,1759.0
2022-M01,01/2022,Turistas principales,Mundo (excluida España),5000_XES,Lanzarote,112983.0
2022-M01,01/2022,Turistas principales,Mundo (excluida España),5000_XES,Fuerteventura,89564.0
2022-M01,01/2022,Turistas principales,Mundo (excluida España),5000_XES,Gran Canaria,217599.0
2022-M01,01/2022,Turistas principales,Mundo (excluida España),5000_XES,Tenerife,331396.0
2022-M01,01/2022,Turistas principales,Mundo (excluida España),5000_XES,La Palma,2221.0
2022-M02,02/2022,Turistas principales,Mundo (excluida España),5000_XES,Lanzarote,172091.0
2022-M02,02/2022,Turistas principales,Mundo (excluida España),5000_XES,Fuerteventura,132047.0
2022-M02,02/2022,Turistas principales,Mundo (excluida España),5000_XES,Gran Canaria,254434.0
2022-M02,02/2022,Turistas principales,Mundo (excluida España),5000_XES,Tenerife,412642.0
2022-M02,02/2022,Turistas principales,Mundo (excluida España),5000_XES,La Palma,3659.0
2022-M03,03/2022,Turistas principales,Mundo (excluida España),5000_XES,Lanzarote,202380.0
2022-M03,03/2022,Turistas principales,Mundo (excluida España),5000_XES,Fuerteventura,152617.0
2022-M03,03/2022,Turistas principales,Mundo (excluida España),5000_XES,Gran Canaria,285246.0
2022-M03,03/2022,Turistas principales,Mundo (excluida España),5000_XES,Tenerife,477806.0
2022-M03,03/2022,Turistas principales,Mundo (excluida España),5000_XES,La Palma,7204.0
2022-M04,04/2022,Turistas principales,Mundo (excluida España),5000_XES,Lanzarote,208169.0
2022-M04,04/2022,Turistas principales,Mundo (excluida España),5000_XES,Fuerteventura,163971.0
2022-M04,04/2022,Turistas principales,Mundo (excluida España),5000_XES,Gran Canaria,292374.0
2022-M04,04/2022,Turistas principales,Mundo (excluida España),5000_XES,Tenerife,449089.0
2022-M04,04/2022,Turistas principales,Mundo (excluida España),5000_XES,La Palma,7720.0
2022-M05,05/2022,Turistas principales,Mundo (excluida España),5000_XES,Lanzarote,192448.0
2022-M05,05/2022,Turistas principales,Mundo (excluida España),5000_XES,Fuerteventura,138522.0
2022-M05,05/2022,Turistas principales,Mundo (excluida España),5000_XES,Gran Canaria,210785.0
2022-M05,05/2022,Turistas principales,Mundo (excluida España),5000_XES,Tenerife,357479.0
2022-M05,05/2022,Turistas principales,Mundo (excluida España),5000_XES,La Palma,6052.0
2022-M06,06/2022,Turistas principales,Mundo (excluida España),5000_XES,Lanzarote,193712.0
2022-M06,06/2022,Turistas principales,Mundo (excluida España),5000_XES,Fuerteventura,150192.0
2022-M06,06/2022,Turistas principales,Mundo (excluida España),5000_XES,Gran Canaria,212769.0
2022-M06,06/2022,Turistas principales,Mundo (excluida España),5000_XES,Tenerife,355000.0
2022-M06,06/2022,Turistas principales,Mundo (excluida España),5000_XES,La Palma,6373.0
2022-M07,07/2022,Turistas principales,Mundo (excluida España),5000_XES,Lanzarote,221123.0
2022-M07,07/2022,Turistas principales,Mundo (excluida España),5000_XES,Fuerteventura,180445.0
2022-M07,07/2022,Turistas principales,Mundo (excluida España),5000_XES,Gran Canaria,254571.0
2022-M07,07/2022,Turistas principales,Mundo (excluida España),5000_XES,Tenerife,404278.0
2022-M07,07/2022,Turistas principales,Mundo (excluida España),5000_XES,La Palma,7821.0
2022-M08,08/2022,Turistas principales,Mundo (excluida España),5000_XES,Lanzarote,222547.0
2022-M08,08/2022,Turistas principales,Mundo (excluida España),5000_XES,Fuerteventura,179700.0
2022-M08,08/2022,Turistas principales,Mundo (excluida España),5000_XES,Gran Canaria,258987.0
2022-M08,08/2022,Turistas principales,Mundo (excluida España),5000_XES,Tenerife,409590.0
2022-M08,08/2022,Turistas principales,Mundo (excluida España),5000_XES,La Palma,7543.0
2022-M09,09/2022,Turistas principales,Mundo (excluida España),5000_XES,Lanzarote,193057.0
2022-M09,09/2022,Turistas principales,Mundo (excluida España),5000_XES,Fuerteventura,160146.0
2022-M09,09/2022,Turistas principales,Mundo (excluida España),5000_XES,Gran Canaria,221119.0
2022-M09,09/2022,Turistas principales,Mundo (excluida España),5000_XES,Tenerife,367618.0
2022-M09,09/2022,Turistas principales,Mundo (excluida España),5000_XES,La Palma,7224.0
2022-M10,10/2022,Turistas principales,Mundo (excluida España),5000_XES,Lanzarote,233485.0
2022-M10,10/2022,Turistas principales,Mundo (excluida España),5000_XES,Fuerteventura,192345.0
2022-M10,10/2022,Turistas principales,Mundo (excluida España),5000_XES,Gran Canaria,322865.0
2022-M10,10/2022,Turistas principales,Mundo (excluida España),5000_XES,Tenerife,452558.0
2022-M10,10/2022,Turistas principales,Mundo (excluida España),5000_XES,La Palma,8347.0
2022-M11,11/2022,Turistas principales,Mundo (excluida España),5000_XES,Lanzarote,211382.0
2022-M11,11/2022,Turistas principales,Mundo (excluida España),5000_XES,Fuerteventura,172767.0
2022-M11,11/2022,Turistas principales,Mundo (excluida España),5000_XES,Gran Canaria,346929.0
2022-M11,11/2022,Turistas principales,Mundo (excluida España),5000_XES,Tenerife,476101.0
2022-M11,11/2022,Turistas principales,Mundo (excluida España),5000_XES,La Palma,10144.0
2022-M12,12/2022,Turistas principales,Mundo (excluida España),5000_XES,Lanzarote,230505.0
2022-M12,12/2022,Turistas principales,Mundo (excluida España),5000_XES,Fuerteventura,186958.0
2022-M12,12/2022,Turistas principales,Mundo (excluida España),5000_XES,Gran Canaria,373649.0
2022-M12,12/2022,Turistas principales,Mundo (excluida España),5000_XES,Tenerife,514113.0
2022-M12,12/2022,Turistas principales,Mundo (excluida España),5000_XES,La Palma,9897.0
2023-M01,01/2023,Turistas principales,Mundo (excluida España),5000_XES,Lanzarote,206582.0
2023-M01,01/2023,Turistas principales,Mundo (excluida España),5000_XES,Fuerteventura,160488.0
2023-M01,01/2023,Turistas principales,Mundo (excluida España),5000_XES,Gran Canaria,357312.0
2023-M01,01/2023,Turistas principales,Mundo (excluida España),5000_XES,Tenerife,478201.0
2023-M01,01/2023,Turistas principales,Mundo (excluida España),5000_XES,La Palma,9751.0
2023-M02,02/2023,Turistas principales,Mundo (excluida España),5000_XES,Lanzarote,224647.0
2023-M02,02/2023,Turistas principales,Mundo (excluida España),5000_XES,Fuerteventura,172658.0
2023-M02,02/2023,Turistas principales,Mundo (excluida España),5000_XES,Gran Canaria,353883.0
2023-M02,02/2023,Turistas principales,Mundo (excluida España),5000_XES,Tenerife,487208.0
2023-M02,02/2023,Turistas principales,Mundo (excluida España),5000_XES,La Palma,8274.0
2023-M03,03/2023,Turistas principales,Mundo (excluida España),5000_XES,Lanzarote,243027.0
2023-M03,03/2023,Turistas principales,Mundo (excluida España),5000_XES,Fuerteventura,193251.0
2023-M03,03/2023,Turistas principales,Mundo (excluida España),5000_XES,Gran Canaria,354567.0
2023-M03,03/2023,Turistas principales,Mundo (excluida España),5000_XES,Tenerife,518245.0
2023-M03,03/2023,Turistas principales,Mundo (excluida España),5000_XES,La Palma,11768.0
2023-M04,04/2023,Turistas principales,Mundo (excluida España),5000_XES,Lanzarote,229806.0
2023-M04,04/2023,Turistas principales,Mundo (excluida España),5000_XES,Fuerteventura,181245.0
2023-M04,04/2023,Turistas principales,Mundo (excluida España),5000_XES,Gran Canaria,300625.0
2023-M04,04/2023,Turistas principales,Mundo (excluida España),5000_XES,Tenerife,468578.0
2023-M04,04/2023,Turistas principales,Mundo (excluida España),5000_XES,La Palma,8157.0
2023-M05,05/2023,Turistas principales,Mundo (excluida España),5000_XES,Lanzarote,209963.0
2023-M05,05/2023,Turistas principales,Mundo (excluida España),5000_XES,Fuerteventura,150529.0
2023-M05,05/2023,Turistas principales,Mundo (excluida España),5000_XES,Gran Canaria,224966.0
2023-M05,05/2023,Turistas principales,Mundo (excluida España),5000_XES,Tenerife,392993.0
2023-M05,05/2023,Turistas principales,Mundo (excluida España),5000_XES,La Palma,5425.0
2023-M06,06/2023,Turistas principales,Mundo (excluida España),5000_XES,Lanzarote,209218.0
2023-M06,06/2023,Turistas principales,Mundo (excluida España),5000_XES,Fuerteventura,156216.0
2023-M06,06/2023,Turistas principales,Mundo (excluida España),5000_XES,Gran Canaria,221227.0
2023-M06,06/2023,Turistas principales,Mundo (excluida España),5000_XES,Tenerife,386995.0
2023-M06,06/2023,Turistas principales,Mundo (excluida España),5000_XES,La Palma,3685.0
2023-M07,07/2023,Turistas principales,Mundo (excluida España),5000_XES,Lanzarote,232889.0
2023-M07,07/2023,Turistas principales,Mundo (excluida España),5000_XES,Fuerteventura,173886.0
2023-M07,07/2023,Turistas principales,Mundo (excluida España),5000_XES,Gran Canaria,269727.0
2023-M07,07/2023,Turistas principales,Mundo (excluida España),5000_XES,Tenerife,428758.0
2023-M07,07/2023,Turistas principales,Mundo (excluida España),5000_XES,La Palma,5289.0
2023-M08,08/2023,Turistas principales,Mundo (excluida España),5000_XES,Lanzarote,228671.0
2023-M08,08/2023,Turistas principales,Mundo (excluida España),5000_XES,Fuerteventura,171280.0
2023-M08,08/2023,Turistas principales,Mundo (excluida España),5000_XES,Gran Canaria,262912.0
2023-M08,08/2023,Turistas principales,Mundo (excluida España),5000_XES,Tenerife,424771.0
2023-M08,08/2023,Turistas principales,Mundo (excluida España),5000_XES,La Palma,6721.0
2023-M09,09/2023,Turistas principales,Mundo (excluida España),5000_XES,Lanzarote,206944.0
2023-M09,09/2023,Turistas principales,Mundo (excluida España),5000_XES,Fuerteventura,164572.0
2023-M09,09/2023,Turistas principales,Mundo (excluida España),5000_XES,Gran Canaria,245604.0
2023-M09,09/2023,Turistas principales,Mundo (excluida España),5000_XES,Tenerife,401487.0
2023-M09,09/2023,Turistas principales,Mundo (excluida España),5000_XES,La Palma,4948.0
2023-M10,10/2023,Turistas principales,Mundo (excluida España),5000_XES,Lanzarote,247910.0
2023-M10,10/2023,Turistas principales,Mundo (excluida España),5000_XES,Fuerteventura,191099.0
2023-M10,10/2023,Turistas principales,Mundo (excluida España),5000_XES,Gran Canaria,346546.0
2023-M10,10/2023,Turistas principales,Mundo (excluida España),5000_XES,Tenerife,490053.0
2023-M10,10/2023,Turistas principales,Mundo (excluida España),5000_XES,La Palma,6956.0
2023-M11,11/2023,Turistas principales,Mundo (excluida España),5000_XES,Lanzarote,236044.0
2023-M11,11/2023,Turistas principales,Mundo (excluida España),5000_XES,Fuerteventura,192591.0
2023-M11,11/2023,Turistas principales,Mundo (excluida España),5000_XES,Gran Canaria,370546.0
2023-M11,11/2023,Turistas principales,Mundo (excluida España),5000_XES,Tenerife,533300.0
2023-M11,11/2023,Turistas principales,Mundo (excluida España),5000_XES,La Palma,12971.0
2023-M12,12/2023,Turistas principales,Mundo (excluida España),5000_XES,Lanzarote,255566.0
2023-M12,12/2023,Turistas principales,Mundo (excluida España),5000_XES,Fuerteventura,196048.0
2023-M12,12/2023,Turistas principales,Mundo (excluida España),5000_XES,Gran Canaria,408392.0
2023-M12,12/2023,Turistas principales,Mundo (excluida España),5000_XES,Tenerife,565581.0
2023-M12,12/2023,Turistas principales,Mundo (excluida España),5000_XES,La Palma,14434.0
2024-M01,01/2024,Turistas principales,Mundo (excluida España),5000_XES,Lanzarote,228845.0
2024-M01,01/2024,Turistas principales,Mundo (excluida España),5000_XES,Fuerteventura,184362.0
2024-M01,01/2024,Turistas principales,Mundo (excluida España),5000_XES,Gran Canaria,383642.0
2024-M01,01/2024,Turistas principales,Mundo (excluida España),5000_XES,Tenerife,542988.0
2024-M01,01/2024,Turistas principales,Mundo (excluida España),5000_XES,La Palma,14993.0
2024-M02,02/2024,Turistas principales,Mundo (excluida España),5000_XES,Lanzarote,263283.0
2024-M02,02/2024,Turistas principales,Mundo (excluida España),5000_XES,Fuerteventura,204199.0
2024-M02,02/2024,Turistas principales,Mundo (excluida España),5000_XES,Gran Canaria,411005.0
2024-M02,02/2024,Turistas principales,Mundo (excluida España),5000_XES,Tenerife,569679.0
2024-M02,02/2024,Turistas principales,Mundo (excluida España),5000_XES,La Palma,13847.0
2024-M03,03/2024,Turistas principales,Mundo (excluida España),5000_XES,Lanzarote,287053.0
2024-M03,03/2024,Turistas principales,Mundo (excluida España),5000_XES,Fuerteventura,226050.0
2024-M03,03/2024,Turistas principales,Mundo (excluida España),5000_XES,Gran Canaria,437434.0
2024-M03,03/2024,Turistas principales,Mundo (excluida España),5000_XES,Tenerife,617375.0
2024-M03,03/2024,Turistas principales,Mundo (excluida España),5000_XES,La Palma,17127.0
2024-M04,04/2024,Turistas principales,Mundo (excluida España),5000_XES,Lanzarote,234522.0
2024-M04,04/2024,Turistas principales,Mundo (excluida España),5000_XES,Fuerteventura,178938.0
2024-M04,04/2024,Turistas principales,Mundo (excluida España),5000_XES,Gran Canaria,304596.0
2024-M04,04/2024,Turistas principales,Mundo (excluida España),5000_XES,Tenerife,498373.0
2024-M04,04/2024,Turistas principales,Mundo (excluida España),5000_XES,La Palma,9841.0
2024-M05,05/2024,Turistas principales,Mundo (excluida España),5000_XES,Lanzarote,218038.0
2024-M05,05/2024,Turistas principales,Mundo (excluida España),5000_XES,Fuerteventura,161306.0
2024-M05,05/2024,Turistas principales,Mundo (excluida España),5000_XES,Gran Canaria,247804.0
2024-M05,05/2024,Turistas principales,Mundo (excluida España),5000_XES,Tenerife,453010.0
2024-M05,05/2024,Turistas principales,Mundo (excluida España),5000_XES,La Palma,6921.0
2024-M06,06/2024,Turistas principales,Mundo (excluida España),5000_XES,Lanzarote,221367.0
2024-M06,06/2024,Turistas principales,Mundo (excluida España),5000_XES,Fuerteventura,168467.0
2024-M06,06/2024,Turistas principales,Mundo (excluida España),5000_XES,Gran Canaria,241320.0
2024-M06,06/2024,Turistas principales,Mundo (excluida España),5000_XES,Tenerife,442558.0
2024-M06,06/2024,Turistas principales,Mundo (excluida España),5000_XES,La Palma,5846.0
2024-M07,07/2024,Turistas principales,Mundo (excluida España),5000_XES,Lanzarote,241120.0
2024-M07,07/2024,Turistas principales,Mundo (excluida España),5000_XES,Fuerteventura,186579.0
2024-M07,07/2024,Turistas principales,Mundo (excluida España),5000_XES,Gran Canaria,277318.0
2024-M07,07/2024,Turistas principales,Mundo (excluida España),5000_XES,Tenerife,489411.0
2024-M07,07/2024,Turistas principales,Mundo (excluida España),5000_XES,La Palma,7306.0
2024-M08,08/2024,Turistas principales,Mundo (excluida España),5000_XES,Lanzarote,248959.0
2024-M08,08/2024,Turistas principales,Mundo (excluida España),5000_XES,Fuerteventura,189076.0
2024-M08,08/2024,Turistas principales,Mundo (excluida España),5000_XES,Gran Canaria,275379.0
2024-M08,08/2024,Turistas principales,Mundo (excluida España),5000_XES,Tenerife,487704.0
2024-M08,08/2024,Turistas principales,Mundo (excluida España),5000_XES,La Palma,8115.0
2024-M09,09/2024,Turistas principales,Mundo (excluida España),5000_XES,Lanzarote,223697.0
2024-M09,09/2024,Turistas principales,Mundo (excluida España),5000_XES,Fuerteventura,176725.0
2024-M09,09/2024,Turistas principales,Mundo (excluida España),5000_XES,Gran Canaria,260601.0
2024-M09,09/2024,Turistas principales,Mundo (excluida España),5000_XES,Tenerife,455922.0
2024-M09,09/2024,Turistas principales,Mundo (excluida España),5000_XES,La Palma,6531.0
2024-M10,10/2024,Turistas principales,Mundo (excluida España),5000_XES,Lanzarote,264029.0
2024-M10,10/2024,Turistas principales,Mundo (excluida España),5000_XES,Fuerteventura,208127.0
2024-M10,10/2024,Turistas principales,Mundo (excluida España),5000_XES,Gran Canaria,367338.0
2024-M10,10/2024,Turistas principales,Mundo (excluida España),5000_XES,Tenerife,545057.0
2024-M10,10/2024,Turistas principales,Mundo (excluida España),5000_XES,La Palma,9601.0
2024-M11,11/2024,Turistas principales,Mundo (excluida España),5000_XES,Lanzarote,258184.0
2024-M11,11/2024,Turistas principales,Mundo (excluida España),5000_XES,Fuerteventura,215142.0
2024-M11,11/2024,Turistas principales,Mundo (excluida España),5000_XES,Gran Canaria,410120.0
2024-M11,11/2024,Turistas principales,Mundo (excluida España),5000_XES,Tenerife,590168.0
2024-M11,11/2024,Turistas principales,Mundo (excluida España),5000_XES,La Palma,15789.0
2024-M12,12/2024,Turistas principales,Mundo (excluida España),5000_XES,Lanzarote,262564.0
2024-M12,12/2024,Turistas principales,Mundo (excluida España),5000_XES,Fuerteventura,216012.0
2024-M12,12/2024,Turistas principales,Mundo (excluida España),5000_XES,Gran Canaria,429752.0
2024-M12,12/2024,Turistas principales,Mundo (excluida España),5000_XES,Tenerife,619095.0
2024-M12,12/2024,Turistas principales,Mundo (excluida España),5000_XES,La Palma,14296.0
2025-M01,01/2025,Turistas principales,Mundo (excluida España),5000_XES,Lanzarote,239139.0
2025-M01,01/2025,Turistas principales,Mundo (excluida España),5000_XES,Fuerteventura,200451.0
2025-M01,01/2025,Turistas principales,Mundo (excluida España),5000_XES,Gran Canaria,407871.0
2025-M01,01/2025,Turistas principales,Mundo (excluida España),5000_XES,Tenerife,582539.0
2025-M01,01/2025,Turistas principales,Mundo (excluida España),5000_XES,La Palma,16431.0
2025-M02,02/2025,Turistas principales,Mundo (excluida España),5000_XES,Lanzarote,264001.0
2025-M02,02/2025,Turistas principales,Mundo (excluida España),5000_XES,Fuerteventura,220618.0
2025-M02,02/2025,Turistas principales,Mundo (excluida España),5000_XES,Gran Canaria,408077.0
2025-M02,02/2025,Turistas principales,Mundo (excluida España),5000_XES,Tenerife,593386.0
2025-M02,02/2025,Turistas principales,Mundo (excluida España),5000_XES,La Palma,15458.0
2025-M03,03/2025,Turistas principales,Mundo (excluida España),5000_XES,Lanzarote,283870.0
2025-M03,03/2025,Turistas principales,Mundo (excluida España),5000_XES,Fuerteventura,239825.0
2025-M03,03/2025,Turistas principales,Mundo (excluida España),5000_XES,Gran Canaria,432873.0
2025-M03,03/2025,Turistas principales,Mundo (excluida España),5000_XES,Tenerife,620114.0
2025-M03,03/2025,Turistas principales,Mundo (excluida España),5000_XES,La Palma,17184.0
2025-M04,04/2025,Turistas principales,Mundo (excluida España),5000_XES,Lanzarote,251023.0
2025-M04,04/2025,Turistas principales,Mundo (excluida España),5000_XES,Fuerteventura,209453.0
2025-M04,04/2025,Turistas principales,Mundo (excluida España),5000_XES,Gran Canaria,334779.0
2025-M04,04/2025,Turistas principales,Mundo (excluida España),5000_XES,Tenerife,536505.0
2025-M04,04/2025,Turistas principales,Mundo (excluida España),5000_XES,La Palma,12959.0
2025-M05,05/2025,Turistas principales,Mundo (excluida España),5000_XES,Lanzarote,225234.0
2025-M05,05/2025,Turistas principales,Mundo (excluida España),5000_XES,Fuerteventura,176022.0
2025-M05,05/2025,Turistas principales,Mundo (excluida España),5000_XES,Gran Canaria,256631.0
2025-M05,05/2025,Turistas principales,Mundo (excluida España),5000_XES,Tenerife,458084.0
2025-M05,05/2025,Turistas principales,Mundo (excluida España),5000_XES,La Palma,8115.0
2025-M06,06/2025,Turistas principales,Mundo (excluida España),5000_XES,Lanzarote,225562.0
2025-M06,06/2025,Turistas principales,Mundo (excluida España),5000_XES,Fuerteventura,184706.0
2025-M06,06/2025,Turistas principales,Mundo (excluida España),5000_XES,Gran Canaria,260387.0
2025-M06,06/2025,Turistas principales,Mundo (excluida España),5000_XES,Tenerife,454812.0
2025-M06,06/2025,Turistas principales,Mundo (excluida España),5000_XES,La Palma,6547.0
2025-M07,07/2025,Turistas principales,Mundo (excluida España),5000_XES,Lanzarote,257004.0
2025-M07,07/2025,Turistas principales,Mundo (excluida España),5000_XES,Fuerteventura,214031.0
2025-M07,07/2025,Turistas principales,Mundo (excluida España),5000_XES,Gran Canaria,301682.0
2025-M07,07/2025,Turistas principales,Mundo (excluida España),5000_XES,Tenerife,510425.0
2025-M07,07/2025,Turistas principales,Mundo (excluida España),5000_XES,La Palma,7809.0
2020-M01,01/2020,Turistas secundarios,Reino Unido,GB,Lanzarote,690.0
2020-M01,01/2020,Turistas secundarios,Reino Unido,GB,Fuerteventura,723.0
2020-M01,01/2020,Turistas secundarios,Reino Unido,GB,Gran Canaria,4007.0
2020-M01,01/2020,Turistas secundarios,Reino Unido,GB,Tenerife,375.0
2020-M01,01/2020,Turistas secundarios,Reino Unido,GB,La Palma,497.0
2020-M02,02/2020,Turistas secundarios,Reino Unido,GB,Lanzarote,91.0
2020-M02,02/2020,Turistas secundarios,Reino Unido,GB,Fuerteventura,264.0
2020-M02,02/2020,Turistas secundarios,Reino Unido,GB,Gran Canaria,178.0
2020-M02,02/2020,Turistas secundarios,Reino Unido,GB,Tenerife,712.0
2020-M02,02/2020,Turistas secundarios,Reino Unido,GB,La Palma,70.0
2020-M03,03/2020,Turistas secundarios,Reino Unido,GB,Lanzarote,114.0
2020-M03,03/2020,Turistas secundarios,Reino Unido,GB,Fuerteventura,147.0
2020-M03,03/2020,Turistas secundarios,Reino Unido,GB,Gran Canaria,34.0
2020-M03,03/2020,Turistas secundarios,Reino Unido,GB,Tenerife,294.0
2020-M03,03/2020,Turistas secundarios,Reino Unido,GB,La Palma,4.0
2020-M04,04/2020,Turistas secundarios,Reino Unido,GB,Lanzarote,
2020-M04,04/2020,Turistas secundarios,Reino Unido,GB,Fuerteventura,
2020-M04,04/2020,Turistas secundarios,Reino Unido,GB,Gran Canaria,
2020-M04,04/2020,Turistas secundarios,Reino Unido,GB,Tenerife,
2020-M04,04/2020,Turistas secundarios,Reino Unido,GB,La Palma,
2020-M05,05/2020,Turistas secundarios,Reino Unido,GB,Lanzarote,
2020-M05,05/2020,Turistas secundarios,Reino Unido,GB,Fuerteventura,
2020-M05,05/2020,Turistas secundarios,Reino Unido,GB,Gran Canaria,
2020-M05,05/2020,Turistas secundarios,Reino Unido,GB,Tenerife,
2020-M05,05/2020,Turistas secundarios,Reino Unido,GB,La Palma,
2020-M06,06/2020,Turistas secundarios,Reino Unido,GB,Lanzarote,
2020-M06,06/2020,Turistas secundarios,Reino Unido,GB,Fuerteventura,
2020-M06,06/2020,Turistas secundarios,Reino Unido,GB,Gran Canaria,
2020-M06,06/2020,Turistas secundarios,Reino Unido,GB,Tenerife,
2020-M06,06/2020,Turistas secundarios,Reino Unido,GB,La Palma,
2020-M07,07/2020,Turistas secundarios,Reino Unido,GB,Lanzarote,100.0
2020-M07,07/2020,Turistas secundarios,Reino Unido,GB,Fuerteventura,92.0
2020-M07,07/2020,Turistas secundarios,Reino Unido,GB,Gran Canaria,19.0
2020-M07,07/2020,Turistas secundarios,Reino Unido,GB,Tenerife,26.0
2020-M07,07/2020,Turistas secundarios,Reino Unido,GB,La Palma,
2020-M08,08/2020,Turistas secundarios,Reino Unido,GB,Lanzarote,208.0
2020-M08,08/2020,Turistas secundarios,Reino Unido,GB,Fuerteventura,41.0
2020-M08,08/2020,Turistas secundarios,Reino Unido,GB,Gran Canaria,80.0
2020-M08,08/2020,Turistas secundarios,Reino Unido,GB,Tenerife,30.0
2020-M08,08/2020,Turistas secundarios,Reino Unido,GB,La Palma,35.0
2020-M09,09/2020,Turistas secundarios,Reino Unido,GB,Lanzarote,14.0
2020-M09,09/2020,Turistas secundarios,Reino Unido,GB,Fuerteventura,24.0
2020-M09,09/2020,Turistas secundarios,Reino Unido,GB,Gran Canaria,163.0
2020-M09,09/2020,Turistas secundarios,Reino Unido,GB,Tenerife,5.0
2020-M09,09/2020,Turistas secundarios,Reino Unido,GB,La Palma,
2020-M10,10/2020,Turistas secundarios,Reino Unido,GB,Lanzarote,25.0
2020-M10,10/2020,Turistas secundarios,Reino Unido,GB,Fuerteventura,13.0
2020-M10,10/2020,Turistas secundarios,Reino Unido,GB,Gran Canaria,23.0
2020-M10,10/2020,Turistas secundarios,Reino Unido,GB,Tenerife,198.0
2020-M10,10/2020,Turistas secundarios,Reino Unido,GB,La Palma,
2020-M11,11/2020,Turistas secundarios,Reino Unido,GB,Lanzarote,36.0
2020-M11,11/2020,Turistas secundarios,Reino Unido,GB,Fuerteventura,27.0
2020-M11,11/2020,Turistas secundarios,Reino Unido,GB,Gran Canaria,22.0
2020-M11,11/2020,Turistas secundarios,Reino Unido,GB,Tenerife,183.0
2020-M11,11/2020,Turistas secundarios,Reino Unido,GB,La Palma,13.0
2020-M12,12/2020,Turistas secundarios,Reino Unido,GB,Lanzarote,163.0
2020-M12,12/2020,Turistas secundarios,Reino Unido,GB,Fuerteventura,99.0
2020-M12,12/2020,Turistas secundarios,Reino Unido,GB,Gran Canaria,174.0
2020-M12,12/2020,Turistas secundarios,Reino Unido,GB,Tenerife,368.0
2020-M12,12/2020,Turistas secundarios,Reino Unido,GB,La Palma,152.0
2021-M01,01/2021,Turistas secundarios,Reino Unido,GB,Lanzarote,45.0
2021-M01,01/2021,Turistas secundarios,Reino Unido,GB,Fuerteventura,13.0
2021-M01,01/2021,Turistas secundarios,Reino Unido,GB,Gran Canaria,31.0
2021-M01,01/2021,Turistas secundarios,Reino Unido,GB,Tenerife,62.0
2021-M01,01/2021,Turistas secundarios,Reino Unido,GB,La Palma,13.0
2021-M02,02/2021,Turistas secundarios,Reino Unido,GB,Lanzarote,42.0
2021-M02,02/2021,Turistas secundarios,Reino Unido,GB,Fuerteventura,36.0
2021-M02,02/2021,Turistas secundarios,Reino Unido,GB,Gran Canaria,36.0
2021-M02,02/2021,Turistas secundarios,Reino Unido,GB,Tenerife,135.0
2021-M02,02/2021,Turistas secundarios,Reino Unido,GB,La Palma,
2021-M03,03/2021,Turistas secundarios,Reino Unido,GB,Lanzarote,5.0
2021-M03,03/2021,Turistas secundarios,Reino Unido,GB,Fuerteventura,11.0
2021-M03,03/2021,Turistas secundarios,Reino Unido,GB,Gran Canaria,91.0
2021-M03,03/2021,Turistas secundarios,Reino Unido,GB,Tenerife,227.0
2021-M03,03/2021,Turistas secundarios,Reino Unido,GB,La Palma,26.0
2021-M04,04/2021,Turistas secundarios,Reino Unido,GB,Lanzarote,4.0
2021-M04,04/2021,Turistas secundarios,Reino Unido,GB,Fuerteventura,10.0
2021-M04,04/2021,Turistas secundarios,Reino Unido,GB,Gran Canaria,40.0
2021-M04,04/2021,Turistas secundarios,Reino Unido,GB,Tenerife,37.0
2021-M04,04/2021,Turistas secundarios,Reino Unido,GB,La Palma,9.0
2021-M05,05/2021,Turistas secundarios,Reino Unido,GB,Lanzarote,215.0
2021-M05,05/2021,Turistas secundarios,Reino Unido,GB,Fuerteventura,16.0
2021-M05,05/2021,Turistas secundarios,Reino Unido,GB,Gran Canaria,221.0
2021-M05,05/2021,Turistas secundarios,Reino Unido,GB,Tenerife,252.0
2021-M05,05/2021,Turistas secundarios,Reino Unido,GB,La Palma,46.0
2021-M06,06/2021,Turistas secundarios,Reino Unido,GB,Lanzarote,23.0
2021-M06,06/2021,Turistas secundarios,Reino Unido,GB,Fuerteventura,36.0
2021-M06,06/2021,Turistas secundarios,Reino Unido,GB,Gran Canaria,54.0
2021-M06,06/2021,Turistas secundarios,Reino Unido,GB,Tenerife,123.0
2021-M06,06/2021,Turistas secundarios,Reino Unido,GB,La Palma,25.0
2021-M07,07/2021,Turistas secundarios,Reino Unido,GB,Lanzarote,153.0
2021-M07,07/2021,Turistas secundarios,Reino Unido,GB,Fuerteventura,90.0
2021-M07,07/2021,Turistas secundarios,Reino Unido,GB,Gran Canaria,63.0
2021-M07,07/2021,Turistas secundarios,Reino Unido,GB,Tenerife,
2021-M07,07/2021,Turistas secundarios,Reino Unido,GB,La Palma,25.0
2021-M08,08/2021,Turistas secundarios,Reino Unido,GB,Lanzarote,12.0
2021-M08,08/2021,Turistas secundarios,Reino Unido,GB,Fuerteventura,
2021-M08,08/2021,Turistas secundarios,Reino Unido,GB,Gran Canaria,
2021-M08,08/2021,Turistas secundarios,Reino Unido,GB,Tenerife,276.0
2021-M08,08/2021,Turistas secundarios,Reino Unido,GB,La Palma,59.0
2021-M09,09/2021,Turistas secundarios,Reino Unido,GB,Lanzarote,37.0
2021-M09,09/2021,Turistas secundarios,Reino Unido,GB,Fuerteventura,181.0
2021-M09,09/2021,Turistas secundarios,Reino Unido,GB,Gran Canaria,
2021-M09,09/2021,Turistas secundarios,Reino Unido,GB,Tenerife,141.0
2021-M09,09/2021,Turistas secundarios,Reino Unido,GB,La Palma,
2021-M10,10/2021,Turistas secundarios,Reino Unido,GB,Lanzarote,41.0
2021-M10,10/2021,Turistas secundarios,Reino Unido,GB,Fuerteventura,314.0
2021-M10,10/2021,Turistas secundarios,Reino Unido,GB,Gran Canaria,41.0
2021-M10,10/2021,Turistas secundarios,Reino Unido,GB,Tenerife,390.0
2021-M10,10/2021,Turistas secundarios,Reino Unido,GB,La Palma,108.0
2021-M11,11/2021,Turistas secundarios,Reino Unido,GB,Lanzarote,277.0
2021-M11,11/2021,Turistas secundarios,Reino Unido,GB,Fuerteventura,170.0
2021-M11,11/2021,Turistas secundarios,Reino Unido,GB,Gran Canaria,63.0
2021-M11,11/2021,Turistas secundarios,Reino Unido,GB,Tenerife,179.0
2021-M11,11/2021,Turistas secundarios,Reino Unido,GB,La Palma,7.0
2021-M12,12/2021,Turistas secundarios,Reino Unido,GB,Lanzarote,120.0
2021-M12,12/2021,Turistas secundarios,Reino Unido,GB,Fuerteventura,206.0
2021-M12,12/2021,Turistas secundarios,Reino Unido,GB,Gran Canaria,48.0
2021-M12,12/2021,Turistas secundarios,Reino Unido,GB,Tenerife,513.0
2021-M12,12/2021,Turistas secundarios,Reino Unido,GB,La Palma,56.0
2022-M01,01/2022,Turistas secundarios,Reino Unido,GB,Lanzarote,747.0
2022-M01,01/2022,Turistas secundarios,Reino Unido,GB,Fuerteventura,724.0
2022-M01,01/2022,Turistas secundarios,Reino Unido,GB,Gran Canaria,1826.0
2022-M01,01/2022,Turistas secundarios,Reino Unido,GB,Tenerife,563.0
2022-M01,01/2022,Turistas secundarios,Reino Unido,GB,La Palma,485.0
2022-M02,02/2022,Turistas secundarios,Reino Unido,GB,Lanzarote,1044.0
2022-M02,02/2022,Turistas secundarios,Reino Unido,GB,Fuerteventura,1173.0
2022-M02,02/2022,Turistas secundarios,Reino Unido,GB,Gran Canaria,699.0
2022-M02,02/2022,Turistas secundarios,Reino Unido,GB,Tenerife,454.0
2022-M02,02/2022,Turistas secundarios,Reino Unido,GB,La Palma,222.0
2022-M03,03/2022,Turistas secundarios,Reino Unido,GB,Lanzarote,1345.0
2022-M03,03/2022,Turistas secundarios,Reino Unido,GB,Fuerteventura,791.0
2022-M03,03/2022,Turistas secundarios,Reino Unido,GB,Gran Canaria,1384.0
2022-M03,03/2022,Turistas secundarios,Reino Unido,GB,Tenerife,396.0
2022-M03,03/2022,Turistas secundarios,Reino Unido,GB,La Palma,1047.0
2022-M04,04/2022,Turistas secundarios,Reino Unido,GB,Lanzarote,3881.0
2022-M04,04/2022,Turistas secundarios,Reino Unido,GB,Fuerteventura,1715.0
2022-M04,04/2022,Turistas secundarios,Reino Unido,GB,Gran Canaria,2193.0
2022-M04,04/2022,Turistas secundarios,Reino Unido,GB,Tenerife,2063.0
2022-M04,04/2022,Turistas secundarios,Reino Unido,GB,La Palma,3435.0
2022-M05,05/2022,Turistas secundarios,Reino Unido,GB,Lanzarote,2202.0
2022-M05,05/2022,Turistas secundarios,Reino Unido,GB,Fuerteventura,495.0
2022-M05,05/2022,Turistas secundarios,Reino Unido,GB,Gran Canaria,2018.0
2022-M05,05/2022,Turistas secundarios,Reino Unido,GB,Tenerife,246.0
2022-M05,05/2022,Turistas secundarios,Reino Unido,GB,La Palma,2088.0
2022-M06,06/2022,Turistas secundarios,Reino Unido,GB,Lanzarote,228.0
2022-M06,06/2022,Turistas secundarios,Reino Unido,GB,Fuerteventura,
2022-M06,06/2022,Turistas secundarios,Reino Unido,GB,Gran Canaria,293.0
2022-M06,06/2022,Turistas secundarios,Reino Unido,GB,Tenerife,22.0
2022-M06,06/2022,Turistas secundarios,Reino Unido,GB,La Palma,285.0
2022-M07,07/2022,Turistas secundarios,Reino Unido,GB,Lanzarote,285.0
2022-M07,07/2022,Turistas secundarios,Reino Unido,GB,Fuerteventura,275.0
2022-M07,07/2022,Turistas secundarios,Reino Unido,GB,Gran Canaria,34.0
2022-M07,07/2022,Turistas secundarios,Reino Unido,GB,Tenerife,1241.0
2022-M07,07/2022,Turistas secundarios,Reino Unido,GB,La Palma,
2022-M08,08/2022,Turistas secundarios,Reino Unido,GB,Lanzarote,387.0
2022-M08,08/2022,Turistas secundarios,Reino Unido,GB,Fuerteventura,213.0
2022-M08,08/2022,Turistas secundarios,Reino Unido,GB,Gran Canaria,195.0
2022-M08,08/2022,Turistas secundarios,Reino Unido,GB,Tenerife,202.0
2022-M08,08/2022,Turistas secundarios,Reino Unido,GB,La Palma,111.0
2022-M09,09/2022,Turistas secundarios,Reino Unido,GB,Lanzarote,659.0
2022-M09,09/2022,Turistas secundarios,Reino Unido,GB,Fuerteventura,57.0
2022-M09,09/2022,Turistas secundarios,Reino Unido,GB,Gran Canaria,433.0
2022-M09,09/2022,Turistas secundarios,Reino Unido,GB,Tenerife,326.0
2022-M09,09/2022,Turistas secundarios,Reino Unido,GB,La Palma,88.0
2022-M10,10/2022,Turistas secundarios,Reino Unido,GB,Lanzarote,3896.0
2022-M10,10/2022,Turistas secundarios,Reino Unido,GB,Fuerteventura,187.0
2022-M10,10/2022,Turistas secundarios,Reino Unido,GB,Gran Canaria,274.0
2022-M10,10/2022,Turistas secundarios,Reino Unido,GB,Tenerife,794.0
2022-M10,10/2022,Turistas secundarios,Reino Unido,GB,La Palma,4.0
2022-M11,11/2022,Turistas secundarios,Reino Unido,GB,Lanzarote,442.0
2022-M11,11/2022,Turistas secundarios,Reino Unido,GB,Fuerteventura,1028.0
2022-M11,11/2022,Turistas secundarios,Reino Unido,GB,Gran Canaria,521.0
2022-M11,11/2022,Turistas secundarios,Reino Unido,GB,Tenerife,1462.0
2022-M11,11/2022,Turistas secundarios,Reino Unido,GB,La Palma,524.0
2022-M12,12/2022,Turistas secundarios,Reino Unido,GB,Lanzarote,3419.0
2022-M12,12/2022,Turistas secundarios,Reino Unido,GB,Fuerteventura,4743.0
2022-M12,12/2022,Turistas secundarios,Reino Unido,GB,Gran Canaria,2804.0
2022-M12,12/2022,Turistas secundarios,Reino Unido,GB,Tenerife,1647.0
2022-M12,12/2022,Turistas secundarios,Reino Unido,GB,La Palma,4016.0
2023-M01,01/2023,Turistas secundarios,Reino Unido,GB,Lanzarote,2820.0
2023-M01,01/2023,Turistas secundarios,Reino Unido,GB,Fuerteventura,2357.0
2023-M01,01/2023,Turistas secundarios,Reino Unido,GB,Gran Canaria,1322.0
2023-M01,01/2023,Turistas secundarios,Reino Unido,GB,Tenerife,1741.0
2023-M01,01/2023,Turistas secundarios,Reino Unido,GB,La Palma,1396.0
2023-M02,02/2023,Turistas secundarios,Reino Unido,GB,Lanzarote,2870.0
2023-M02,02/2023,Turistas secundarios,Reino Unido,GB,Fuerteventura,3001.0
2023-M02,02/2023,Turistas secundarios,Reino Unido,GB,Gran Canaria,1288.0
2023-M02,02/2023,Turistas secundarios,Reino Unido,GB,Tenerife,1778.0
2023-M02,02/2023,Turistas secundarios,Reino Unido,GB,La Palma,1822.0
2023-M03,03/2023,Turistas secundarios,Reino Unido,GB,Lanzarote,2669.0
2023-M03,03/2023,Turistas secundarios,Reino Unido,GB,Fuerteventura,2248.0
2023-M03,03/2023,Turistas secundarios,Reino Unido,GB,Gran Canaria,1836.0
2023-M03,03/2023,Turistas secundarios,Reino Unido,GB,Tenerife,2828.0
2023-M03,03/2023,Turistas secundarios,Reino Unido,GB,La Palma,2150.0
2023-M04,04/2023,Turistas secundarios,Reino Unido,GB,Lanzarote,3134.0
2023-M04,04/2023,Turistas secundarios,Reino Unido,GB,Fuerteventura,1763.0
2023-M04,04/2023,Turistas secundarios,Reino Unido,GB,Gran Canaria,3277.0
2023-M04,04/2023,Turistas secundarios,Reino Unido,GB,Tenerife,720.0
2023-M04,04/2023,Turistas secundarios,Reino Unido,GB,La Palma,3069.0
2023-M05,05/2023,Turistas secundarios,Reino Unido,GB,Lanzarote,1935.0
2023-M05,05/2023,Turistas secundarios,Reino Unido,GB,Fuerteventura,1657.0
2023-M05,05/2023,Turistas secundarios,Reino Unido,GB,Gran Canaria,1989.0
2023-M05,05/2023,Turistas secundarios,Reino Unido,GB,Tenerife,119.0
2023-M05,05/2023,Turistas secundarios,Reino Unido,GB,La Palma,1947.0
2023-M06,06/2023,Turistas secundarios,Reino Unido,GB,Lanzarote,506.0
2023-M06,06/2023,Turistas secundarios,Reino Unido,GB,Fuerteventura,367.0
2023-M06,06/2023,Turistas secundarios,Reino Unido,GB,Gran Canaria,466.0
2023-M06,06/2023,Turistas secundarios,Reino Unido,GB,Tenerife,248.0
2023-M06,06/2023,Turistas secundarios,Reino Unido,GB,La Palma,307.0
2023-M07,07/2023,Turistas secundarios,Reino Unido,GB,Lanzarote,119.0
2023-M07,07/2023,Turistas secundarios,Reino Unido,GB,Fuerteventura,550.0
2023-M07,07/2023,Turistas secundarios,Reino Unido,GB,Gran Canaria,276.0
2023-M07,07/2023,Turistas secundarios,Reino Unido,GB,Tenerife,110.0
2023-M07,07/2023,Turistas secundarios,Reino Unido,GB,La Palma,169.0
2023-M08,08/2023,Turistas secundarios,Reino Unido,GB,Lanzarote,741.0
2023-M08,08/2023,Turistas secundarios,Reino Unido,GB,Fuerteventura,273.0
2023-M08,08/2023,Turistas secundarios,Reino Unido,GB,Gran Canaria,153.0
2023-M08,08/2023,Turistas secundarios,Reino Unido,GB,Tenerife,102.0
2023-M08,08/2023,Turistas secundarios,Reino Unido,GB,La Palma,
2023-M09,09/2023,Turistas secundarios,Reino Unido,GB,Lanzarote,300.0
2023-M09,09/2023,Turistas secundarios,Reino Unido,GB,Fuerteventura,83.0
2023-M09,09/2023,Turistas secundarios,Reino Unido,GB,Gran Canaria,120.0
2023-M09,09/2023,Turistas secundarios,Reino Unido,GB,Tenerife,719.0
2023-M09,09/2023,Turistas secundarios,Reino Unido,GB,La Palma,167.0
2023-M10,10/2023,Turistas secundarios,Reino Unido,GB,Lanzarote,339.0
2023-M10,10/2023,Turistas secundarios,Reino Unido,GB,Fuerteventura,592.0
2023-M10,10/2023,Turistas secundarios,Reino Unido,GB,Gran Canaria,456.0
2023-M10,10/2023,Turistas secundarios,Reino Unido,GB,Tenerife,607.0
2023-M10,10/2023,Turistas secundarios,Reino Unido,GB,La Palma,273.0
2023-M11,11/2023,Turistas secundarios,Reino Unido,GB,Lanzarote,11828.0
2023-M11,11/2023,Turistas secundarios,Reino Unido,GB,Fuerteventura,8955.0
2023-M11,11/2023,Turistas secundarios,Reino Unido,GB,Gran Canaria,12826.0
2023-M11,11/2023,Turistas secundarios,Reino Unido,GB,Tenerife,1410.0
2023-M11,11/2023,Turistas secundarios,Reino Unido,GB,La Palma,7981.0
2023-M12,12/2023,Turistas secundarios,Reino Unido,GB,Lanzarote,15517.0
2023-M12,12/2023,Turistas secundarios,Reino Unido,GB,Fuerteventura,13756.0
2023-M12,12/2023,Turistas secundarios,Reino Unido,GB,Gran Canaria,17629.0
2023-M12,12/2023,Turistas secundarios,Reino Unido,GB,Tenerife,727.0
2023-M12,12/2023,Turistas secundarios,Reino Unido,GB,La Palma,13030.0
2024-M01,01/2024,Turistas secundarios,Reino Unido,GB,Lanzarote,9870.0
2024-M01,01/2024,Turistas secundarios,Reino Unido,GB,Fuerteventura,10201.0
2024-M01,01/2024,Turistas secundarios,Reino Unido,GB,Gran Canaria,11624.0
2024-M01,01/2024,Turistas secundarios,Reino Unido,GB,Tenerife,2463.0
2024-M01,01/2024,Turistas secundarios,Reino Unido,GB,La Palma,8447.0
2024-M02,02/2024,Turistas secundarios,Reino Unido,GB,Lanzarote,5660.0
2024-M02,02/2024,Turistas secundarios,Reino Unido,GB,Fuerteventura,6051.0
2024-M02,02/2024,Turistas secundarios,Reino Unido,GB,Gran Canaria,1475.0
2024-M02,02/2024,Turistas secundarios,Reino Unido,GB,Tenerife,4279.0
2024-M02,02/2024,Turistas secundarios,Reino Unido,GB,La Palma,2455.0
2024-M03,03/2024,Turistas secundarios,Reino Unido,GB,Lanzarote,3805.0
2024-M03,03/2024,Turistas secundarios,Reino Unido,GB,Fuerteventura,2763.0
2024-M03,03/2024,Turistas secundarios,Reino Unido,GB,Gran Canaria,3632.0
2024-M03,03/2024,Turistas secundarios,Reino Unido,GB,Tenerife,714.0
2024-M03,03/2024,Turistas secundarios,Reino Unido,GB,La Palma,2769.0
2024-M04,04/2024,Turistas secundarios,Reino Unido,GB,Lanzarote,3538.0
2024-M04,04/2024,Turistas secundarios,Reino Unido,GB,Fuerteventura,3684.0
2024-M04,04/2024,Turistas secundarios,Reino Unido,GB,Gran Canaria,4690.0
2024-M04,04/2024,Turistas secundarios,Reino Unido,GB,Tenerife,421.0
2024-M04,04/2024,Turistas secundarios,Reino Unido,GB,La Palma,3427.0
2024-M05,05/2024,Turistas secundarios,Reino Unido,GB,Lanzarote,2867.0
2024-M05,05/2024,Turistas secundarios,Reino Unido,GB,Fuerteventura,2714.0
2024-M05,05/2024,Turistas secundarios,Reino Unido,GB,Gran Canaria,2778.0
2024-M05,05/2024,Turistas secundarios,Reino Unido,GB,Tenerife,386.0
2024-M05,05/2024,Turistas secundarios,Reino Unido,GB,La Palma,2267.0
2024-M06,06/2024,Turistas secundarios,Reino Unido,GB,Lanzarote,3386.0
2024-M06,06/2024,Turistas secundarios,Reino Unido,GB,Fuerteventura,4180.0
2024-M06,06/2024,Turistas secundarios,Reino Unido,GB,Gran Canaria,3838.0
2024-M06,06/2024,Turistas secundarios,Reino Unido,GB,Tenerife,675.0
2024-M06,06/2024,Turistas secundarios,Reino Unido,GB,La Palma,3696.0
2024-M07,07/2024,Turistas secundarios,Reino Unido,GB,Lanzarote,2940.0
2024-M07,07/2024,Turistas secundarios,Reino Unido,GB,Fuerteventura,3085.0
2024-M07,07/2024,Turistas secundarios,Reino Unido,GB,Gran Canaria,3136.0
2024-M07,07/2024,Turistas secundarios,Reino Unido,GB,Tenerife,954.0
2024-M07,07/2024,Turistas secundarios,Reino Unido,GB,La Palma,2839.0
2024-M08,08/2024,Turistas secundarios,Reino Unido,GB,Lanzarote,1165.0
2024-M08,08/2024,Turistas secundarios,Reino Unido,GB,Fuerteventura,995.0
2024-M08,08/2024,Turistas secundarios,Reino Unido,GB,Gran Canaria,1070.0
2024-M08,08/2024,Turistas secundarios,Reino Unido,GB,Tenerife,770.0
2024-M08,08/2024,Turistas secundarios,Reino Unido,GB,La Palma,782.0
2024-M09,09/2024,Turistas secundarios,Reino Unido,GB,Lanzarote,385.0
2024-M09,09/2024,Turistas secundarios,Reino Unido,GB,Fuerteventura,224.0
2024-M09,09/2024,Turistas secundarios,Reino Unido,GB,Gran Canaria,
2024-M09,09/2024,Turistas secundarios,Reino Unido,GB,Tenerife,394.0
2024-M09,09/2024,Turistas secundarios,Reino Unido,GB,La Palma,80.0
2024-M10,10/2024,Turistas secundarios,Reino Unido,GB,Lanzarote,15.0
2024-M10,10/2024,Turistas secundarios,Reino Unido,GB,Fuerteventura,15.0
2024-M10,10/2024,Turistas secundarios,Reino Unido,GB,Gran Canaria,345.0
2024-M10,10/2024,Turistas secundarios,Reino Unido,GB,Tenerife,1257.0
2024-M10,10/2024,Turistas secundarios,Reino Unido,GB,La Palma,59.0
2024-M11,11/2024,Turistas secundarios,Reino Unido,GB,Lanzarote,5686.0
2024-M11,11/2024,Turistas secundarios,Reino Unido,GB,Fuerteventura,6327.0
2024-M11,11/2024,Turistas secundarios,Reino Unido,GB,Gran Canaria,6152.0
2024-M11,11/2024,Turistas secundarios,Reino Unido,GB,Tenerife,784.0
2024-M11,11/2024,Turistas secundarios,Reino Unido,GB,La Palma,6174.0
2024-M12,12/2024,Turistas secundarios,Reino Unido,GB,Lanzarote,15080.0
2024-M12,12/2024,Turistas secundarios,Reino Unido,GB,Fuerteventura,13003.0
2024-M12,12/2024,Turistas secundarios,Reino Unido,GB,Gran Canaria,14528.0
2024-M12,12/2024,Turistas secundarios,Reino Unido,GB,Tenerife,2356.0
2024-M12,12/2024,Turistas secundarios,Reino Unido,GB,La Palma,12612.0
2025-M01,01/2025,Turistas secundarios,Reino Unido,GB,Lanzarote,5145.0
2025-M01,01/2025,Turistas secundarios,Reino Unido,GB,Fuerteventura,5211.0
2025-M01,01/2025,Turistas secundarios,Reino Unido,GB,Gran Canaria,4950.0
2025-M01,01/2025,Turistas secundarios,Reino Unido,GB,Tenerife,1452.0
2025-M01,01/2025,Turistas secundarios,Reino Unido,GB,La Palma,1612.0
2025-M02,02/2025,Turistas secundarios,Reino Unido,GB,Lanzarote,17133.0
2025-M02,02/2025,Turistas secundarios,Reino Unido,GB,Fuerteventura,12568.0
2025-M02,02/2025,Turistas secundarios,Reino Unido,GB,Gran Canaria,14470.0
2025-M02,02/2025,Turistas secundarios,Reino Unido,GB,Tenerife,3845.0
2025-M02,02/2025,Turistas secundarios,Reino Unido,GB,La Palma,8892.0
2025-M03,03/2025,Turistas secundarios,Reino Unido,GB,Lanzarote,14153.0
2025-M03,03/2025,Turistas secundarios,Reino Unido,GB,Fuerteventura,9135.0
2025-M03,03/2025,Turistas secundarios,Reino Unido,GB,Gran Canaria,14397.0
2025-M03,03/2025,Turistas secundarios,Reino Unido,GB,Tenerife,1018.0
2025-M03,03/2025,Turistas secundarios,Reino Unido,GB,La Palma,7951.0
2025-M04,04/2025,Turistas secundarios,Reino Unido,GB,Lanzarote,7229.0
2025-M04,04/2025,Turistas secundarios,Reino Unido,GB,Fuerteventura,5818.0
2025-M04,04/2025,Turistas secundarios,Reino Unido,GB,Gran Canaria,8677.0
2025-M04,04/2025,Turistas secundarios,Reino Unido,GB,Tenerife,7027.0
2025-M04,04/2025,Turistas secundarios,Reino Unido,GB,La Palma,3879.0
2025-M05,05/2025,Turistas secundarios,Reino Unido,GB,Lanzarote,3824.0
2025-M05,05/2025,Turistas secundarios,Reino Unido,GB,Fuerteventura,3913.0
2025-M05,05/2025,Turistas secundarios,Reino Unido,GB,Gran Canaria,3787.0
2025-M05,05/2025,Turistas secundarios,Reino Unido,GB,Tenerife,424.0
2025-M05,05/2025,Turistas secundarios,Reino Unido,GB,La Palma,1917.0
2025-M06,06/2025,Turistas secundarios,Reino Unido,GB,Lanzarote,2511.0
2025-M06,06/2025,Turistas secundarios,Reino Unido,GB,Fuerteventura,2174.0
2025-M06,06/2025,Turistas secundarios,Reino Unido,GB,Gran Canaria,2590.0
2025-M06,06/2025,Turistas secundarios,Reino Unido,GB,Tenerife,106.0
2025-M06,06/2025,Turistas secundarios,Reino Unido,GB,La Palma,1134.0
2025-M07,07/2025,Turistas secundarios,Reino Unido,GB,Lanzarote,1800.0
2025-M07,07/2025,Turistas secundarios,Reino Unido,GB,Fuerteventura,592.0
2025-M07,07/2025,Turistas secundarios,Reino Unido,GB,Gran Canaria,782.0
2025-M07,07/2025,Turistas secundarios,Reino Unido,GB,Tenerife,1124.0
2025-M07,07/2025,Turistas secundarios,Reino Unido,GB,La Palma,292.0
2020-M01,01/2020,Turistas secundarios,Italia,IT,Lanzarote,375.0
2020-M01,01/2020,Turistas secundarios,Italia,IT,Fuerteventura,250.0
2020-M01,01/2020,Turistas secundarios,Italia,IT,Gran Canaria,32.0
2020-M01,01/2020,Turistas secundarios,Italia,IT,Tenerife,446.0
2020-M01,01/2020,Turistas secundarios,Italia,IT,La Palma,51.0
2020-M02,02/2020,Turistas secundarios,Italia,IT,Lanzarote,24.0
2020-M02,02/2020,Turistas secundarios,Italia,IT,Fuerteventura,122.0
2020-M02,02/2020,Turistas secundarios,Italia,IT,Gran Canaria,4.0
2020-M02,02/2020,Turistas secundarios,Italia,IT,Tenerife,85.0
2020-M02,02/2020,Turistas secundarios,Italia,IT,La Palma,2.0
2020-M03,03/2020,Turistas secundarios,Italia,IT,Lanzarote,146.0
2020-M03,03/2020,Turistas secundarios,Italia,IT,Fuerteventura,9.0
2020-M03,03/2020,Turistas secundarios,Italia,IT,Gran Canaria,31.0
2020-M03,03/2020,Turistas secundarios,Italia,IT,Tenerife,52.0
2020-M03,03/2020,Turistas secundarios,Italia,IT,La Palma,86.0
2020-M04,04/2020,Turistas secundarios,Italia,IT,Lanzarote,
2020-M04,04/2020,Turistas secundarios,Italia,IT,Fuerteventura,
2020-M04,04/2020,Turistas secundarios,Italia,IT,Gran Canaria,
2020-M04,04/2020,Turistas secundarios,Italia,IT,Tenerife,
2020-M04,04/2020,Turistas secundarios,Italia,IT,La Palma,
2020-M05,05/2020,Turistas secundarios,Italia,IT,Lanzarote,
2020-M05,05/2020,Turistas secundarios,Italia,IT,Fuerteventura,
2020-M05,05/2020,Turistas secundarios,Italia,IT,Gran Canaria,
2020-M05,05/2020,Turistas secundarios,Italia,IT,Tenerife,
2020-M05,05/2020,Turistas secundarios,Italia,IT,La Palma,
2020-M06,06/2020,Turistas secundarios,Italia,IT,Lanzarote,
2020-M06,06/2020,Turistas secundarios,Italia,IT,Fuerteventura,6.0
2020-M06,06/2020,Turistas secundarios,Italia,IT,Gran Canaria,
2020-M06,06/2020,Turistas secundarios,Italia,IT,Tenerife,
2020-M06,06/2020,Turistas secundarios,Italia,IT,La Palma,
2020-M07,07/2020,Turistas secundarios,Italia,IT,Lanzarote,46.0
2020-M07,07/2020,Turistas secundarios,Italia,IT,Fuerteventura,27.0
2020-M07,07/2020,Turistas secundarios,Italia,IT,Gran Canaria,16.0
2020-M07,07/2020,Turistas secundarios,Italia,IT,Tenerife,15.0
2020-M07,07/2020,Turistas secundarios,Italia,IT,La Palma,16.0
2020-M08,08/2020,Turistas secundarios,Italia,IT,Lanzarote,168.0
2020-M08,08/2020,Turistas secundarios,Italia,IT,Fuerteventura,284.0
2020-M08,08/2020,Turistas secundarios,Italia,IT,Gran Canaria,122.0
2020-M08,08/2020,Turistas secundarios,Italia,IT,Tenerife,19.0
2020-M08,08/2020,Turistas secundarios,Italia,IT,La Palma,24.0
2020-M09,09/2020,Turistas secundarios,Italia,IT,Lanzarote,90.0
2020-M09,09/2020,Turistas secundarios,Italia,IT,Fuerteventura,109.0
2020-M09,09/2020,Turistas secundarios,Italia,IT,Gran Canaria,20.0
2020-M09,09/2020,Turistas secundarios,Italia,IT,Tenerife,56.0
2020-M09,09/2020,Turistas secundarios,Italia,IT,La Palma,53.0
2020-M10,10/2020,Turistas secundarios,Italia,IT,Lanzarote,207.0
2020-M10,10/2020,Turistas secundarios,Italia,IT,Fuerteventura,99.0
2020-M10,10/2020,Turistas secundarios,Italia,IT,Gran Canaria,68.0
2020-M10,10/2020,Turistas secundarios,Italia,IT,Tenerife,32.0
2020-M10,10/2020,Turistas secundarios,Italia,IT,La Palma,89.0
2020-M11,11/2020,Turistas secundarios,Italia,IT,Lanzarote,46.0
2020-M11,11/2020,Turistas secundarios,Italia,IT,Fuerteventura,51.0
2020-M11,11/2020,Turistas secundarios,Italia,IT,Gran Canaria,69.0
2020-M11,11/2020,Turistas secundarios,Italia,IT,Tenerife,73.0
2020-M11,11/2020,Turistas secundarios,Italia,IT,La Palma,
2020-M12,12/2020,Turistas secundarios,Italia,IT,Lanzarote,16.0
2020-M12,12/2020,Turistas secundarios,Italia,IT,Fuerteventura,4.0
2020-M12,12/2020,Turistas secundarios,Italia,IT,Gran Canaria,3.0
2020-M12,12/2020,Turistas secundarios,Italia,IT,Tenerife,31.0
2020-M12,12/2020,Turistas secundarios,Italia,IT,La Palma,11.0
2021-M01,01/2021,Turistas secundarios,Italia,IT,Lanzarote,37.0
2021-M01,01/2021,Turistas secundarios,Italia,IT,Fuerteventura,13.0
2021-M01,01/2021,Turistas secundarios,Italia,IT,Gran Canaria,43.0
2021-M01,01/2021,Turistas secundarios,Italia,IT,Tenerife,56.0
2021-M01,01/2021,Turistas secundarios,Italia,IT,La Palma,56.0
2021-M02,02/2021,Turistas secundarios,Italia,IT,Lanzarote,24.0
2021-M02,02/2021,Turistas secundarios,Italia,IT,Fuerteventura,8.0
2021-M02,02/2021,Turistas secundarios,Italia,IT,Gran Canaria,75.0
2021-M02,02/2021,Turistas secundarios,Italia,IT,Tenerife,136.0
2021-M02,02/2021,Turistas secundarios,Italia,IT,La Palma,
2021-M03,03/2021,Turistas secundarios,Italia,IT,Lanzarote,181.0
2021-M03,03/2021,Turistas secundarios,Italia,IT,Fuerteventura,65.0
2021-M03,03/2021,Turistas secundarios,Italia,IT,Gran Canaria,132.0
2021-M03,03/2021,Turistas secundarios,Italia,IT,Tenerife,91.0
2021-M03,03/2021,Turistas secundarios,Italia,IT,La Palma,52.0
2021-M04,04/2021,Turistas secundarios,Italia,IT,Lanzarote,173.0
2021-M04,04/2021,Turistas secundarios,Italia,IT,Fuerteventura,23.0
2021-M04,04/2021,Turistas secundarios,Italia,IT,Gran Canaria,183.0
2021-M04,04/2021,Turistas secundarios,Italia,IT,Tenerife,144.0
2021-M04,04/2021,Turistas secundarios,Italia,IT,La Palma,67.0
2021-M05,05/2021,Turistas secundarios,Italia,IT,Lanzarote,133.0
2021-M05,05/2021,Turistas secundarios,Italia,IT,Fuerteventura,129.0
2021-M05,05/2021,Turistas secundarios,Italia,IT,Gran Canaria,186.0
2021-M05,05/2021,Turistas secundarios,Italia,IT,Tenerife,246.0
2021-M05,05/2021,Turistas secundarios,Italia,IT,La Palma,37.0
2021-M06,06/2021,Turistas secundarios,Italia,IT,Lanzarote,163.0
2021-M06,06/2021,Turistas secundarios,Italia,IT,Fuerteventura,195.0
2021-M06,06/2021,Turistas secundarios,Italia,IT,Gran Canaria,263.0
2021-M06,06/2021,Turistas secundarios,Italia,IT,Tenerife,81.0
2021-M06,06/2021,Turistas secundarios,Italia,IT,La Palma,112.0
2021-M07,07/2021,Turistas secundarios,Italia,IT,Lanzarote,27.0
2021-M07,07/2021,Turistas secundarios,Italia,IT,Fuerteventura,231.0
2021-M07,07/2021,Turistas secundarios,Italia,IT,Gran Canaria,177.0
2021-M07,07/2021,Turistas secundarios,Italia,IT,Tenerife,150.0
2021-M07,07/2021,Turistas secundarios,Italia,IT,La Palma,
2021-M08,08/2021,Turistas secundarios,Italia,IT,Lanzarote,814.0
2021-M08,08/2021,Turistas secundarios,Italia,IT,Fuerteventura,743.0
2021-M08,08/2021,Turistas secundarios,Italia,IT,Gran Canaria,314.0
2021-M08,08/2021,Turistas secundarios,Italia,IT,Tenerife,96.0
2021-M08,08/2021,Turistas secundarios,Italia,IT,La Palma,
2021-M09,09/2021,Turistas secundarios,Italia,IT,Lanzarote,231.0
2021-M09,09/2021,Turistas secundarios,Italia,IT,Fuerteventura,338.0
2021-M09,09/2021,Turistas secundarios,Italia,IT,Gran Canaria,33.0
2021-M09,09/2021,Turistas secundarios,Italia,IT,Tenerife,54.0
2021-M09,09/2021,Turistas secundarios,Italia,IT,La Palma,27.0
2021-M10,10/2021,Turistas secundarios,Italia,IT,Lanzarote,217.0
2021-M10,10/2021,Turistas secundarios,Italia,IT,Fuerteventura,278.0
2021-M10,10/2021,Turistas secundarios,Italia,IT,Gran Canaria,98.0
2021-M10,10/2021,Turistas secundarios,Italia,IT,Tenerife,36.0
2021-M10,10/2021,Turistas secundarios,Italia,IT,La Palma,96.0
2021-M11,11/2021,Turistas secundarios,Italia,IT,Lanzarote,273.0
2021-M11,11/2021,Turistas secundarios,Italia,IT,Fuerteventura,354.0
2021-M11,11/2021,Turistas secundarios,Italia,IT,Gran Canaria,126.0
2021-M11,11/2021,Turistas secundarios,Italia,IT,Tenerife,65.0
2021-M11,11/2021,Turistas secundarios,Italia,IT,La Palma,68.0
2021-M12,12/2021,Turistas secundarios,Italia,IT,Lanzarote,335.0
2021-M12,12/2021,Turistas secundarios,Italia,IT,Fuerteventura,381.0
2021-M12,12/2021,Turistas secundarios,Italia,IT,Gran Canaria,139.0
2021-M12,12/2021,Turistas secundarios,Italia,IT,Tenerife,499.0
2021-M12,12/2021,Turistas secundarios,Italia,IT,La Palma,86.0
2022-M01,01/2022,Turistas secundarios,Italia,IT,Lanzarote,279.0
2022-M01,01/2022,Turistas secundarios,Italia,IT,Fuerteventura,204.0
2022-M01,01/2022,Turistas secundarios,Italia,IT,Gran Canaria,221.0
2022-M01,01/2022,Turistas secundarios,Italia,IT,Tenerife,616.0
2022-M01,01/2022,Turistas secundarios,Italia,IT,La Palma,2.0
2022-M02,02/2022,Turistas secundarios,Italia,IT,Lanzarote,78.0
2022-M02,02/2022,Turistas secundarios,Italia,IT,Fuerteventura,119.0
2022-M02,02/2022,Turistas secundarios,Italia,IT,Gran Canaria,52.0
2022-M02,02/2022,Turistas secundarios,Italia,IT,Tenerife,365.0
2022-M02,02/2022,Turistas secundarios,Italia,IT,La Palma,35.0
2022-M03,03/2022,Turistas secundarios,Italia,IT,Lanzarote,53.0
2022-M03,03/2022,Turistas secundarios,Italia,IT,Fuerteventura,235.0
2022-M03,03/2022,Turistas secundarios,Italia,IT,Gran Canaria,272.0
2022-M03,03/2022,Turistas secundarios,Italia,IT,Tenerife,49.0
2022-M03,03/2022,Turistas secundarios,Italia,IT,La Palma,257.0
2022-M04,04/2022,Turistas secundarios,Italia,IT,Lanzarote,
2022-M04,04/2022,Turistas secundarios,Italia,IT,Fuerteventura,80.0
2022-M04,04/2022,Turistas secundarios,Italia,IT,Gran Canaria,178.0
2022-M04,04/2022,Turistas secundarios,Italia,IT,Tenerife,128.0
2022-M04,04/2022,Turistas secundarios,Italia,IT,La Palma,177.0
2022-M05,05/2022,Turistas secundarios,Italia,IT,Lanzarote,86.0
2022-M05,05/2022,Turistas secundarios,Italia,IT,Fuerteventura,125.0
2022-M05,05/2022,Turistas secundarios,Italia,IT,Gran Canaria,19.0
2022-M05,05/2022,Turistas secundarios,Italia,IT,Tenerife,40.0
2022-M05,05/2022,Turistas secundarios,Italia,IT,La Palma,
2022-M06,06/2022,Turistas secundarios,Italia,IT,Lanzarote,117.0
2022-M06,06/2022,Turistas secundarios,Italia,IT,Fuerteventura,191.0
2022-M06,06/2022,Turistas secundarios,Italia,IT,Gran Canaria,74.0
2022-M06,06/2022,Turistas secundarios,Italia,IT,Tenerife,42.0
2022-M06,06/2022,Turistas secundarios,Italia,IT,La Palma,31.0
2022-M07,07/2022,Turistas secundarios,Italia,IT,Lanzarote,131.0
2022-M07,07/2022,Turistas secundarios,Italia,IT,Fuerteventura,319.0
2022-M07,07/2022,Turistas secundarios,Italia,IT,Gran Canaria,226.0
2022-M07,07/2022,Turistas secundarios,Italia,IT,Tenerife,322.0
2022-M07,07/2022,Turistas secundarios,Italia,IT,La Palma,64.0
2022-M08,08/2022,Turistas secundarios,Italia,IT,Lanzarote,291.0
2022-M08,08/2022,Turistas secundarios,Italia,IT,Fuerteventura,635.0
2022-M08,08/2022,Turistas secundarios,Italia,IT,Gran Canaria,550.0
2022-M08,08/2022,Turistas secundarios,Italia,IT,Tenerife,609.0
2022-M08,08/2022,Turistas secundarios,Italia,IT,La Palma,179.0
2022-M09,09/2022,Turistas secundarios,Italia,IT,Lanzarote,324.0
2022-M09,09/2022,Turistas secundarios,Italia,IT,Fuerteventura,640.0
2022-M09,09/2022,Turistas secundarios,Italia,IT,Gran Canaria,400.0
2022-M09,09/2022,Turistas secundarios,Italia,IT,Tenerife,73.0
2022-M09,09/2022,Turistas secundarios,Italia,IT,La Palma,182.0
2022-M10,10/2022,Turistas secundarios,Italia,IT,Lanzarote,232.0
2022-M10,10/2022,Turistas secundarios,Italia,IT,Fuerteventura,140.0
2022-M10,10/2022,Turistas secundarios,Italia,IT,Gran Canaria,159.0
2022-M10,10/2022,Turistas secundarios,Italia,IT,Tenerife,212.0
2022-M10,10/2022,Turistas secundarios,Italia,IT,La Palma,96.0
2022-M11,11/2022,Turistas secundarios,Italia,IT,Lanzarote,310.0
2022-M11,11/2022,Turistas secundarios,Italia,IT,Fuerteventura,115.0
2022-M11,11/2022,Turistas secundarios,Italia,IT,Gran Canaria,117.0
2022-M11,11/2022,Turistas secundarios,Italia,IT,Tenerife,202.0
2022-M11,11/2022,Turistas secundarios,Italia,IT,La Palma,33.0
2022-M12,12/2022,Turistas secundarios,Italia,IT,Lanzarote,312.0
2022-M12,12/2022,Turistas secundarios,Italia,IT,Fuerteventura,149.0
2022-M12,12/2022,Turistas secundarios,Italia,IT,Gran Canaria,760.0
2022-M12,12/2022,Turistas secundarios,Italia,IT,Tenerife,509.0
2022-M12,12/2022,Turistas secundarios,Italia,IT,La Palma,42.0
2023-M01,01/2023,Turistas secundarios,Italia,IT,Lanzarote,306.0
2023-M01,01/2023,Turistas secundarios,Italia,IT,Fuerteventura,175.0
2023-M01,01/2023,Turistas secundarios,Italia,IT,Gran Canaria,164.0
2023-M01,01/2023,Turistas secundarios,Italia,IT,Tenerife,248.0
2023-M01,01/2023,Turistas secundarios,Italia,IT,La Palma,58.0
2023-M02,02/2023,Turistas secundarios,Italia,IT,Lanzarote,416.0
2023-M02,02/2023,Turistas secundarios,Italia,IT,Fuerteventura,346.0
2023-M02,02/2023,Turistas secundarios,Italia,IT,Gran Canaria,337.0
2023-M02,02/2023,Turistas secundarios,Italia,IT,Tenerife,217.0
2023-M02,02/2023,Turistas secundarios,Italia,IT,La Palma,113.0
2023-M03,03/2023,Turistas secundarios,Italia,IT,Lanzarote,395.0
2023-M03,03/2023,Turistas secundarios,Italia,IT,Fuerteventura,90.0
2023-M03,03/2023,Turistas secundarios,Italia,IT,Gran Canaria,149.0
2023-M03,03/2023,Turistas secundarios,Italia,IT,Tenerife,65.0
2023-M03,03/2023,Turistas secundarios,Italia,IT,La Palma,303.0
2023-M04,04/2023,Turistas secundarios,Italia,IT,Lanzarote,51.0
2023-M04,04/2023,Turistas secundarios,Italia,IT,Fuerteventura,79.0
2023-M04,04/2023,Turistas secundarios,Italia,IT,Gran Canaria,89.0
2023-M04,04/2023,Turistas secundarios,Italia,IT,Tenerife,102.0
2023-M04,04/2023,Turistas secundarios,Italia,IT,La Palma,
2023-M05,05/2023,Turistas secundarios,Italia,IT,Lanzarote,144.0
2023-M05,05/2023,Turistas secundarios,Italia,IT,Fuerteventura,
2023-M05,05/2023,Turistas secundarios,Italia,IT,Gran Canaria,60.0
2023-M05,05/2023,Turistas secundarios,Italia,IT,Tenerife,136.0
2023-M05,05/2023,Turistas secundarios,Italia,IT,La Palma,
2023-M06,06/2023,Turistas secundarios,Italia,IT,Lanzarote,368.0
2023-M06,06/2023,Turistas secundarios,Italia,IT,Fuerteventura,306.0
2023-M06,06/2023,Turistas secundarios,Italia,IT,Gran Canaria,441.0
2023-M06,06/2023,Turistas secundarios,Italia,IT,Tenerife,348.0
2023-M06,06/2023,Turistas secundarios,Italia,IT,La Palma,179.0
2023-M07,07/2023,Turistas secundarios,Italia,IT,Lanzarote,190.0
2023-M07,07/2023,Turistas secundarios,Italia,IT,Fuerteventura,448.0
2023-M07,07/2023,Turistas secundarios,Italia,IT,Gran Canaria,262.0
2023-M07,07/2023,Turistas secundarios,Italia,IT,Tenerife,113.0
2023-M07,07/2023,Turistas secundarios,Italia,IT,La Palma,
2023-M08,08/2023,Turistas secundarios,Italia,IT,Lanzarote,744.0
2023-M08,08/2023,Turistas secundarios,Italia,IT,Fuerteventura,592.0
2023-M08,08/2023,Turistas secundarios,Italia,IT,Gran Canaria,10.0
2023-M08,08/2023,Turistas secundarios,Italia,IT,Tenerife,139.0
2023-M08,08/2023,Turistas secundarios,Italia,IT,La Palma,191.0
2023-M09,09/2023,Turistas secundarios,Italia,IT,Lanzarote,252.0
2023-M09,09/2023,Turistas secundarios,Italia,IT,Fuerteventura,413.0
2023-M09,09/2023,Turistas secundarios,Italia,IT,Gran Canaria,101.0
2023-M09,09/2023,Turistas secundarios,Italia,IT,Tenerife,158.0
2023-M09,09/2023,Turistas secundarios,Italia,IT,La Palma,149.0
2023-M10,10/2023,Turistas secundarios,Italia,IT,Lanzarote,248.0
2023-M10,10/2023,Turistas secundarios,Italia,IT,Fuerteventura,227.0
2023-M10,10/2023,Turistas secundarios,Italia,IT,Gran Canaria,135.0
2023-M10,10/2023,Turistas secundarios,Italia,IT,Tenerife,160.0
2023-M10,10/2023,Turistas secundarios,Italia,IT,La Palma,
2023-M11,11/2023,Turistas secundarios,Italia,IT,Lanzarote,141.0
2023-M11,11/2023,Turistas secundarios,Italia,IT,Fuerteventura,46.0
2023-M11,11/2023,Turistas secundarios,Italia,IT,Gran Canaria,136.0
2023-M11,11/2023,Turistas secundarios,Italia,IT,Tenerife,
2023-M11,11/2023,Turistas secundarios,Italia,IT,La Palma,
2023-M12,12/2023,Turistas secundarios,Italia,IT,Lanzarote,180.0
2023-M12,12/2023,Turistas secundarios,Italia,IT,Fuerteventura,141.0
2023-M12,12/2023,Turistas secundarios,Italia,IT,Gran Canaria,81.0
2023-M12,12/2023,Turistas secundarios,Italia,IT,Tenerife,264.0
2023-M12,12/2023,Turistas secundarios,Italia,IT,La Palma,106.0
2024-M01,01/2024,Turistas secundarios,Italia,IT,Lanzarote,495.0
2024-M01,01/2024,Turistas secundarios,Italia,IT,Fuerteventura,277.0
2024-M01,01/2024,Turistas secundarios,Italia,IT,Gran Canaria,698.0
2024-M01,01/2024,Turistas secundarios,Italia,IT,Tenerife,191.0
2024-M01,01/2024,Turistas secundarios,Italia,IT,La Palma,18.0
2024-M02,02/2024,Turistas secundarios,Italia,IT,Lanzarote,
2024-M02,02/2024,Turistas secundarios,Italia,IT,Fuerteventura,185.0
2024-M02,02/2024,Turistas secundarios,Italia,IT,Gran Canaria,39.0
2024-M02,02/2024,Turistas secundarios,Italia,IT,Tenerife,140.0
2024-M02,02/2024,Turistas secundarios,Italia,IT,La Palma,
2024-M03,03/2024,Turistas secundarios,Italia,IT,Lanzarote,370.0
2024-M03,03/2024,Turistas secundarios,Italia,IT,Fuerteventura,61.0
2024-M03,03/2024,Turistas secundarios,Italia,IT,Gran Canaria,192.0
2024-M03,03/2024,Turistas secundarios,Italia,IT,Tenerife,96.0
2024-M03,03/2024,Turistas secundarios,Italia,IT,La Palma,127.0
2024-M04,04/2024,Turistas secundarios,Italia,IT,Lanzarote,374.0
2024-M04,04/2024,Turistas secundarios,Italia,IT,Fuerteventura,84.0
2024-M04,04/2024,Turistas secundarios,Italia,IT,Gran Canaria,335.0
2024-M04,04/2024,Turistas secundarios,Italia,IT,Tenerife,132.0
2024-M04,04/2024,Turistas secundarios,Italia,IT,La Palma,151.0
2024-M05,05/2024,Turistas secundarios,Italia,IT,Lanzarote,293.0
2024-M05,05/2024,Turistas secundarios,Italia,IT,Fuerteventura,208.0
2024-M05,05/2024,Turistas secundarios,Italia,IT,Gran Canaria,150.0
2024-M05,05/2024,Turistas secundarios,Italia,IT,Tenerife,211.0
2024-M05,05/2024,Turistas secundarios,Italia,IT,La Palma,27.0
2024-M06,06/2024,Turistas secundarios,Italia,IT,Lanzarote,273.0
2024-M06,06/2024,Turistas secundarios,Italia,IT,Fuerteventura,181.0
2024-M06,06/2024,Turistas secundarios,Italia,IT,Gran Canaria,196.0
2024-M06,06/2024,Turistas secundarios,Italia,IT,Tenerife,150.0
2024-M06,06/2024,Turistas secundarios,Italia,IT,La Palma,
2024-M07,07/2024,Turistas secundarios,Italia,IT,Lanzarote,316.0
2024-M07,07/2024,Turistas secundarios,Italia,IT,Fuerteventura,119.0
2024-M07,07/2024,Turistas secundarios,Italia,IT,Gran Canaria,223.0
2024-M07,07/2024,Turistas secundarios,Italia,IT,Tenerife,70.0
2024-M07,07/2024,Turistas secundarios,Italia,IT,La Palma,36.0
2024-M08,08/2024,Turistas secundarios,Italia,IT,Lanzarote,585.0
2024-M08,08/2024,Turistas secundarios,Italia,IT,Fuerteventura,230.0
2024-M08,08/2024,Turistas secundarios,Italia,IT,Gran Canaria,34.0
2024-M08,08/2024,Turistas secundarios,Italia,IT,Tenerife,158.0
2024-M08,08/2024,Turistas secundarios,Italia,IT,La Palma,169.0
2024-M09,09/2024,Turistas secundarios,Italia,IT,Lanzarote,290.0
2024-M09,09/2024,Turistas secundarios,Italia,IT,Fuerteventura,107.0
2024-M09,09/2024,Turistas secundarios,Italia,IT,Gran Canaria,324.0
2024-M09,09/2024,Turistas secundarios,Italia,IT,Tenerife,116.0
2024-M09,09/2024,Turistas secundarios,Italia,IT,La Palma,
2024-M10,10/2024,Turistas secundarios,Italia,IT,Lanzarote,242.0
2024-M10,10/2024,Turistas secundarios,Italia,IT,Fuerteventura,161.0
2024-M10,10/2024,Turistas secundarios,Italia,IT,Gran Canaria,21.0
2024-M10,10/2024,Turistas secundarios,Italia,IT,Tenerife,77.0
2024-M10,10/2024,Turistas secundarios,Italia,IT,La Palma,58.0
2024-M11,11/2024,Turistas secundarios,Italia,IT,Lanzarote,257.0
2024-M11,11/2024,Turistas secundarios,Italia,IT,Fuerteventura,
2024-M11,11/2024,Turistas secundarios,Italia,IT,Gran Canaria,
2024-M11,11/2024,Turistas secundarios,Italia,IT,Tenerife,292.0
2024-M11,11/2024,Turistas secundarios,Italia,IT,La Palma,143.0
2024-M12,12/2024,Turistas secundarios,Italia,IT,Lanzarote,676.0
2024-M12,12/2024,Turistas secundarios,Italia,IT,Fuerteventura,208.0
2024-M12,12/2024,Turistas secundarios,Italia,IT,Gran Canaria,305.0
2024-M12,12/2024,Turistas secundarios,Italia,IT,Tenerife,153.0
2024-M12,12/2024,Turistas secundarios,Italia,IT,La Palma,69.0
2025-M01,01/2025,Turistas secundarios,Italia,IT,Lanzarote,1355.0
2025-M01,01/2025,Turistas secundarios,Italia,IT,Fuerteventura,589.0
2025-M01,01/2025,Turistas secundarios,Italia,IT,Gran Canaria,185.0
2025-M01,01/2025,Turistas secundarios,Italia,IT,Tenerife,914.0
2025-M01,01/2025,Turistas secundarios,Italia,IT,La Palma,625.0
2025-M02,02/2025,Turistas secundarios,Italia,IT,Lanzarote,174.0
2025-M02,02/2025,Turistas secundarios,Italia,IT,Fuerteventura,135.0
2025-M02,02/2025,Turistas secundarios,Italia,IT,Gran Canaria,362.0
2025-M02,02/2025,Turistas secundarios,Italia,IT,Tenerife,617.0
2025-M02,02/2025,Turistas secundarios,Italia,IT,La Palma,
2025-M03,03/2025,Turistas secundarios,Italia,IT,Lanzarote,38.0
2025-M03,03/2025,Turistas secundarios,Italia,IT,Fuerteventura,70.0
2025-M03,03/2025,Turistas secundarios,Italia,IT,Gran Canaria,146.0
2025-M03,03/2025,Turistas secundarios,Italia,IT,Tenerife,25.0
2025-M03,03/2025,Turistas secundarios,Italia,IT,La Palma,
2025-M04,04/2025,Turistas secundarios,Italia,IT,Lanzarote,992.0
2025-M04,04/2025,Turistas secundarios,Italia,IT,Fuerteventura,504.0
2025-M04,04/2025,Turistas secundarios,Italia,IT,Gran Canaria,33.0
2025-M04,04/2025,Turistas secundarios,Italia,IT,Tenerife,499.0
2025-M04,04/2025,Turistas secundarios,Italia,IT,La Palma,
2025-M05,05/2025,Turistas secundarios,Italia,IT,Lanzarote,163.0
2025-M05,05/2025,Turistas secundarios,Italia,IT,Fuerteventura,116.0
2025-M05,05/2025,Turistas secundarios,Italia,IT,Gran Canaria,64.0
2025-M05,05/2025,Turistas secundarios,Italia,IT,Tenerife,306.0
2025-M05,05/2025,Turistas secundarios,Italia,IT,La Palma,33.0
2025-M06,06/2025,Turistas secundarios,Italia,IT,Lanzarote,167.0
2025-M06,06/2025,Turistas secundarios,Italia,IT,Fuerteventura,57.0
2025-M06,06/2025,Turistas secundarios,Italia,IT,Gran Canaria,60.0
2025-M06,06/2025,Turistas secundarios,Italia,IT,Tenerife,423.0
2025-M06,06/2025,Turistas secundarios,Italia,IT,La Palma,13.0
2025-M07,07/2025,Turistas secundarios,Italia,IT,Lanzarote,194.0
2025-M07,07/2025,Turistas secundarios,Italia,IT,Fuerteventura,8.0
2025-M07,07/2025,Turistas secundarios,Italia,IT,Gran Canaria,
2025-M07,07/2025,Turistas secundarios,Italia,IT,Tenerife,17.0
2025-M07,07/2025,Turistas secundarios,Italia,IT,La Palma,
2020-M01,01/2020,Turistas secundarios,Francia,FR,Lanzarote,183.0
2020-M01,01/2020,Turistas secundarios,Francia,FR,Fuerteventura,281.0
2020-M01,01/2020,Turistas secundarios,Francia,FR,Gran Canaria,312.0
2020-M01,01/2020,Turistas secundarios,Francia,FR,Tenerife,401.0
2020-M01,01/2020,Turistas secundarios,Francia,FR,La Palma,103.0
2020-M02,02/2020,Turistas secundarios,Francia,FR,Lanzarote,803.0
2020-M02,02/2020,Turistas secundarios,Francia,FR,Fuerteventura,618.0
2020-M02,02/2020,Turistas secundarios,Francia,FR,Gran Canaria,185.0
2020-M02,02/2020,Turistas secundarios,Francia,FR,Tenerife,384.0
2020-M02,02/2020,Turistas secundarios,Francia,FR,La Palma,191.0
2020-M03,03/2020,Turistas secundarios,Francia,FR,Lanzarote,114.0
2020-M03,03/2020,Turistas secundarios,Francia,FR,Fuerteventura,119.0
2020-M03,03/2020,Turistas secundarios,Francia,FR,Gran Canaria,48.0
2020-M03,03/2020,Turistas secundarios,Francia,FR,Tenerife,148.0
2020-M03,03/2020,Turistas secundarios,Francia,FR,La Palma,68.0
2020-M04,04/2020,Turistas secundarios,Francia,FR,Lanzarote,
2020-M04,04/2020,Turistas secundarios,Francia,FR,Fuerteventura,
2020-M04,04/2020,Turistas secundarios,Francia,FR,Gran Canaria,
2020-M04,04/2020,Turistas secundarios,Francia,FR,Tenerife,
2020-M04,04/2020,Turistas secundarios,Francia,FR,La Palma,
2020-M05,05/2020,Turistas secundarios,Francia,FR,Lanzarote,
2020-M05,05/2020,Turistas secundarios,Francia,FR,Fuerteventura,
2020-M05,05/2020,Turistas secundarios,Francia,FR,Gran Canaria,
2020-M05,05/2020,Turistas secundarios,Francia,FR,Tenerife,
2020-M05,05/2020,Turistas secundarios,Francia,FR,La Palma,
2020-M06,06/2020,Turistas secundarios,Francia,FR,Lanzarote,1.0
2020-M06,06/2020,Turistas secundarios,Francia,FR,Fuerteventura,
2020-M06,06/2020,Turistas secundarios,Francia,FR,Gran Canaria,36.0
2020-M06,06/2020,Turistas secundarios,Francia,FR,Tenerife,
2020-M06,06/2020,Turistas secundarios,Francia,FR,La Palma,
2020-M07,07/2020,Turistas secundarios,Francia,FR,Lanzarote,64.0
2020-M07,07/2020,Turistas secundarios,Francia,FR,Fuerteventura,10.0
2020-M07,07/2020,Turistas secundarios,Francia,FR,Gran Canaria,113.0
2020-M07,07/2020,Turistas secundarios,Francia,FR,Tenerife,40.0
2020-M07,07/2020,Turistas secundarios,Francia,FR,La Palma,1.0
2020-M08,08/2020,Turistas secundarios,Francia,FR,Lanzarote,297.0
2020-M08,08/2020,Turistas secundarios,Francia,FR,Fuerteventura,167.0
2020-M08,08/2020,Turistas secundarios,Francia,FR,Gran Canaria,71.0
2020-M08,08/2020,Turistas secundarios,Francia,FR,Tenerife,197.0
2020-M08,08/2020,Turistas secundarios,Francia,FR,La Palma,62.0
2020-M09,09/2020,Turistas secundarios,Francia,FR,Lanzarote,17.0
2020-M09,09/2020,Turistas secundarios,Francia,FR,Fuerteventura,13.0
2020-M09,09/2020,Turistas secundarios,Francia,FR,Gran Canaria,7.0
2020-M09,09/2020,Turistas secundarios,Francia,FR,Tenerife,64.0
2020-M09,09/2020,Turistas secundarios,Francia,FR,La Palma,79.0
2020-M10,10/2020,Turistas secundarios,Francia,FR,Lanzarote,92.0
2020-M10,10/2020,Turistas secundarios,Francia,FR,Fuerteventura,146.0
2020-M10,10/2020,Turistas secundarios,Francia,FR,Gran Canaria,210.0
2020-M10,10/2020,Turistas secundarios,Francia,FR,Tenerife,89.0
2020-M10,10/2020,Turistas secundarios,Francia,FR,La Palma,70.0
2020-M11,11/2020,Turistas secundarios,Francia,FR,Lanzarote,31.0
2020-M11,11/2020,Turistas secundarios,Francia,FR,Fuerteventura,1.0
2020-M11,11/2020,Turistas secundarios,Francia,FR,Gran Canaria,111.0
2020-M11,11/2020,Turistas secundarios,Francia,FR,Tenerife,93.0
2020-M11,11/2020,Turistas secundarios,Francia,FR,La Palma,27.0
2020-M12,12/2020,Turistas secundarios,Francia,FR,Lanzarote,167.0
2020-M12,12/2020,Turistas secundarios,Francia,FR,Fuerteventura,87.0
2020-M12,12/2020,Turistas secundarios,Francia,FR,Gran Canaria,81.0
2020-M12,12/2020,Turistas secundarios,Francia,FR,Tenerife,104.0
2020-M12,12/2020,Turistas secundarios,Francia,FR,La Palma,75.0
2021-M01,01/2021,Turistas secundarios,Francia,FR,Lanzarote,145.0
2021-M01,01/2021,Turistas secundarios,Francia,FR,Fuerteventura,292.0
2021-M01,01/2021,Turistas secundarios,Francia,FR,Gran Canaria,240.0
2021-M01,01/2021,Turistas secundarios,Francia,FR,Tenerife,307.0
2021-M01,01/2021,Turistas secundarios,Francia,FR,La Palma,50.0
2021-M02,02/2021,Turistas secundarios,Francia,FR,Lanzarote,48.0
2021-M02,02/2021,Turistas secundarios,Francia,FR,Fuerteventura,119.0
2021-M02,02/2021,Turistas secundarios,Francia,FR,Gran Canaria,153.0
2021-M02,02/2021,Turistas secundarios,Francia,FR,Tenerife,219.0
2021-M02,02/2021,Turistas secundarios,Francia,FR,La Palma,117.0
2021-M03,03/2021,Turistas secundarios,Francia,FR,Lanzarote,128.0
2021-M03,03/2021,Turistas secundarios,Francia,FR,Fuerteventura,101.0
2021-M03,03/2021,Turistas secundarios,Francia,FR,Gran Canaria,7.0
2021-M03,03/2021,Turistas secundarios,Francia,FR,Tenerife,178.0
2021-M03,03/2021,Turistas secundarios,Francia,FR,La Palma,112.0
2021-M04,04/2021,Turistas secundarios,Francia,FR,Lanzarote,220.0
2021-M04,04/2021,Turistas secundarios,Francia,FR,Fuerteventura,117.0
2021-M04,04/2021,Turistas secundarios,Francia,FR,Gran Canaria,103.0
2021-M04,04/2021,Turistas secundarios,Francia,FR,Tenerife,435.0
2021-M04,04/2021,Turistas secundarios,Francia,FR,La Palma,210.0
2021-M05,05/2021,Turistas secundarios,Francia,FR,Lanzarote,484.0
2021-M05,05/2021,Turistas secundarios,Francia,FR,Fuerteventura,320.0
2021-M05,05/2021,Turistas secundarios,Francia,FR,Gran Canaria,227.0
2021-M05,05/2021,Turistas secundarios,Francia,FR,Tenerife,280.0
2021-M05,05/2021,Turistas secundarios,Francia,FR,La Palma,24.0
2021-M06,06/2021,Turistas secundarios,Francia,FR,Lanzarote,190.0
2021-M06,06/2021,Turistas secundarios,Francia,FR,Fuerteventura,297.0
2021-M06,06/2021,Turistas secundarios,Francia,FR,Gran Canaria,257.0
2021-M06,06/2021,Turistas secundarios,Francia,FR,Tenerife,320.0
2021-M06,06/2021,Turistas secundarios,Francia,FR,La Palma,160.0
2021-M07,07/2021,Turistas secundarios,Francia,FR,Lanzarote,146.0
2021-M07,07/2021,Turistas secundarios,Francia,FR,Fuerteventura,203.0
2021-M07,07/2021,Turistas secundarios,Francia,FR,Gran Canaria,247.0
2021-M07,07/2021,Turistas secundarios,Francia,FR,Tenerife,348.0
2021-M07,07/2021,Turistas secundarios,Francia,FR,La Palma,174.0
2021-M08,08/2021,Turistas secundarios,Francia,FR,Lanzarote,534.0
2021-M08,08/2021,Turistas secundarios,Francia,FR,Fuerteventura,655.0
2021-M08,08/2021,Turistas secundarios,Francia,FR,Gran Canaria,383.0
2021-M08,08/2021,Turistas secundarios,Francia,FR,Tenerife,746.0
2021-M08,08/2021,Turistas secundarios,Francia,FR,La Palma,442.0
2021-M09,09/2021,Turistas secundarios,Francia,FR,Lanzarote,352.0
2021-M09,09/2021,Turistas secundarios,Francia,FR,Fuerteventura,173.0
2021-M09,09/2021,Turistas secundarios,Francia,FR,Gran Canaria,171.0
2021-M09,09/2021,Turistas secundarios,Francia,FR,Tenerife,520.0
2021-M09,09/2021,Turistas secundarios,Francia,FR,La Palma,63.0
2021-M10,10/2021,Turistas secundarios,Francia,FR,Lanzarote,193.0
2021-M10,10/2021,Turistas secundarios,Francia,FR,Fuerteventura,330.0
2021-M10,10/2021,Turistas secundarios,Francia,FR,Gran Canaria,219.0
2021-M10,10/2021,Turistas secundarios,Francia,FR,Tenerife,445.0
2021-M10,10/2021,Turistas secundarios,Francia,FR,La Palma,286.0
2021-M11,11/2021,Turistas secundarios,Francia,FR,Lanzarote,347.0
2021-M11,11/2021,Turistas secundarios,Francia,FR,Fuerteventura,373.0
2021-M11,11/2021,Turistas secundarios,Francia,FR,Gran Canaria,165.0
2021-M11,11/2021,Turistas secundarios,Francia,FR,Tenerife,682.0
2021-M11,11/2021,Turistas secundarios,Francia,FR,La Palma,188.0
2021-M12,12/2021,Turistas secundarios,Francia,FR,Lanzarote,472.0
2021-M12,12/2021,Turistas secundarios,Francia,FR,Fuerteventura,399.0
2021-M12,12/2021,Turistas secundarios,Francia,FR,Gran Canaria,177.0
2021-M12,12/2021,Turistas secundarios,Francia,FR,Tenerife,931.0
2021-M12,12/2021,Turistas secundarios,Francia,FR,La Palma,277.0
2022-M01,01/2022,Turistas secundarios,Francia,FR,Lanzarote,449.0
2022-M01,01/2022,Turistas secundarios,Francia,FR,Fuerteventura,459.0
2022-M01,01/2022,Turistas secundarios,Francia,FR,Gran Canaria,377.0
2022-M01,01/2022,Turistas secundarios,Francia,FR,Tenerife,732.0
2022-M01,01/2022,Turistas secundarios,Francia,FR,La Palma,133.0
2022-M02,02/2022,Turistas secundarios,Francia,FR,Lanzarote,280.0
2022-M02,02/2022,Turistas secundarios,Francia,FR,Fuerteventura,286.0
2022-M02,02/2022,Turistas secundarios,Francia,FR,Gran Canaria,76.0
2022-M02,02/2022,Turistas secundarios,Francia,FR,Tenerife,386.0
2022-M02,02/2022,Turistas secundarios,Francia,FR,La Palma,282.0
2022-M03,03/2022,Turistas secundarios,Francia,FR,Lanzarote,297.0
2022-M03,03/2022,Turistas secundarios,Francia,FR,Fuerteventura,442.0
2022-M03,03/2022,Turistas secundarios,Francia,FR,Gran Canaria,359.0
2022-M03,03/2022,Turistas secundarios,Francia,FR,Tenerife,903.0
2022-M03,03/2022,Turistas secundarios,Francia,FR,La Palma,378.0
2022-M04,04/2022,Turistas secundarios,Francia,FR,Lanzarote,476.0
2022-M04,04/2022,Turistas secundarios,Francia,FR,Fuerteventura,547.0
2022-M04,04/2022,Turistas secundarios,Francia,FR,Gran Canaria,424.0
2022-M04,04/2022,Turistas secundarios,Francia,FR,Tenerife,646.0
2022-M04,04/2022,Turistas secundarios,Francia,FR,La Palma,342.0
2022-M05,05/2022,Turistas secundarios,Francia,FR,Lanzarote,257.0
2022-M05,05/2022,Turistas secundarios,Francia,FR,Fuerteventura,194.0
2022-M05,05/2022,Turistas secundarios,Francia,FR,Gran Canaria,180.0
2022-M05,05/2022,Turistas secundarios,Francia,FR,Tenerife,351.0
2022-M05,05/2022,Turistas secundarios,Francia,FR,La Palma,
2022-M06,06/2022,Turistas secundarios,Francia,FR,Lanzarote,45.0
2022-M06,06/2022,Turistas secundarios,Francia,FR,Fuerteventura,218.0
2022-M06,06/2022,Turistas secundarios,Francia,FR,Gran Canaria,149.0
2022-M06,06/2022,Turistas secundarios,Francia,FR,Tenerife,92.0
2022-M06,06/2022,Turistas secundarios,Francia,FR,La Palma,254.0
2022-M07,07/2022,Turistas secundarios,Francia,FR,Lanzarote,76.0
2022-M07,07/2022,Turistas secundarios,Francia,FR,Fuerteventura,40.0
2022-M07,07/2022,Turistas secundarios,Francia,FR,Gran Canaria,174.0
2022-M07,07/2022,Turistas secundarios,Francia,FR,Tenerife,685.0
2022-M07,07/2022,Turistas secundarios,Francia,FR,La Palma,139.0
2022-M08,08/2022,Turistas secundarios,Francia,FR,Lanzarote,1259.0
2022-M08,08/2022,Turistas secundarios,Francia,FR,Fuerteventura,646.0
2022-M08,08/2022,Turistas secundarios,Francia,FR,Gran Canaria,637.0
2022-M08,08/2022,Turistas secundarios,Francia,FR,Tenerife,782.0
2022-M08,08/2022,Turistas secundarios,Francia,FR,La Palma,288.0
2022-M09,09/2022,Turistas secundarios,Francia,FR,Lanzarote,413.0
2022-M09,09/2022,Turistas secundarios,Francia,FR,Fuerteventura,391.0
2022-M09,09/2022,Turistas secundarios,Francia,FR,Gran Canaria,526.0
2022-M09,09/2022,Turistas secundarios,Francia,FR,Tenerife,222.0
2022-M09,09/2022,Turistas secundarios,Francia,FR,La Palma,73.0
2022-M10,10/2022,Turistas secundarios,Francia,FR,Lanzarote,188.0
2022-M10,10/2022,Turistas secundarios,Francia,FR,Fuerteventura,195.0
2022-M10,10/2022,Turistas secundarios,Francia,FR,Gran Canaria,251.0
2022-M10,10/2022,Turistas secundarios,Francia,FR,Tenerife,898.0
2022-M10,10/2022,Turistas secundarios,Francia,FR,La Palma,16.0
2022-M11,11/2022,Turistas secundarios,Francia,FR,Lanzarote,347.0
2022-M11,11/2022,Turistas secundarios,Francia,FR,Fuerteventura,302.0
2022-M11,11/2022,Turistas secundarios,Francia,FR,Gran Canaria,312.0
2022-M11,11/2022,Turistas secundarios,Francia,FR,Tenerife,747.0
2022-M11,11/2022,Turistas secundarios,Francia,FR,La Palma,439.0
2022-M12,12/2022,Turistas secundarios,Francia,FR,Lanzarote,336.0
2022-M12,12/2022,Turistas secundarios,Francia,FR,Fuerteventura,326.0
2022-M12,12/2022,Turistas secundarios,Francia,FR,Gran Canaria,209.0
2022-M12,12/2022,Turistas secundarios,Francia,FR,Tenerife,815.0
2022-M12,12/2022,Turistas secundarios,Francia,FR,La Palma,80.0
2023-M01,01/2023,Turistas secundarios,Francia,FR,Lanzarote,246.0
2023-M01,01/2023,Turistas secundarios,Francia,FR,Fuerteventura,67.0
2023-M01,01/2023,Turistas secundarios,Francia,FR,Gran Canaria,329.0
2023-M01,01/2023,Turistas secundarios,Francia,FR,Tenerife,250.0
2023-M01,01/2023,Turistas secundarios,Francia,FR,La Palma,137.0
2023-M02,02/2023,Turistas secundarios,Francia,FR,Lanzarote,277.0
2023-M02,02/2023,Turistas secundarios,Francia,FR,Fuerteventura,120.0
2023-M02,02/2023,Turistas secundarios,Francia,FR,Gran Canaria,214.0
2023-M02,02/2023,Turistas secundarios,Francia,FR,Tenerife,1151.0
2023-M02,02/2023,Turistas secundarios,Francia,FR,La Palma,303.0
2023-M03,03/2023,Turistas secundarios,Francia,FR,Lanzarote,280.0
2023-M03,03/2023,Turistas secundarios,Francia,FR,Fuerteventura,471.0
2023-M03,03/2023,Turistas secundarios,Francia,FR,Gran Canaria,212.0
2023-M03,03/2023,Turistas secundarios,Francia,FR,Tenerife,267.0
2023-M03,03/2023,Turistas secundarios,Francia,FR,La Palma,381.0
2023-M04,04/2023,Turistas secundarios,Francia,FR,Lanzarote,366.0
2023-M04,04/2023,Turistas secundarios,Francia,FR,Fuerteventura,198.0
2023-M04,04/2023,Turistas secundarios,Francia,FR,Gran Canaria,127.0
2023-M04,04/2023,Turistas secundarios,Francia,FR,Tenerife,554.0
2023-M04,04/2023,Turistas secundarios,Francia,FR,La Palma,477.0
2023-M05,05/2023,Turistas secundarios,Francia,FR,Lanzarote,88.0
2023-M05,05/2023,Turistas secundarios,Francia,FR,Fuerteventura,289.0
2023-M05,05/2023,Turistas secundarios,Francia,FR,Gran Canaria,222.0
2023-M05,05/2023,Turistas secundarios,Francia,FR,Tenerife,300.0
2023-M05,05/2023,Turistas secundarios,Francia,FR,La Palma,
2023-M06,06/2023,Turistas secundarios,Francia,FR,Lanzarote,66.0
2023-M06,06/2023,Turistas secundarios,Francia,FR,Fuerteventura,58.0
2023-M06,06/2023,Turistas secundarios,Francia,FR,Gran Canaria,136.0
2023-M06,06/2023,Turistas secundarios,Francia,FR,Tenerife,129.0
2023-M06,06/2023,Turistas secundarios,Francia,FR,La Palma,
2023-M07,07/2023,Turistas secundarios,Francia,FR,Lanzarote,697.0
2023-M07,07/2023,Turistas secundarios,Francia,FR,Fuerteventura,211.0
2023-M07,07/2023,Turistas secundarios,Francia,FR,Gran Canaria,633.0
2023-M07,07/2023,Turistas secundarios,Francia,FR,Tenerife,70.0
2023-M07,07/2023,Turistas secundarios,Francia,FR,La Palma,7.0
2023-M08,08/2023,Turistas secundarios,Francia,FR,Lanzarote,858.0
2023-M08,08/2023,Turistas secundarios,Francia,FR,Fuerteventura,847.0
2023-M08,08/2023,Turistas secundarios,Francia,FR,Gran Canaria,994.0
2023-M08,08/2023,Turistas secundarios,Francia,FR,Tenerife,890.0
2023-M08,08/2023,Turistas secundarios,Francia,FR,La Palma,511.0
2023-M09,09/2023,Turistas secundarios,Francia,FR,Lanzarote,225.0
2023-M09,09/2023,Turistas secundarios,Francia,FR,Fuerteventura,130.0
2023-M09,09/2023,Turistas secundarios,Francia,FR,Gran Canaria,162.0
2023-M09,09/2023,Turistas secundarios,Francia,FR,Tenerife,238.0
2023-M09,09/2023,Turistas secundarios,Francia,FR,La Palma,5.0
2023-M10,10/2023,Turistas secundarios,Francia,FR,Lanzarote,537.0
2023-M10,10/2023,Turistas secundarios,Francia,FR,Fuerteventura,1386.0
2023-M10,10/2023,Turistas secundarios,Francia,FR,Gran Canaria,352.0
2023-M10,10/2023,Turistas secundarios,Francia,FR,Tenerife,2141.0
2023-M10,10/2023,Turistas secundarios,Francia,FR,La Palma,316.0
2023-M11,11/2023,Turistas secundarios,Francia,FR,Lanzarote,490.0
2023-M11,11/2023,Turistas secundarios,Francia,FR,Fuerteventura,298.0
2023-M11,11/2023,Turistas secundarios,Francia,FR,Gran Canaria,190.0
2023-M11,11/2023,Turistas secundarios,Francia,FR,Tenerife,126.0
2023-M11,11/2023,Turistas secundarios,Francia,FR,La Palma,249.0
2023-M12,12/2023,Turistas secundarios,Francia,FR,Lanzarote,257.0
2023-M12,12/2023,Turistas secundarios,Francia,FR,Fuerteventura,418.0
2023-M12,12/2023,Turistas secundarios,Francia,FR,Gran Canaria,217.0
2023-M12,12/2023,Turistas secundarios,Francia,FR,Tenerife,276.0
2023-M12,12/2023,Turistas secundarios,Francia,FR,La Palma,124.0
2024-M01,01/2024,Turistas secundarios,Francia,FR,Lanzarote,267.0
2024-M01,01/2024,Turistas secundarios,Francia,FR,Fuerteventura,133.0
2024-M01,01/2024,Turistas secundarios,Francia,FR,Gran Canaria,252.0
2024-M01,01/2024,Turistas secundarios,Francia,FR,Tenerife,466.0
2024-M01,01/2024,Turistas secundarios,Francia,FR,La Palma,220.0
2024-M02,02/2024,Turistas secundarios,Francia,FR,Lanzarote,301.0
2024-M02,02/2024,Turistas secundarios,Francia,FR,Fuerteventura,847.0
2024-M02,02/2024,Turistas secundarios,Francia,FR,Gran Canaria,631.0
2024-M02,02/2024,Turistas secundarios,Francia,FR,Tenerife,595.0
2024-M02,02/2024,Turistas secundarios,Francia,FR,La Palma,488.0
2024-M03,03/2024,Turistas secundarios,Francia,FR,Lanzarote,370.0
2024-M03,03/2024,Turistas secundarios,Francia,FR,Fuerteventura,244.0
2024-M03,03/2024,Turistas secundarios,Francia,FR,Gran Canaria,216.0
2024-M03,03/2024,Turistas secundarios,Francia,FR,Tenerife,1023.0
2024-M03,03/2024,Turistas secundarios,Francia,FR,La Palma,343.0
2024-M04,04/2024,Turistas secundarios,Francia,FR,Lanzarote,148.0
2024-M04,04/2024,Turistas secundarios,Francia,FR,Fuerteventura,208.0
2024-M04,04/2024,Turistas secundarios,Francia,FR,Gran Canaria,261.0
2024-M04,04/2024,Turistas secundarios,Francia,FR,Tenerife,462.0
2024-M04,04/2024,Turistas secundarios,Francia,FR,La Palma,336.0
2024-M05,05/2024,Turistas secundarios,Francia,FR,Lanzarote,584.0
2024-M05,05/2024,Turistas secundarios,Francia,FR,Fuerteventura,285.0
2024-M05,05/2024,Turistas secundarios,Francia,FR,Gran Canaria,345.0
2024-M05,05/2024,Turistas secundarios,Francia,FR,Tenerife,365.0
2024-M05,05/2024,Turistas secundarios,Francia,FR,La Palma,425.0
2024-M06,06/2024,Turistas secundarios,Francia,FR,Lanzarote,8.0
2024-M06,06/2024,Turistas secundarios,Francia,FR,Fuerteventura,187.0
2024-M06,06/2024,Turistas secundarios,Francia,FR,Gran Canaria,177.0
2024-M06,06/2024,Turistas secundarios,Francia,FR,Tenerife,185.0
2024-M06,06/2024,Turistas secundarios,Francia,FR,La Palma,81.0
2024-M07,07/2024,Turistas secundarios,Francia,FR,Lanzarote,228.0
2024-M07,07/2024,Turistas secundarios,Francia,FR,Fuerteventura,140.0
2024-M07,07/2024,Turistas secundarios,Francia,FR,Gran Canaria,246.0
2024-M07,07/2024,Turistas secundarios,Francia,FR,Tenerife,230.0
2024-M07,07/2024,Turistas secundarios,Francia,FR,La Palma,209.0
2024-M08,08/2024,Turistas secundarios,Francia,FR,Lanzarote,545.0
2024-M08,08/2024,Turistas secundarios,Francia,FR,Fuerteventura,115.0
2024-M08,08/2024,Turistas secundarios,Francia,FR,Gran Canaria,355.0
2024-M08,08/2024,Turistas secundarios,Francia,FR,Tenerife,631.0
2024-M08,08/2024,Turistas secundarios,Francia,FR,La Palma,593.0
2024-M09,09/2024,Turistas secundarios,Francia,FR,Lanzarote,843.0
2024-M09,09/2024,Turistas secundarios,Francia,FR,Fuerteventura,
2024-M09,09/2024,Turistas secundarios,Francia,FR,Gran Canaria,173.0
2024-M09,09/2024,Turistas secundarios,Francia,FR,Tenerife,809.0
2024-M09,09/2024,Turistas secundarios,Francia,FR,La Palma,292.0
2024-M10,10/2024,Turistas secundarios,Francia,FR,Lanzarote,434.0
2024-M10,10/2024,Turistas secundarios,Francia,FR,Fuerteventura,452.0
2024-M10,10/2024,Turistas secundarios,Francia,FR,Gran Canaria,115.0
2024-M10,10/2024,Turistas secundarios,Francia,FR,Tenerife,1888.0
2024-M10,10/2024,Turistas secundarios,Francia,FR,La Palma,311.0
2024-M11,11/2024,Turistas secundarios,Francia,FR,Lanzarote,548.0
2024-M11,11/2024,Turistas secundarios,Francia,FR,Fuerteventura,245.0
2024-M11,11/2024,Turistas secundarios,Francia,FR,Gran Canaria,124.0
2024-M11,11/2024,Turistas secundarios,Francia,FR,Tenerife,666.0
2024-M11,11/2024,Turistas secundarios,Francia,FR,La Palma,132.0
2024-M12,12/2024,Turistas secundarios,Francia,FR,Lanzarote,287.0
2024-M12,12/2024,Turistas secundarios,Francia,FR,Fuerteventura,167.0
2024-M12,12/2024,Turistas secundarios,Francia,FR,Gran Canaria,104.0
2024-M12,12/2024,Turistas secundarios,Francia,FR,Tenerife,590.0
2024-M12,12/2024,Turistas secundarios,Francia,FR,La Palma,65.0
2025-M01,01/2025,Turistas secundarios,Francia,FR,Lanzarote,252.0
2025-M01,01/2025,Turistas secundarios,Francia,FR,Fuerteventura,252.0
2025-M01,01/2025,Turistas secundarios,Francia,FR,Gran Canaria,291.0
2025-M01,01/2025,Turistas secundarios,Francia,FR,Tenerife,798.0
2025-M01,01/2025,Turistas secundarios,Francia,FR,La Palma,353.0
2025-M02,02/2025,Turistas secundarios,Francia,FR,Lanzarote,453.0
2025-M02,02/2025,Turistas secundarios,Francia,FR,Fuerteventura,451.0
2025-M02,02/2025,Turistas secundarios,Francia,FR,Gran Canaria,374.0
2025-M02,02/2025,Turistas secundarios,Francia,FR,Tenerife,512.0
2025-M02,02/2025,Turistas secundarios,Francia,FR,La Palma,658.0
2025-M03,03/2025,Turistas secundarios,Francia,FR,Lanzarote,381.0
2025-M03,03/2025,Turistas secundarios,Francia,FR,Fuerteventura,360.0
2025-M03,03/2025,Turistas secundarios,Francia,FR,Gran Canaria,428.0
2025-M03,03/2025,Turistas secundarios,Francia,FR,Tenerife,466.0
2025-M03,03/2025,Turistas secundarios,Francia,FR,La Palma,405.0
2025-M04,04/2025,Turistas secundarios,Francia,FR,Lanzarote,578.0
2025-M04,04/2025,Turistas secundarios,Francia,FR,Fuerteventura,754.0
2025-M04,04/2025,Turistas secundarios,Francia,FR,Gran Canaria,734.0
2025-M04,04/2025,Turistas secundarios,Francia,FR,Tenerife,511.0
2025-M04,04/2025,Turistas secundarios,Francia,FR,La Palma,312.0
2025-M05,05/2025,Turistas secundarios,Francia,FR,Lanzarote,443.0
2025-M05,05/2025,Turistas secundarios,Francia,FR,Fuerteventura,334.0
2025-M05,05/2025,Turistas secundarios,Francia,FR,Gran Canaria,308.0
2025-M05,05/2025,Turistas secundarios,Francia,FR,Tenerife,485.0
2025-M05,05/2025,Turistas secundarios,Francia,FR,La Palma,206.0
2025-M06,06/2025,Turistas secundarios,Francia,FR,Lanzarote,209.0
2025-M06,06/2025,Turistas secundarios,Francia,FR,Fuerteventura,17.0
2025-M06,06/2025,Turistas secundarios,Francia,FR,Gran Canaria,57.0
2025-M06,06/2025,Turistas secundarios,Francia,FR,Tenerife,117.0
2025-M06,06/2025,Turistas secundarios,Francia,FR,La Palma,
2025-M07,07/2025,Turistas secundarios,Francia,FR,Lanzarote,1031.0
2025-M07,07/2025,Turistas secundarios,Francia,FR,Fuerteventura,178.0
2025-M07,07/2025,Turistas secundarios,Francia,FR,Gran Canaria,143.0
2025-M07,07/2025,Turistas secundarios,Francia,FR,Tenerife,444.0
2025-M07,07/2025,Turistas secundarios,Francia,FR,La Palma,459.0
2020-M01,01/2020,Turistas secundarios,España (excluida Canarias),ES_XIC,Lanzarote,510.0
2020-M01,01/2020,Turistas secundarios,España (excluida Canarias),ES_XIC,Fuerteventura,543.0
2020-M01,01/2020,Turistas secundarios,España (excluida Canarias),ES_XIC,Gran Canaria,1087.0
2020-M01,01/2020,Turistas secundarios,España (excluida Canarias),ES_XIC,Tenerife,2016.0
2020-M01,01/2020,Turistas secundarios,España (excluida Canarias),ES_XIC,La Palma,961.0
2020-M02,02/2020,Turistas secundarios,España (excluida Canarias),ES_XIC,Lanzarote,324.0
2020-M02,02/2020,Turistas secundarios,España (excluida Canarias),ES_XIC,Fuerteventura,329.0
2020-M02,02/2020,Turistas secundarios,España (excluida Canarias),ES_XIC,Gran Canaria,1492.0
2020-M02,02/2020,Turistas secundarios,España (excluida Canarias),ES_XIC,Tenerife,2117.0
2020-M02,02/2020,Turistas secundarios,España (excluida Canarias),ES_XIC,La Palma,486.0
2020-M03,03/2020,Turistas secundarios,España (excluida Canarias),ES_XIC,Lanzarote,255.0
2020-M03,03/2020,Turistas secundarios,España (excluida Canarias),ES_XIC,Fuerteventura,250.0
2020-M03,03/2020,Turistas secundarios,España (excluida Canarias),ES_XIC,Gran Canaria,881.0
2020-M03,03/2020,Turistas secundarios,España (excluida Canarias),ES_XIC,Tenerife,754.0
2020-M03,03/2020,Turistas secundarios,España (excluida Canarias),ES_XIC,La Palma,272.0
2020-M04,04/2020,Turistas secundarios,España (excluida Canarias),ES_XIC,Lanzarote,
2020-M04,04/2020,Turistas secundarios,España (excluida Canarias),ES_XIC,Fuerteventura,
2020-M04,04/2020,Turistas secundarios,España (excluida Canarias),ES_XIC,Gran Canaria,
2020-M04,04/2020,Turistas secundarios,España (excluida Canarias),ES_XIC,Tenerife,
2020-M04,04/2020,Turistas secundarios,España (excluida Canarias),ES_XIC,La Palma,
2020-M05,05/2020,Turistas secundarios,España (excluida Canarias),ES_XIC,Lanzarote,
2020-M05,05/2020,Turistas secundarios,España (excluida Canarias),ES_XIC,Fuerteventura,
2020-M05,05/2020,Turistas secundarios,España (excluida Canarias),ES_XIC,Gran Canaria,
2020-M05,05/2020,Turistas secundarios,España (excluida Canarias),ES_XIC,Tenerife,
2020-M05,05/2020,Turistas secundarios,España (excluida Canarias),ES_XIC,La Palma,
2020-M06,06/2020,Turistas secundarios,España (excluida Canarias),ES_XIC,Lanzarote,5.0
2020-M06,06/2020,Turistas secundarios,España (excluida Canarias),ES_XIC,Fuerteventura,37.0
2020-M06,06/2020,Turistas secundarios,España (excluida Canarias),ES_XIC,Gran Canaria,73.0
2020-M06,06/2020,Turistas secundarios,España (excluida Canarias),ES_XIC,Tenerife,15.0
2020-M06,06/2020,Turistas secundarios,España (excluida Canarias),ES_XIC,La Palma,3.0
2020-M07,07/2020,Turistas secundarios,España (excluida Canarias),ES_XIC,Lanzarote,462.0
2020-M07,07/2020,Turistas secundarios,España (excluida Canarias),ES_XIC,Fuerteventura,362.0
2020-M07,07/2020,Turistas secundarios,España (excluida Canarias),ES_XIC,Gran Canaria,359.0
2020-M07,07/2020,Turistas secundarios,España (excluida Canarias),ES_XIC,Tenerife,867.0
2020-M07,07/2020,Turistas secundarios,España (excluida Canarias),ES_XIC,La Palma,49.0
2020-M08,08/2020,Turistas secundarios,España (excluida Canarias),ES_XIC,Lanzarote,1586.0
2020-M08,08/2020,Turistas secundarios,España (excluida Canarias),ES_XIC,Fuerteventura,2160.0
2020-M08,08/2020,Turistas secundarios,España (excluida Canarias),ES_XIC,Gran Canaria,1247.0
2020-M08,08/2020,Turistas secundarios,España (excluida Canarias),ES_XIC,Tenerife,1511.0
2020-M08,08/2020,Turistas secundarios,España (excluida Canarias),ES_XIC,La Palma,1473.0
2020-M09,09/2020,Turistas secundarios,España (excluida Canarias),ES_XIC,Lanzarote,1450.0
2020-M09,09/2020,Turistas secundarios,España (excluida Canarias),ES_XIC,Fuerteventura,1164.0
2020-M09,09/2020,Turistas secundarios,España (excluida Canarias),ES_XIC,Gran Canaria,1377.0
2020-M09,09/2020,Turistas secundarios,España (excluida Canarias),ES_XIC,Tenerife,1125.0
2020-M09,09/2020,Turistas secundarios,España (excluida Canarias),ES_XIC,La Palma,846.0
2020-M10,10/2020,Turistas secundarios,España (excluida Canarias),ES_XIC,Lanzarote,949.0
2020-M10,10/2020,Turistas secundarios,España (excluida Canarias),ES_XIC,Fuerteventura,812.0
2020-M10,10/2020,Turistas secundarios,España (excluida Canarias),ES_XIC,Gran Canaria,634.0
2020-M10,10/2020,Turistas secundarios,España (excluida Canarias),ES_XIC,Tenerife,1423.0
2020-M10,10/2020,Turistas secundarios,España (excluida Canarias),ES_XIC,La Palma,662.0
2020-M11,11/2020,Turistas secundarios,España (excluida Canarias),ES_XIC,Lanzarote,300.0
2020-M11,11/2020,Turistas secundarios,España (excluida Canarias),ES_XIC,Fuerteventura,202.0
2020-M11,11/2020,Turistas secundarios,España (excluida Canarias),ES_XIC,Gran Canaria,650.0
2020-M11,11/2020,Turistas secundarios,España (excluida Canarias),ES_XIC,Tenerife,411.0
2020-M11,11/2020,Turistas secundarios,España (excluida Canarias),ES_XIC,La Palma,213.0
2020-M12,12/2020,Turistas secundarios,España (excluida Canarias),ES_XIC,Lanzarote,239.0
2020-M12,12/2020,Turistas secundarios,España (excluida Canarias),ES_XIC,Fuerteventura,309.0
2020-M12,12/2020,Turistas secundarios,España (excluida Canarias),ES_XIC,Gran Canaria,260.0
2020-M12,12/2020,Turistas secundarios,España (excluida Canarias),ES_XIC,Tenerife,317.0
2020-M12,12/2020,Turistas secundarios,España (excluida Canarias),ES_XIC,La Palma,143.0
2021-M01,01/2021,Turistas secundarios,España (excluida Canarias),ES_XIC,Lanzarote,425.0
2021-M01,01/2021,Turistas secundarios,España (excluida Canarias),ES_XIC,Fuerteventura,306.0
2021-M01,01/2021,Turistas secundarios,España (excluida Canarias),ES_XIC,Gran Canaria,691.0
2021-M01,01/2021,Turistas secundarios,España (excluida Canarias),ES_XIC,Tenerife,342.0
2021-M01,01/2021,Turistas secundarios,España (excluida Canarias),ES_XIC,La Palma,127.0
2021-M02,02/2021,Turistas secundarios,España (excluida Canarias),ES_XIC,Lanzarote,11.0
2021-M02,02/2021,Turistas secundarios,España (excluida Canarias),ES_XIC,Fuerteventura,35.0
2021-M02,02/2021,Turistas secundarios,España (excluida Canarias),ES_XIC,Gran Canaria,371.0
2021-M02,02/2021,Turistas secundarios,España (excluida Canarias),ES_XIC,Tenerife,489.0
2021-M02,02/2021,Turistas secundarios,España (excluida Canarias),ES_XIC,La Palma,173.0
2021-M03,03/2021,Turistas secundarios,España (excluida Canarias),ES_XIC,Lanzarote,374.0
2021-M03,03/2021,Turistas secundarios,España (excluida Canarias),ES_XIC,Fuerteventura,161.0
2021-M03,03/2021,Turistas secundarios,España (excluida Canarias),ES_XIC,Gran Canaria,398.0
2021-M03,03/2021,Turistas secundarios,España (excluida Canarias),ES_XIC,Tenerife,507.0
2021-M03,03/2021,Turistas secundarios,España (excluida Canarias),ES_XIC,La Palma,119.0
2021-M04,04/2021,Turistas secundarios,España (excluida Canarias),ES_XIC,Lanzarote,356.0
2021-M04,04/2021,Turistas secundarios,España (excluida Canarias),ES_XIC,Fuerteventura,202.0
2021-M04,04/2021,Turistas secundarios,España (excluida Canarias),ES_XIC,Gran Canaria,334.0
2021-M04,04/2021,Turistas secundarios,España (excluida Canarias),ES_XIC,Tenerife,528.0
2021-M04,04/2021,Turistas secundarios,España (excluida Canarias),ES_XIC,La Palma,121.0
2021-M05,05/2021,Turistas secundarios,España (excluida Canarias),ES_XIC,Lanzarote,499.0
2021-M05,05/2021,Turistas secundarios,España (excluida Canarias),ES_XIC,Fuerteventura,283.0
2021-M05,05/2021,Turistas secundarios,España (excluida Canarias),ES_XIC,Gran Canaria,775.0
2021-M05,05/2021,Turistas secundarios,España (excluida Canarias),ES_XIC,Tenerife,890.0
2021-M05,05/2021,Turistas secundarios,España (excluida Canarias),ES_XIC,La Palma,214.0
2021-M06,06/2021,Turistas secundarios,España (excluida Canarias),ES_XIC,Lanzarote,970.0
2021-M06,06/2021,Turistas secundarios,España (excluida Canarias),ES_XIC,Fuerteventura,1354.0
2021-M06,06/2021,Turistas secundarios,España (excluida Canarias),ES_XIC,Gran Canaria,2106.0
2021-M06,06/2021,Turistas secundarios,España (excluida Canarias),ES_XIC,Tenerife,1238.0
2021-M06,06/2021,Turistas secundarios,España (excluida Canarias),ES_XIC,La Palma,582.0
2021-M07,07/2021,Turistas secundarios,España (excluida Canarias),ES_XIC,Lanzarote,1874.0
2021-M07,07/2021,Turistas secundarios,España (excluida Canarias),ES_XIC,Fuerteventura,2378.0
2021-M07,07/2021,Turistas secundarios,España (excluida Canarias),ES_XIC,Gran Canaria,1729.0
2021-M07,07/2021,Turistas secundarios,España (excluida Canarias),ES_XIC,Tenerife,2782.0
2021-M07,07/2021,Turistas secundarios,España (excluida Canarias),ES_XIC,La Palma,1724.0
2021-M08,08/2021,Turistas secundarios,España (excluida Canarias),ES_XIC,Lanzarote,2917.0
2021-M08,08/2021,Turistas secundarios,España (excluida Canarias),ES_XIC,Fuerteventura,5137.0
2021-M08,08/2021,Turistas secundarios,España (excluida Canarias),ES_XIC,Gran Canaria,2537.0
2021-M08,08/2021,Turistas secundarios,España (excluida Canarias),ES_XIC,Tenerife,3400.0
2021-M08,08/2021,Turistas secundarios,España (excluida Canarias),ES_XIC,La Palma,2421.0
2021-M09,09/2021,Turistas secundarios,España (excluida Canarias),ES_XIC,Lanzarote,2879.0
2021-M09,09/2021,Turistas secundarios,España (excluida Canarias),ES_XIC,Fuerteventura,2394.0
2021-M09,09/2021,Turistas secundarios,España (excluida Canarias),ES_XIC,Gran Canaria,1705.0
2021-M09,09/2021,Turistas secundarios,España (excluida Canarias),ES_XIC,Tenerife,1643.0
2021-M09,09/2021,Turistas secundarios,España (excluida Canarias),ES_XIC,La Palma,2090.0
2021-M10,10/2021,Turistas secundarios,España (excluida Canarias),ES_XIC,Lanzarote,832.0
2021-M10,10/2021,Turistas secundarios,España (excluida Canarias),ES_XIC,Fuerteventura,1138.0
2021-M10,10/2021,Turistas secundarios,España (excluida Canarias),ES_XIC,Gran Canaria,1263.0
2021-M10,10/2021,Turistas secundarios,España (excluida Canarias),ES_XIC,Tenerife,1826.0
2021-M10,10/2021,Turistas secundarios,España (excluida Canarias),ES_XIC,La Palma,2407.0
2021-M11,11/2021,Turistas secundarios,España (excluida Canarias),ES_XIC,Lanzarote,793.0
2021-M11,11/2021,Turistas secundarios,España (excluida Canarias),ES_XIC,Fuerteventura,805.0
2021-M11,11/2021,Turistas secundarios,España (excluida Canarias),ES_XIC,Gran Canaria,814.0
2021-M11,11/2021,Turistas secundarios,España (excluida Canarias),ES_XIC,Tenerife,1614.0
2021-M11,11/2021,Turistas secundarios,España (excluida Canarias),ES_XIC,La Palma,4223.0
2021-M12,12/2021,Turistas secundarios,España (excluida Canarias),ES_XIC,Lanzarote,1104.0
2021-M12,12/2021,Turistas secundarios,España (excluida Canarias),ES_XIC,Fuerteventura,707.0
2021-M12,12/2021,Turistas secundarios,España (excluida Canarias),ES_XIC,Gran Canaria,1036.0
2021-M12,12/2021,Turistas secundarios,España (excluida Canarias),ES_XIC,Tenerife,1809.0
2021-M12,12/2021,Turistas secundarios,España (excluida Canarias),ES_XIC,La Palma,2767.0
2022-M01,01/2022,Turistas secundarios,España (excluida Canarias),ES_XIC,Lanzarote,421.0
2022-M01,01/2022,Turistas secundarios,España (excluida Canarias),ES_XIC,Fuerteventura,461.0
2022-M01,01/2022,Turistas secundarios,España (excluida Canarias),ES_XIC,Gran Canaria,961.0
2022-M01,01/2022,Turistas secundarios,España (excluida Canarias),ES_XIC,Tenerife,1597.0
2022-M01,01/2022,Turistas secundarios,España (excluida Canarias),ES_XIC,La Palma,688.0
2022-M02,02/2022,Turistas secundarios,España (excluida Canarias),ES_XIC,Lanzarote,326.0
2022-M02,02/2022,Turistas secundarios,España (excluida Canarias),ES_XIC,Fuerteventura,329.0
2022-M02,02/2022,Turistas secundarios,España (excluida Canarias),ES_XIC,Gran Canaria,745.0
2022-M02,02/2022,Turistas secundarios,España (excluida Canarias),ES_XIC,Tenerife,1298.0
2022-M02,02/2022,Turistas secundarios,España (excluida Canarias),ES_XIC,La Palma,957.0
2022-M03,03/2022,Turistas secundarios,España (excluida Canarias),ES_XIC,Lanzarote,596.0
2022-M03,03/2022,Turistas secundarios,España (excluida Canarias),ES_XIC,Fuerteventura,551.0
2022-M03,03/2022,Turistas secundarios,España (excluida Canarias),ES_XIC,Gran Canaria,921.0
2022-M03,03/2022,Turistas secundarios,España (excluida Canarias),ES_XIC,Tenerife,1247.0
2022-M03,03/2022,Turistas secundarios,España (excluida Canarias),ES_XIC,La Palma,260.0
2022-M04,04/2022,Turistas secundarios,España (excluida Canarias),ES_XIC,Lanzarote,386.0
2022-M04,04/2022,Turistas secundarios,España (excluida Canarias),ES_XIC,Fuerteventura,766.0
2022-M04,04/2022,Turistas secundarios,España (excluida Canarias),ES_XIC,Gran Canaria,1831.0
2022-M04,04/2022,Turistas secundarios,España (excluida Canarias),ES_XIC,Tenerife,1900.0
2022-M04,04/2022,Turistas secundarios,España (excluida Canarias),ES_XIC,La Palma,257.0
2022-M05,05/2022,Turistas secundarios,España (excluida Canarias),ES_XIC,Lanzarote,633.0
2022-M05,05/2022,Turistas secundarios,España (excluida Canarias),ES_XIC,Fuerteventura,642.0
2022-M05,05/2022,Turistas secundarios,España (excluida Canarias),ES_XIC,Gran Canaria,991.0
2022-M05,05/2022,Turistas secundarios,España (excluida Canarias),ES_XIC,Tenerife,1437.0
2022-M05,05/2022,Turistas secundarios,España (excluida Canarias),ES_XIC,La Palma,673.0
2022-M06,06/2022,Turistas secundarios,España (excluida Canarias),ES_XIC,Lanzarote,701.0
2022-M06,06/2022,Turistas secundarios,España (excluida Canarias),ES_XIC,Fuerteventura,1230.0
2022-M06,06/2022,Turistas secundarios,España (excluida Canarias),ES_XIC,Gran Canaria,1496.0
2022-M06,06/2022,Turistas secundarios,España (excluida Canarias),ES_XIC,Tenerife,968.0
2022-M06,06/2022,Turistas secundarios,España (excluida Canarias),ES_XIC,La Palma,524.0
2022-M07,07/2022,Turistas secundarios,España (excluida Canarias),ES_XIC,Lanzarote,1211.0
2022-M07,07/2022,Turistas secundarios,España (excluida Canarias),ES_XIC,Fuerteventura,1366.0
2022-M07,07/2022,Turistas secundarios,España (excluida Canarias),ES_XIC,Gran Canaria,1296.0
2022-M07,07/2022,Turistas secundarios,España (excluida Canarias),ES_XIC,Tenerife,2401.0
2022-M07,07/2022,Turistas secundarios,España (excluida Canarias),ES_XIC,La Palma,587.0
2022-M08,08/2022,Turistas secundarios,España (excluida Canarias),ES_XIC,Lanzarote,1619.0
2022-M08,08/2022,Turistas secundarios,España (excluida Canarias),ES_XIC,Fuerteventura,3017.0
2022-M08,08/2022,Turistas secundarios,España (excluida Canarias),ES_XIC,Gran Canaria,1597.0
2022-M08,08/2022,Turistas secundarios,España (excluida Canarias),ES_XIC,Tenerife,2962.0
2022-M08,08/2022,Turistas secundarios,España (excluida Canarias),ES_XIC,La Palma,1444.0
2022-M09,09/2022,Turistas secundarios,España (excluida Canarias),ES_XIC,Lanzarote,1641.0
2022-M09,09/2022,Turistas secundarios,España (excluida Canarias),ES_XIC,Fuerteventura,896.0
2022-M09,09/2022,Turistas secundarios,España (excluida Canarias),ES_XIC,Gran Canaria,909.0
2022-M09,09/2022,Turistas secundarios,España (excluida Canarias),ES_XIC,Tenerife,1329.0
2022-M09,09/2022,Turistas secundarios,España (excluida Canarias),ES_XIC,La Palma,1227.0
2022-M10,10/2022,Turistas secundarios,España (excluida Canarias),ES_XIC,Lanzarote,937.0
2022-M10,10/2022,Turistas secundarios,España (excluida Canarias),ES_XIC,Fuerteventura,873.0
2022-M10,10/2022,Turistas secundarios,España (excluida Canarias),ES_XIC,Gran Canaria,1237.0
2022-M10,10/2022,Turistas secundarios,España (excluida Canarias),ES_XIC,Tenerife,1856.0
2022-M10,10/2022,Turistas secundarios,España (excluida Canarias),ES_XIC,La Palma,381.0
2022-M11,11/2022,Turistas secundarios,España (excluida Canarias),ES_XIC,Lanzarote,436.0
2022-M11,11/2022,Turistas secundarios,España (excluida Canarias),ES_XIC,Fuerteventura,448.0
2022-M11,11/2022,Turistas secundarios,España (excluida Canarias),ES_XIC,Gran Canaria,1404.0
2022-M11,11/2022,Turistas secundarios,España (excluida Canarias),ES_XIC,Tenerife,2199.0
2022-M11,11/2022,Turistas secundarios,España (excluida Canarias),ES_XIC,La Palma,526.0
2022-M12,12/2022,Turistas secundarios,España (excluida Canarias),ES_XIC,Lanzarote,926.0
2022-M12,12/2022,Turistas secundarios,España (excluida Canarias),ES_XIC,Fuerteventura,392.0
2022-M12,12/2022,Turistas secundarios,España (excluida Canarias),ES_XIC,Gran Canaria,538.0
2022-M12,12/2022,Turistas secundarios,España (excluida Canarias),ES_XIC,Tenerife,2035.0
2022-M12,12/2022,Turistas secundarios,España (excluida Canarias),ES_XIC,La Palma,235.0
2023-M01,01/2023,Turistas secundarios,España (excluida Canarias),ES_XIC,Lanzarote,343.0
2023-M01,01/2023,Turistas secundarios,España (excluida Canarias),ES_XIC,Fuerteventura,513.0
2023-M01,01/2023,Turistas secundarios,España (excluida Canarias),ES_XIC,Gran Canaria,502.0
2023-M01,01/2023,Turistas secundarios,España (excluida Canarias),ES_XIC,Tenerife,1419.0
2023-M01,01/2023,Turistas secundarios,España (excluida Canarias),ES_XIC,La Palma,545.0
2023-M02,02/2023,Turistas secundarios,España (excluida Canarias),ES_XIC,Lanzarote,644.0
2023-M02,02/2023,Turistas secundarios,España (excluida Canarias),ES_XIC,Fuerteventura,78.0
2023-M02,02/2023,Turistas secundarios,España (excluida Canarias),ES_XIC,Gran Canaria,513.0
2023-M02,02/2023,Turistas secundarios,España (excluida Canarias),ES_XIC,Tenerife,1007.0
2023-M02,02/2023,Turistas secundarios,España (excluida Canarias),ES_XIC,La Palma,414.0
2023-M03,03/2023,Turistas secundarios,España (excluida Canarias),ES_XIC,Lanzarote,791.0
2023-M03,03/2023,Turistas secundarios,España (excluida Canarias),ES_XIC,Fuerteventura,177.0
2023-M03,03/2023,Turistas secundarios,España (excluida Canarias),ES_XIC,Gran Canaria,376.0
2023-M03,03/2023,Turistas secundarios,España (excluida Canarias),ES_XIC,Tenerife,2405.0
2023-M03,03/2023,Turistas secundarios,España (excluida Canarias),ES_XIC,La Palma,336.0
2023-M04,04/2023,Turistas secundarios,España (excluida Canarias),ES_XIC,Lanzarote,569.0
2023-M04,04/2023,Turistas secundarios,España (excluida Canarias),ES_XIC,Fuerteventura,468.0
2023-M04,04/2023,Turistas secundarios,España (excluida Canarias),ES_XIC,Gran Canaria,1095.0
2023-M04,04/2023,Turistas secundarios,España (excluida Canarias),ES_XIC,Tenerife,1768.0
2023-M04,04/2023,Turistas secundarios,España (excluida Canarias),ES_XIC,La Palma,312.0
2023-M05,05/2023,Turistas secundarios,España (excluida Canarias),ES_XIC,Lanzarote,291.0
2023-M05,05/2023,Turistas secundarios,España (excluida Canarias),ES_XIC,Fuerteventura,418.0
2023-M05,05/2023,Turistas secundarios,España (excluida Canarias),ES_XIC,Gran Canaria,570.0
2023-M05,05/2023,Turistas secundarios,España (excluida Canarias),ES_XIC,Tenerife,2338.0
2023-M05,05/2023,Turistas secundarios,España (excluida Canarias),ES_XIC,La Palma,279.0
2023-M06,06/2023,Turistas secundarios,España (excluida Canarias),ES_XIC,Lanzarote,400.0
2023-M06,06/2023,Turistas secundarios,España (excluida Canarias),ES_XIC,Fuerteventura,151.0
2023-M06,06/2023,Turistas secundarios,España (excluida Canarias),ES_XIC,Gran Canaria,395.0
2023-M06,06/2023,Turistas secundarios,España (excluida Canarias),ES_XIC,Tenerife,1760.0
2023-M06,06/2023,Turistas secundarios,España (excluida Canarias),ES_XIC,La Palma,489.0
2023-M07,07/2023,Turistas secundarios,España (excluida Canarias),ES_XIC,Lanzarote,426.0
2023-M07,07/2023,Turistas secundarios,España (excluida Canarias),ES_XIC,Fuerteventura,501.0
2023-M07,07/2023,Turistas secundarios,España (excluida Canarias),ES_XIC,Gran Canaria,974.0
2023-M07,07/2023,Turistas secundarios,España (excluida Canarias),ES_XIC,Tenerife,1662.0
2023-M07,07/2023,Turistas secundarios,España (excluida Canarias),ES_XIC,La Palma,949.0
2023-M08,08/2023,Turistas secundarios,España (excluida Canarias),ES_XIC,Lanzarote,1347.0
2023-M08,08/2023,Turistas secundarios,España (excluida Canarias),ES_XIC,Fuerteventura,1622.0
2023-M08,08/2023,Turistas secundarios,España (excluida Canarias),ES_XIC,Gran Canaria,1845.0
2023-M08,08/2023,Turistas secundarios,España (excluida Canarias),ES_XIC,Tenerife,2432.0
2023-M08,08/2023,Turistas secundarios,España (excluida Canarias),ES_XIC,La Palma,242.0
2023-M09,09/2023,Turistas secundarios,España (excluida Canarias),ES_XIC,Lanzarote,860.0
2023-M09,09/2023,Turistas secundarios,España (excluida Canarias),ES_XIC,Fuerteventura,1250.0
2023-M09,09/2023,Turistas secundarios,España (excluida Canarias),ES_XIC,Gran Canaria,1262.0
2023-M09,09/2023,Turistas secundarios,España (excluida Canarias),ES_XIC,Tenerife,1170.0
2023-M09,09/2023,Turistas secundarios,España (excluida Canarias),ES_XIC,La Palma,590.0
2023-M10,10/2023,Turistas secundarios,España (excluida Canarias),ES_XIC,Lanzarote,662.0
2023-M10,10/2023,Turistas secundarios,España (excluida Canarias),ES_XIC,Fuerteventura,468.0
2023-M10,10/2023,Turistas secundarios,España (excluida Canarias),ES_XIC,Gran Canaria,725.0
2023-M10,10/2023,Turistas secundarios,España (excluida Canarias),ES_XIC,Tenerife,1551.0
2023-M10,10/2023,Turistas secundarios,España (excluida Canarias),ES_XIC,La Palma,568.0
2023-M11,11/2023,Turistas secundarios,España (excluida Canarias),ES_XIC,Lanzarote,596.0
2023-M11,11/2023,Turistas secundarios,España (excluida Canarias),ES_XIC,Fuerteventura,339.0
2023-M11,11/2023,Turistas secundarios,España (excluida Canarias),ES_XIC,Gran Canaria,1251.0
2023-M11,11/2023,Turistas secundarios,España (excluida Canarias),ES_XIC,Tenerife,1795.0
2023-M11,11/2023,Turistas secundarios,España (excluida Canarias),ES_XIC,La Palma,366.0
2023-M12,12/2023,Turistas secundarios,España (excluida Canarias),ES_XIC,Lanzarote,1001.0
2023-M12,12/2023,Turistas secundarios,España (excluida Canarias),ES_XIC,Fuerteventura,493.0
2023-M12,12/2023,Turistas secundarios,España (excluida Canarias),ES_XIC,Gran Canaria,861.0
2023-M12,12/2023,Turistas secundarios,España (excluida Canarias),ES_XIC,Tenerife,1920.0
2023-M12,12/2023,Turistas secundarios,España (excluida Canarias),ES_XIC,La Palma,170.0
2024-M01,01/2024,Turistas secundarios,España (excluida Canarias),ES_XIC,Lanzarote,775.0
2024-M01,01/2024,Turistas secundarios,España (excluida Canarias),ES_XIC,Fuerteventura,1082.0
2024-M01,01/2024,Turistas secundarios,España (excluida Canarias),ES_XIC,Gran Canaria,436.0
2024-M01,01/2024,Turistas secundarios,España (excluida Canarias),ES_XIC,Tenerife,1084.0
2024-M01,01/2024,Turistas secundarios,España (excluida Canarias),ES_XIC,La Palma,311.0
2024-M02,02/2024,Turistas secundarios,España (excluida Canarias),ES_XIC,Lanzarote,420.0
2024-M02,02/2024,Turistas secundarios,España (excluida Canarias),ES_XIC,Fuerteventura,127.0
2024-M02,02/2024,Turistas secundarios,España (excluida Canarias),ES_XIC,Gran Canaria,627.0
2024-M02,02/2024,Turistas secundarios,España (excluida Canarias),ES_XIC,Tenerife,1072.0
2024-M02,02/2024,Turistas secundarios,España (excluida Canarias),ES_XIC,La Palma,157.0
2024-M03,03/2024,Turistas secundarios,España (excluida Canarias),ES_XIC,Lanzarote,369.0
2024-M03,03/2024,Turistas secundarios,España (excluida Canarias),ES_XIC,Fuerteventura,337.0
2024-M03,03/2024,Turistas secundarios,España (excluida Canarias),ES_XIC,Gran Canaria,722.0
2024-M03,03/2024,Turistas secundarios,España (excluida Canarias),ES_XIC,Tenerife,1247.0
2024-M03,03/2024,Turistas secundarios,España (excluida Canarias),ES_XIC,La Palma,164.0
2024-M04,04/2024,Turistas secundarios,España (excluida Canarias),ES_XIC,Lanzarote,388.0
2024-M04,04/2024,Turistas secundarios,España (excluida Canarias),ES_XIC,Fuerteventura,203.0
2024-M04,04/2024,Turistas secundarios,España (excluida Canarias),ES_XIC,Gran Canaria,1342.0
2024-M04,04/2024,Turistas secundarios,España (excluida Canarias),ES_XIC,Tenerife,1296.0
2024-M04,04/2024,Turistas secundarios,España (excluida Canarias),ES_XIC,La Palma,421.0
2024-M05,05/2024,Turistas secundarios,España (excluida Canarias),ES_XIC,Lanzarote,572.0
2024-M05,05/2024,Turistas secundarios,España (excluida Canarias),ES_XIC,Fuerteventura,229.0
2024-M05,05/2024,Turistas secundarios,España (excluida Canarias),ES_XIC,Gran Canaria,585.0
2024-M05,05/2024,Turistas secundarios,España (excluida Canarias),ES_XIC,Tenerife,1800.0
2024-M05,05/2024,Turistas secundarios,España (excluida Canarias),ES_XIC,La Palma,118.0
2024-M06,06/2024,Turistas secundarios,España (excluida Canarias),ES_XIC,Lanzarote,574.0
2024-M06,06/2024,Turistas secundarios,España (excluida Canarias),ES_XIC,Fuerteventura,36.0
2024-M06,06/2024,Turistas secundarios,España (excluida Canarias),ES_XIC,Gran Canaria,353.0
2024-M06,06/2024,Turistas secundarios,España (excluida Canarias),ES_XIC,Tenerife,1295.0
2024-M06,06/2024,Turistas secundarios,España (excluida Canarias),ES_XIC,La Palma,68.0
2024-M07,07/2024,Turistas secundarios,España (excluida Canarias),ES_XIC,Lanzarote,521.0
2024-M07,07/2024,Turistas secundarios,España (excluida Canarias),ES_XIC,Fuerteventura,429.0
2024-M07,07/2024,Turistas secundarios,España (excluida Canarias),ES_XIC,Gran Canaria,1033.0
2024-M07,07/2024,Turistas secundarios,España (excluida Canarias),ES_XIC,Tenerife,2123.0
2024-M07,07/2024,Turistas secundarios,España (excluida Canarias),ES_XIC,La Palma,76.0
2024-M08,08/2024,Turistas secundarios,España (excluida Canarias),ES_XIC,Lanzarote,1242.0
2024-M08,08/2024,Turistas secundarios,España (excluida Canarias),ES_XIC,Fuerteventura,1478.0
2024-M08,08/2024,Turistas secundarios,España (excluida Canarias),ES_XIC,Gran Canaria,1132.0
2024-M08,08/2024,Turistas secundarios,España (excluida Canarias),ES_XIC,Tenerife,2192.0
2024-M08,08/2024,Turistas secundarios,España (excluida Canarias),ES_XIC,La Palma,445.0
2024-M09,09/2024,Turistas secundarios,España (excluida Canarias),ES_XIC,Lanzarote,608.0
2024-M09,09/2024,Turistas secundarios,España (excluida Canarias),ES_XIC,Fuerteventura,494.0
2024-M09,09/2024,Turistas secundarios,España (excluida Canarias),ES_XIC,Gran Canaria,890.0
2024-M09,09/2024,Turistas secundarios,España (excluida Canarias),ES_XIC,Tenerife,1665.0
2024-M09,09/2024,Turistas secundarios,España (excluida Canarias),ES_XIC,La Palma,293.0
2024-M10,10/2024,Turistas secundarios,España (excluida Canarias),ES_XIC,Lanzarote,638.0
2024-M10,10/2024,Turistas secundarios,España (excluida Canarias),ES_XIC,Fuerteventura,299.0
2024-M10,10/2024,Turistas secundarios,España (excluida Canarias),ES_XIC,Gran Canaria,467.0
2024-M10,10/2024,Turistas secundarios,España (excluida Canarias),ES_XIC,Tenerife,814.0
2024-M10,10/2024,Turistas secundarios,España (excluida Canarias),ES_XIC,La Palma,189.0
2024-M11,11/2024,Turistas secundarios,España (excluida Canarias),ES_XIC,Lanzarote,823.0
2024-M11,11/2024,Turistas secundarios,España (excluida Canarias),ES_XIC,Fuerteventura,326.0
2024-M11,11/2024,Turistas secundarios,España (excluida Canarias),ES_XIC,Gran Canaria,986.0
2024-M11,11/2024,Turistas secundarios,España (excluida Canarias),ES_XIC,Tenerife,1543.0
2024-M11,11/2024,Turistas secundarios,España (excluida Canarias),ES_XIC,La Palma,123.0
2024-M12,12/2024,Turistas secundarios,España (excluida Canarias),ES_XIC,Lanzarote,578.0
2024-M12,12/2024,Turistas secundarios,España (excluida Canarias),ES_XIC,Fuerteventura,133.0
2024-M12,12/2024,Turistas secundarios,España (excluida Canarias),ES_XIC,Gran Canaria,698.0
2024-M12,12/2024,Turistas secundarios,España (excluida Canarias),ES_XIC,Tenerife,1024.0
2024-M12,12/2024,Turistas secundarios,España (excluida Canarias),ES_XIC,La Palma,782.0
2025-M01,01/2025,Turistas secundarios,España (excluida Canarias),ES_XIC,Lanzarote,342.0
2025-M01,01/2025,Turistas secundarios,España (excluida Canarias),ES_XIC,Fuerteventura,249.0
2025-M01,01/2025,Turistas secundarios,España (excluida Canarias),ES_XIC,Gran Canaria,633.0
2025-M01,01/2025,Turistas secundarios,España (excluida Canarias),ES_XIC,Tenerife,1337.0
2025-M01,01/2025,Turistas secundarios,España (excluida Canarias),ES_XIC,La Palma,127.0
2025-M02,02/2025,Turistas secundarios,España (excluida Canarias),ES_XIC,Lanzarote,458.0
2025-M02,02/2025,Turistas secundarios,España (excluida Canarias),ES_XIC,Fuerteventura,62.0
2025-M02,02/2025,Turistas secundarios,España (excluida Canarias),ES_XIC,Gran Canaria,315.0
2025-M02,02/2025,Turistas secundarios,España (excluida Canarias),ES_XIC,Tenerife,925.0
2025-M02,02/2025,Turistas secundarios,España (excluida Canarias),ES_XIC,La Palma,191.0
2025-M03,03/2025,Turistas secundarios,España (excluida Canarias),ES_XIC,Lanzarote,458.0
2025-M03,03/2025,Turistas secundarios,España (excluida Canarias),ES_XIC,Fuerteventura,220.0
2025-M03,03/2025,Turistas secundarios,España (excluida Canarias),ES_XIC,Gran Canaria,301.0
2025-M03,03/2025,Turistas secundarios,España (excluida Canarias),ES_XIC,Tenerife,1558.0
2025-M03,03/2025,Turistas secundarios,España (excluida Canarias),ES_XIC,La Palma,84.0
2025-M04,04/2025,Turistas secundarios,España (excluida Canarias),ES_XIC,Lanzarote,580.0
2025-M04,04/2025,Turistas secundarios,España (excluida Canarias),ES_XIC,Fuerteventura,92.0
2025-M04,04/2025,Turistas secundarios,España (excluida Canarias),ES_XIC,Gran Canaria,798.0
2025-M04,04/2025,Turistas secundarios,España (excluida Canarias),ES_XIC,Tenerife,1820.0
2025-M04,04/2025,Turistas secundarios,España (excluida Canarias),ES_XIC,La Palma,155.0
2025-M05,05/2025,Turistas secundarios,España (excluida Canarias),ES_XIC,Lanzarote,818.0
2025-M05,05/2025,Turistas secundarios,España (excluida Canarias),ES_XIC,Fuerteventura,352.0
2025-M05,05/2025,Turistas secundarios,España (excluida Canarias),ES_XIC,Gran Canaria,571.0
2025-M05,05/2025,Turistas secundarios,España (excluida Canarias),ES_XIC,Tenerife,1496.0
2025-M05,05/2025,Turistas secundarios,España (excluida Canarias),ES_XIC,La Palma,97.0
2025-M06,06/2025,Turistas secundarios,España (excluida Canarias),ES_XIC,Lanzarote,424.0
2025-M06,06/2025,Turistas secundarios,España (excluida Canarias),ES_XIC,Fuerteventura,96.0
2025-M06,06/2025,Turistas secundarios,España (excluida Canarias),ES_XIC,Gran Canaria,634.0
2025-M06,06/2025,Turistas secundarios,España (excluida Canarias),ES_XIC,Tenerife,1890.0
2025-M06,06/2025,Turistas secundarios,España (excluida Canarias),ES_XIC,La Palma,158.0
2025-M07,07/2025,Turistas secundarios,España (excluida Canarias),ES_XIC,Lanzarote,1387.0
2025-M07,07/2025,Turistas secundarios,España (excluida Canarias),ES_XIC,Fuerteventura,388.0
2025-M07,07/2025,Turistas secundarios,España (excluida Canarias),ES_XIC,Gran Canaria,3046.0
2025-M07,07/2025,Turistas secundarios,España (excluida Canarias),ES_XIC,Tenerife,1905.0
2025-M07,07/2025,Turistas secundarios,España (excluida Canarias),ES_XIC,La Palma,278.0
2020-M01,01/2020,Turistas secundarios,Países Bajos,NL,Lanzarote,70.0
2020-M01,01/2020,Turistas secundarios,Países Bajos,NL,Fuerteventura,104.0
2020-M01,01/2020,Turistas secundarios,Países Bajos,NL,Gran Canaria,96.0
2020-M01,01/2020,Turistas secundarios,Países Bajos,NL,Tenerife,82.0
2020-M01,01/2020,Turistas secundarios,Países Bajos,NL,La Palma,121.0
2020-M02,02/2020,Turistas secundarios,Países Bajos,NL,Lanzarote,24.0
2020-M02,02/2020,Turistas secundarios,Países Bajos,NL,Fuerteventura,625.0
2020-M02,02/2020,Turistas secundarios,Países Bajos,NL,Gran Canaria,
2020-M02,02/2020,Turistas secundarios,Países Bajos,NL,Tenerife,625.0
2020-M02,02/2020,Turistas secundarios,Países Bajos,NL,La Palma,617.0
2020-M03,03/2020,Turistas secundarios,Países Bajos,NL,Lanzarote,104.0
2020-M03,03/2020,Turistas secundarios,Países Bajos,NL,Fuerteventura,104.0
2020-M03,03/2020,Turistas secundarios,Países Bajos,NL,Gran Canaria,
2020-M03,03/2020,Turistas secundarios,Países Bajos,NL,Tenerife,104.0
2020-M03,03/2020,Turistas secundarios,Países Bajos,NL,La Palma,
2020-M04,04/2020,Turistas secundarios,Países Bajos,NL,Lanzarote,
2020-M04,04/2020,Turistas secundarios,Países Bajos,NL,Fuerteventura,
2020-M04,04/2020,Turistas secundarios,Países Bajos,NL,Gran Canaria,
2020-M04,04/2020,Turistas secundarios,Países Bajos,NL,Tenerife,
2020-M04,04/2020,Turistas secundarios,Países Bajos,NL,La Palma,
2020-M05,05/2020,Turistas secundarios,Países Bajos,NL,Lanzarote,
2020-M05,05/2020,Turistas secundarios,Países Bajos,NL,Fuerteventura,
2020-M05,05/2020,Turistas secundarios,Países Bajos,NL,Gran Canaria,
2020-M05,05/2020,Turistas secundarios,Países Bajos,NL,Tenerife,
2020-M05,05/2020,Turistas secundarios,Países Bajos,NL,La Palma,
2020-M06,06/2020,Turistas secundarios,Países Bajos,NL,Lanzarote,
2020-M06,06/2020,Turistas secundarios,Países Bajos,NL,Fuerteventura,
2020-M06,06/2020,Turistas secundarios,Países Bajos,NL,Gran Canaria,
2020-M06,06/2020,Turistas secundarios,Países Bajos,NL,Tenerife,
2020-M06,06/2020,Turistas secundarios,Países Bajos,NL,La Palma,
2020-M07,07/2020,Turistas secundarios,Países Bajos,NL,Lanzarote,
2020-M07,07/2020,Turistas secundarios,Países Bajos,NL,Fuerteventura,
2020-M07,07/2020,Turistas secundarios,Países Bajos,NL,Gran Canaria,52.0
2020-M07,07/2020,Turistas secundarios,Países Bajos,NL,Tenerife,
2020-M07,07/2020,Turistas secundarios,Países Bajos,NL,La Palma,
2020-M08,08/2020,Turistas secundarios,Países Bajos,NL,Lanzarote,
2020-M08,08/2020,Turistas secundarios,Países Bajos,NL,Fuerteventura,111.0
2020-M08,08/2020,Turistas secundarios,Países Bajos,NL,Gran Canaria,
2020-M08,08/2020,Turistas secundarios,Países Bajos,NL,Tenerife,87.0
2020-M08,08/2020,Turistas secundarios,Países Bajos,NL,La Palma,
2020-M09,09/2020,Turistas secundarios,Países Bajos,NL,Lanzarote,3.0
2020-M09,09/2020,Turistas secundarios,Países Bajos,NL,Fuerteventura,
2020-M09,09/2020,Turistas secundarios,Países Bajos,NL,Gran Canaria,
2020-M09,09/2020,Turistas secundarios,Países Bajos,NL,Tenerife,
2020-M09,09/2020,Turistas secundarios,Países Bajos,NL,La Palma,
2020-M10,10/2020,Turistas secundarios,Países Bajos,NL,Lanzarote,
2020-M10,10/2020,Turistas secundarios,Países Bajos,NL,Fuerteventura,
2020-M10,10/2020,Turistas secundarios,Países Bajos,NL,Gran Canaria,
2020-M10,10/2020,Turistas secundarios,Países Bajos,NL,Tenerife,9.0
2020-M10,10/2020,Turistas secundarios,Países Bajos,NL,La Palma,
2020-M11,11/2020,Turistas secundarios,Países Bajos,NL,Lanzarote,48.0
2020-M11,11/2020,Turistas secundarios,Países Bajos,NL,Fuerteventura,36.0
2020-M11,11/2020,Turistas secundarios,Países Bajos,NL,Gran Canaria,73.0
2020-M11,11/2020,Turistas secundarios,Países Bajos,NL,Tenerife,70.0
2020-M11,11/2020,Turistas secundarios,Países Bajos,NL,La Palma,12.0
2020-M12,12/2020,Turistas secundarios,Países Bajos,NL,Lanzarote,12.0
2020-M12,12/2020,Turistas secundarios,Países Bajos,NL,Fuerteventura,44.0
2020-M12,12/2020,Turistas secundarios,Países Bajos,NL,Gran Canaria,32.0
2020-M12,12/2020,Turistas secundarios,Países Bajos,NL,Tenerife,41.0
2020-M12,12/2020,Turistas secundarios,Países Bajos,NL,La Palma,14.0
2021-M01,01/2021,Turistas secundarios,Países Bajos,NL,Lanzarote,
2021-M01,01/2021,Turistas secundarios,Países Bajos,NL,Fuerteventura,
2021-M01,01/2021,Turistas secundarios,Países Bajos,NL,Gran Canaria,36.0
2021-M01,01/2021,Turistas secundarios,Países Bajos,NL,Tenerife,34.0
2021-M01,01/2021,Turistas secundarios,Países Bajos,NL,La Palma,9.0
2021-M02,02/2021,Turistas secundarios,Países Bajos,NL,Lanzarote,24.0
2021-M02,02/2021,Turistas secundarios,Países Bajos,NL,Fuerteventura,37.0
2021-M02,02/2021,Turistas secundarios,Países Bajos,NL,Gran Canaria,18.0
2021-M02,02/2021,Turistas secundarios,Países Bajos,NL,Tenerife,53.0
2021-M02,02/2021,Turistas secundarios,Países Bajos,NL,La Palma,19.0
2021-M03,03/2021,Turistas secundarios,Países Bajos,NL,Lanzarote,
2021-M03,03/2021,Turistas secundarios,Países Bajos,NL,Fuerteventura,19.0
2021-M03,03/2021,Turistas secundarios,Países Bajos,NL,Gran Canaria,18.0
2021-M03,03/2021,Turistas secundarios,Países Bajos,NL,Tenerife,47.0
2021-M03,03/2021,Turistas secundarios,Países Bajos,NL,La Palma,
2021-M04,04/2021,Turistas secundarios,Países Bajos,NL,Lanzarote,23.0
2021-M04,04/2021,Turistas secundarios,Países Bajos,NL,Fuerteventura,20.0
2021-M04,04/2021,Turistas secundarios,Países Bajos,NL,Gran Canaria,
2021-M04,04/2021,Turistas secundarios,Países Bajos,NL,Tenerife,26.0
2021-M04,04/2021,Turistas secundarios,Países Bajos,NL,La Palma,20.0
2021-M05,05/2021,Turistas secundarios,Países Bajos,NL,Lanzarote,3.0
2021-M05,05/2021,Turistas secundarios,Países Bajos,NL,Fuerteventura,5.0
2021-M05,05/2021,Turistas secundarios,Países Bajos,NL,Gran Canaria,35.0
2021-M05,05/2021,Turistas secundarios,Países Bajos,NL,Tenerife,75.0
2021-M05,05/2021,Turistas secundarios,Países Bajos,NL,La Palma,4.0
2021-M06,06/2021,Turistas secundarios,Países Bajos,NL,Lanzarote,10.0
2021-M06,06/2021,Turistas secundarios,Países Bajos,NL,Fuerteventura,45.0
2021-M06,06/2021,Turistas secundarios,Países Bajos,NL,Gran Canaria,21.0
2021-M06,06/2021,Turistas secundarios,Países Bajos,NL,Tenerife,
2021-M06,06/2021,Turistas secundarios,Países Bajos,NL,La Palma,12.0
2021-M07,07/2021,Turistas secundarios,Países Bajos,NL,Lanzarote,
2021-M07,07/2021,Turistas secundarios,Países Bajos,NL,Fuerteventura,19.0
2021-M07,07/2021,Turistas secundarios,Países Bajos,NL,Gran Canaria,
2021-M07,07/2021,Turistas secundarios,Países Bajos,NL,Tenerife,86.0
2021-M07,07/2021,Turistas secundarios,Países Bajos,NL,La Palma,
2021-M08,08/2021,Turistas secundarios,Países Bajos,NL,Lanzarote,
2021-M08,08/2021,Turistas secundarios,Países Bajos,NL,Fuerteventura,27.0
2021-M08,08/2021,Turistas secundarios,Países Bajos,NL,Gran Canaria,
2021-M08,08/2021,Turistas secundarios,Países Bajos,NL,Tenerife,184.0
2021-M08,08/2021,Turistas secundarios,Países Bajos,NL,La Palma,323.0
2021-M09,09/2021,Turistas secundarios,Países Bajos,NL,Lanzarote,43.0
2021-M09,09/2021,Turistas secundarios,Países Bajos,NL,Fuerteventura,29.0
2021-M09,09/2021,Turistas secundarios,Países Bajos,NL,Gran Canaria,
2021-M09,09/2021,Turistas secundarios,Países Bajos,NL,Tenerife,
2021-M09,09/2021,Turistas secundarios,Países Bajos,NL,La Palma,186.0
2021-M10,10/2021,Turistas secundarios,Países Bajos,NL,Lanzarote,
2021-M10,10/2021,Turistas secundarios,Países Bajos,NL,Fuerteventura,
2021-M10,10/2021,Turistas secundarios,Países Bajos,NL,Gran Canaria,279.0
2021-M10,10/2021,Turistas secundarios,Países Bajos,NL,Tenerife,94.0
2021-M10,10/2021,Turistas secundarios,Países Bajos,NL,La Palma,29.0
2021-M11,11/2021,Turistas secundarios,Países Bajos,NL,Lanzarote,189.0
2021-M11,11/2021,Turistas secundarios,Países Bajos,NL,Fuerteventura,129.0
2021-M11,11/2021,Turistas secundarios,Países Bajos,NL,Gran Canaria,158.0
2021-M11,11/2021,Turistas secundarios,Países Bajos,NL,Tenerife,245.0
2021-M11,11/2021,Turistas secundarios,Países Bajos,NL,La Palma,63.0
2021-M12,12/2021,Turistas secundarios,Países Bajos,NL,Lanzarote,22.0
2021-M12,12/2021,Turistas secundarios,Países Bajos,NL,Fuerteventura,27.0
2021-M12,12/2021,Turistas secundarios,Países Bajos,NL,Gran Canaria,285.0
2021-M12,12/2021,Turistas secundarios,Países Bajos,NL,Tenerife,477.0
2021-M12,12/2021,Turistas secundarios,Países Bajos,NL,La Palma,78.0
2022-M01,01/2022,Turistas secundarios,Países Bajos,NL,Lanzarote,32.0
2022-M01,01/2022,Turistas secundarios,Países Bajos,NL,Fuerteventura,
2022-M01,01/2022,Turistas secundarios,Países Bajos,NL,Gran Canaria,94.0
2022-M01,01/2022,Turistas secundarios,Países Bajos,NL,Tenerife,154.0
2022-M01,01/2022,Turistas secundarios,Países Bajos,NL,La Palma,76.0
2022-M02,02/2022,Turistas secundarios,Países Bajos,NL,Lanzarote,228.0
2022-M02,02/2022,Turistas secundarios,Países Bajos,NL,Fuerteventura,432.0
2022-M02,02/2022,Turistas secundarios,Países Bajos,NL,Gran Canaria,163.0
2022-M02,02/2022,Turistas secundarios,Países Bajos,NL,Tenerife,355.0
2022-M02,02/2022,Turistas secundarios,Países Bajos,NL,La Palma,112.0
2022-M03,03/2022,Turistas secundarios,Países Bajos,NL,Lanzarote,
2022-M03,03/2022,Turistas secundarios,Países Bajos,NL,Fuerteventura,158.0
2022-M03,03/2022,Turistas secundarios,Países Bajos,NL,Gran Canaria,94.0
2022-M03,03/2022,Turistas secundarios,Países Bajos,NL,Tenerife,78.0
2022-M03,03/2022,Turistas secundarios,Países Bajos,NL,La Palma,
2022-M04,04/2022,Turistas secundarios,Países Bajos,NL,Lanzarote,
2022-M04,04/2022,Turistas secundarios,Países Bajos,NL,Fuerteventura,99.0
2022-M04,04/2022,Turistas secundarios,Países Bajos,NL,Gran Canaria,93.0
2022-M04,04/2022,Turistas secundarios,Países Bajos,NL,Tenerife,276.0
2022-M04,04/2022,Turistas secundarios,Países Bajos,NL,La Palma,18.0
2022-M05,05/2022,Turistas secundarios,Países Bajos,NL,Lanzarote,79.0
2022-M05,05/2022,Turistas secundarios,Países Bajos,NL,Fuerteventura,155.0
2022-M05,05/2022,Turistas secundarios,Países Bajos,NL,Gran Canaria,63.0
2022-M05,05/2022,Turistas secundarios,Países Bajos,NL,Tenerife,107.0
2022-M05,05/2022,Turistas secundarios,Países Bajos,NL,La Palma,
2022-M06,06/2022,Turistas secundarios,Países Bajos,NL,Lanzarote,
2022-M06,06/2022,Turistas secundarios,Países Bajos,NL,Fuerteventura,32.0
2022-M06,06/2022,Turistas secundarios,Países Bajos,NL,Gran Canaria,40.0
2022-M06,06/2022,Turistas secundarios,Países Bajos,NL,Tenerife,96.0
2022-M06,06/2022,Turistas secundarios,Países Bajos,NL,La Palma,15.0
2022-M07,07/2022,Turistas secundarios,Países Bajos,NL,Lanzarote,
2022-M07,07/2022,Turistas secundarios,Países Bajos,NL,Fuerteventura,224.0
2022-M07,07/2022,Turistas secundarios,Países Bajos,NL,Gran Canaria,138.0
2022-M07,07/2022,Turistas secundarios,Países Bajos,NL,Tenerife,
2022-M07,07/2022,Turistas secundarios,Países Bajos,NL,La Palma,141.0
2022-M08,08/2022,Turistas secundarios,Países Bajos,NL,Lanzarote,
2022-M08,08/2022,Turistas secundarios,Países Bajos,NL,Fuerteventura,28.0
2022-M08,08/2022,Turistas secundarios,Países Bajos,NL,Gran Canaria,368.0
2022-M08,08/2022,Turistas secundarios,Países Bajos,NL,Tenerife,161.0
2022-M08,08/2022,Turistas secundarios,Países Bajos,NL,La Palma,
2022-M09,09/2022,Turistas secundarios,Países Bajos,NL,Lanzarote,239.0
2022-M09,09/2022,Turistas secundarios,Países Bajos,NL,Fuerteventura,69.0
2022-M09,09/2022,Turistas secundarios,Países Bajos,NL,Gran Canaria,
2022-M09,09/2022,Turistas secundarios,Países Bajos,NL,Tenerife,37.0
2022-M09,09/2022,Turistas secundarios,Países Bajos,NL,La Palma,19.0
2022-M10,10/2022,Turistas secundarios,Países Bajos,NL,Lanzarote,
2022-M10,10/2022,Turistas secundarios,Países Bajos,NL,Fuerteventura,169.0
2022-M10,10/2022,Turistas secundarios,Países Bajos,NL,Gran Canaria,131.0
2022-M10,10/2022,Turistas secundarios,Países Bajos,NL,Tenerife,63.0
2022-M10,10/2022,Turistas secundarios,Países Bajos,NL,La Palma,111.0
2022-M11,11/2022,Turistas secundarios,Países Bajos,NL,Lanzarote,45.0
2022-M11,11/2022,Turistas secundarios,Países Bajos,NL,Fuerteventura,28.0
2022-M11,11/2022,Turistas secundarios,Países Bajos,NL,Gran Canaria,146.0
2022-M11,11/2022,Turistas secundarios,Países Bajos,NL,Tenerife,409.0
2022-M11,11/2022,Turistas secundarios,Países Bajos,NL,La Palma,
2022-M12,12/2022,Turistas secundarios,Países Bajos,NL,Lanzarote,46.0
2022-M12,12/2022,Turistas secundarios,Países Bajos,NL,Fuerteventura,287.0
2022-M12,12/2022,Turistas secundarios,Países Bajos,NL,Gran Canaria,467.0
2022-M12,12/2022,Turistas secundarios,Países Bajos,NL,Tenerife,821.0
2022-M12,12/2022,Turistas secundarios,Países Bajos,NL,La Palma,190.0
2023-M01,01/2023,Turistas secundarios,Países Bajos,NL,Lanzarote,276.0
2023-M01,01/2023,Turistas secundarios,Países Bajos,NL,Fuerteventura,263.0
2023-M01,01/2023,Turistas secundarios,Países Bajos,NL,Gran Canaria,90.0
2023-M01,01/2023,Turistas secundarios,Países Bajos,NL,Tenerife,313.0
2023-M01,01/2023,Turistas secundarios,Países Bajos,NL,La Palma,24.0
2023-M02,02/2023,Turistas secundarios,Países Bajos,NL,Lanzarote,14.0
2023-M02,02/2023,Turistas secundarios,Países Bajos,NL,Fuerteventura,82.0
2023-M02,02/2023,Turistas secundarios,Países Bajos,NL,Gran Canaria,10.0
2023-M02,02/2023,Turistas secundarios,Países Bajos,NL,Tenerife,55.0
2023-M02,02/2023,Turistas secundarios,Países Bajos,NL,La Palma,17.0
2023-M03,03/2023,Turistas secundarios,Países Bajos,NL,Lanzarote,
2023-M03,03/2023,Turistas secundarios,Países Bajos,NL,Fuerteventura,70.0
2023-M03,03/2023,Turistas secundarios,Países Bajos,NL,Gran Canaria,358.0
2023-M03,03/2023,Turistas secundarios,Países Bajos,NL,Tenerife,224.0
2023-M03,03/2023,Turistas secundarios,Países Bajos,NL,La Palma,19.0
2023-M04,04/2023,Turistas secundarios,Países Bajos,NL,Lanzarote,
2023-M04,04/2023,Turistas secundarios,Países Bajos,NL,Fuerteventura,
2023-M04,04/2023,Turistas secundarios,Países Bajos,NL,Gran Canaria,40.0
2023-M04,04/2023,Turistas secundarios,Países Bajos,NL,Tenerife,307.0
2023-M04,04/2023,Turistas secundarios,Países Bajos,NL,La Palma,
2023-M05,05/2023,Turistas secundarios,Países Bajos,NL,Lanzarote,138.0
2023-M05,05/2023,Turistas secundarios,Países Bajos,NL,Fuerteventura,75.0
2023-M05,05/2023,Turistas secundarios,Países Bajos,NL,Gran Canaria,171.0
2023-M05,05/2023,Turistas secundarios,Países Bajos,NL,Tenerife,96.0
2023-M05,05/2023,Turistas secundarios,Países Bajos,NL,La Palma,
2023-M06,06/2023,Turistas secundarios,Países Bajos,NL,Lanzarote,252.0
2023-M06,06/2023,Turistas secundarios,Países Bajos,NL,Fuerteventura,
2023-M06,06/2023,Turistas secundarios,Países Bajos,NL,Gran Canaria,88.0
2023-M06,06/2023,Turistas secundarios,Países Bajos,NL,Tenerife,32.0
2023-M06,06/2023,Turistas secundarios,Países Bajos,NL,La Palma,11.0
2023-M07,07/2023,Turistas secundarios,Países Bajos,NL,Lanzarote,123.0
2023-M07,07/2023,Turistas secundarios,Países Bajos,NL,Fuerteventura,84.0
2023-M07,07/2023,Turistas secundarios,Países Bajos,NL,Gran Canaria,301.0
2023-M07,07/2023,Turistas secundarios,Países Bajos,NL,Tenerife,21.0
2023-M07,07/2023,Turistas secundarios,Países Bajos,NL,La Palma,64.0
2023-M08,08/2023,Turistas secundarios,Países Bajos,NL,Lanzarote,
2023-M08,08/2023,Turistas secundarios,Países Bajos,NL,Fuerteventura,37.0
2023-M08,08/2023,Turistas secundarios,Países Bajos,NL,Gran Canaria,117.0
2023-M08,08/2023,Turistas secundarios,Países Bajos,NL,Tenerife,144.0
2023-M08,08/2023,Turistas secundarios,Países Bajos,NL,La Palma,110.0
2023-M09,09/2023,Turistas secundarios,Países Bajos,NL,Lanzarote,101.0
2023-M09,09/2023,Turistas secundarios,Países Bajos,NL,Fuerteventura,91.0
2023-M09,09/2023,Turistas secundarios,Países Bajos,NL,Gran Canaria,59.0
2023-M09,09/2023,Turistas secundarios,Países Bajos,NL,Tenerife,372.0
2023-M09,09/2023,Turistas secundarios,Países Bajos,NL,La Palma,
2023-M10,10/2023,Turistas secundarios,Países Bajos,NL,Lanzarote,
2023-M10,10/2023,Turistas secundarios,Países Bajos,NL,Fuerteventura,41.0
2023-M10,10/2023,Turistas secundarios,Países Bajos,NL,Gran Canaria,
2023-M10,10/2023,Turistas secundarios,Países Bajos,NL,Tenerife,5.0
2023-M10,10/2023,Turistas secundarios,Países Bajos,NL,La Palma,21.0
2023-M11,11/2023,Turistas secundarios,Países Bajos,NL,Lanzarote,22.0
2023-M11,11/2023,Turistas secundarios,Países Bajos,NL,Fuerteventura,86.0
2023-M11,11/2023,Turistas secundarios,Países Bajos,NL,Gran Canaria,175.0
2023-M11,11/2023,Turistas secundarios,Países Bajos,NL,Tenerife,172.0
2023-M11,11/2023,Turistas secundarios,Países Bajos,NL,La Palma,6.0
2023-M12,12/2023,Turistas secundarios,Países Bajos,NL,Lanzarote,130.0
2023-M12,12/2023,Turistas secundarios,Países Bajos,NL,Fuerteventura,415.0
2023-M12,12/2023,Turistas secundarios,Países Bajos,NL,Gran Canaria,289.0
2023-M12,12/2023,Turistas secundarios,Países Bajos,NL,Tenerife,417.0
2023-M12,12/2023,Turistas secundarios,Países Bajos,NL,La Palma,152.0
2024-M01,01/2024,Turistas secundarios,Países Bajos,NL,Lanzarote,399.0
2024-M01,01/2024,Turistas secundarios,Países Bajos,NL,Fuerteventura,668.0
2024-M01,01/2024,Turistas secundarios,Países Bajos,NL,Gran Canaria,285.0
2024-M01,01/2024,Turistas secundarios,Países Bajos,NL,Tenerife,545.0
2024-M01,01/2024,Turistas secundarios,Países Bajos,NL,La Palma,268.0
2024-M02,02/2024,Turistas secundarios,Países Bajos,NL,Lanzarote,69.0
2024-M02,02/2024,Turistas secundarios,Países Bajos,NL,Fuerteventura,31.0
2024-M02,02/2024,Turistas secundarios,Países Bajos,NL,Gran Canaria,36.0
2024-M02,02/2024,Turistas secundarios,Países Bajos,NL,Tenerife,190.0
2024-M02,02/2024,Turistas secundarios,Países Bajos,NL,La Palma,26.0
2024-M03,03/2024,Turistas secundarios,Países Bajos,NL,Lanzarote,115.0
2024-M03,03/2024,Turistas secundarios,Países Bajos,NL,Fuerteventura,100.0
2024-M03,03/2024,Turistas secundarios,Países Bajos,NL,Gran Canaria,234.0
2024-M03,03/2024,Turistas secundarios,Países Bajos,NL,Tenerife,128.0
2024-M03,03/2024,Turistas secundarios,Países Bajos,NL,La Palma,
2024-M04,04/2024,Turistas secundarios,Países Bajos,NL,Lanzarote,
2024-M04,04/2024,Turistas secundarios,Países Bajos,NL,Fuerteventura,
2024-M04,04/2024,Turistas secundarios,Países Bajos,NL,Gran Canaria,
2024-M04,04/2024,Turistas secundarios,Países Bajos,NL,Tenerife,193.0
2024-M04,04/2024,Turistas secundarios,Países Bajos,NL,La Palma,74.0
2024-M05,05/2024,Turistas secundarios,Países Bajos,NL,Lanzarote,153.0
2024-M05,05/2024,Turistas secundarios,Países Bajos,NL,Fuerteventura,
2024-M05,05/2024,Turistas secundarios,Países Bajos,NL,Gran Canaria,
2024-M05,05/2024,Turistas secundarios,Países Bajos,NL,Tenerife,
2024-M05,05/2024,Turistas secundarios,Países Bajos,NL,La Palma,
2024-M06,06/2024,Turistas secundarios,Países Bajos,NL,Lanzarote,206.0
2024-M06,06/2024,Turistas secundarios,Países Bajos,NL,Fuerteventura,60.0
2024-M06,06/2024,Turistas secundarios,Países Bajos,NL,Gran Canaria,63.0
2024-M06,06/2024,Turistas secundarios,Países Bajos,NL,Tenerife,80.0
2024-M06,06/2024,Turistas secundarios,Países Bajos,NL,La Palma,7.0
2024-M07,07/2024,Turistas secundarios,Países Bajos,NL,Lanzarote,0.0
2024-M07,07/2024,Turistas secundarios,Países Bajos,NL,Fuerteventura,
2024-M07,07/2024,Turistas secundarios,Países Bajos,NL,Gran Canaria,212.0
2024-M07,07/2024,Turistas secundarios,Países Bajos,NL,Tenerife,7.0
2024-M07,07/2024,Turistas secundarios,Países Bajos,NL,La Palma,
2024-M08,08/2024,Turistas secundarios,Países Bajos,NL,Lanzarote,
2024-M08,08/2024,Turistas secundarios,Países Bajos,NL,Fuerteventura,69.0
2024-M08,08/2024,Turistas secundarios,Países Bajos,NL,Gran Canaria,10.0
2024-M08,08/2024,Turistas secundarios,Países Bajos,NL,Tenerife,363.0
2024-M08,08/2024,Turistas secundarios,Países Bajos,NL,La Palma,44.0
2024-M09,09/2024,Turistas secundarios,Países Bajos,NL,Lanzarote,58.0
2024-M09,09/2024,Turistas secundarios,Países Bajos,NL,Fuerteventura,47.0
2024-M09,09/2024,Turistas secundarios,Países Bajos,NL,Gran Canaria,
2024-M09,09/2024,Turistas secundarios,Países Bajos,NL,Tenerife,756.0
2024-M09,09/2024,Turistas secundarios,Países Bajos,NL,La Palma,19.0
2024-M10,10/2024,Turistas secundarios,Países Bajos,NL,Lanzarote,
2024-M10,10/2024,Turistas secundarios,Países Bajos,NL,Fuerteventura,
2024-M10,10/2024,Turistas secundarios,Países Bajos,NL,Gran Canaria,39.0
2024-M10,10/2024,Turistas secundarios,Países Bajos,NL,Tenerife,
2024-M10,10/2024,Turistas secundarios,Países Bajos,NL,La Palma,
2024-M11,11/2024,Turistas secundarios,Países Bajos,NL,Lanzarote,18.0
2024-M11,11/2024,Turistas secundarios,Países Bajos,NL,Fuerteventura,94.0
2024-M11,11/2024,Turistas secundarios,Países Bajos,NL,Gran Canaria,79.0
2024-M11,11/2024,Turistas secundarios,Países Bajos,NL,Tenerife,28.0
2024-M11,11/2024,Turistas secundarios,Países Bajos,NL,La Palma,7.0
2024-M12,12/2024,Turistas secundarios,Países Bajos,NL,Lanzarote,284.0
2024-M12,12/2024,Turistas secundarios,Países Bajos,NL,Fuerteventura,266.0
2024-M12,12/2024,Turistas secundarios,Países Bajos,NL,Gran Canaria,29.0
2024-M12,12/2024,Turistas secundarios,Países Bajos,NL,Tenerife,324.0
2024-M12,12/2024,Turistas secundarios,Países Bajos,NL,La Palma,243.0
2025-M01,01/2025,Turistas secundarios,Países Bajos,NL,Lanzarote,208.0
2025-M01,01/2025,Turistas secundarios,Países Bajos,NL,Fuerteventura,155.0
2025-M01,01/2025,Turistas secundarios,Países Bajos,NL,Gran Canaria,39.0
2025-M01,01/2025,Turistas secundarios,Países Bajos,NL,Tenerife,1309.0
2025-M01,01/2025,Turistas secundarios,Países Bajos,NL,La Palma,132.0
2025-M02,02/2025,Turistas secundarios,Países Bajos,NL,Lanzarote,
2025-M02,02/2025,Turistas secundarios,Países Bajos,NL,Fuerteventura,44.0
2025-M02,02/2025,Turistas secundarios,Países Bajos,NL,Gran Canaria,16.0
2025-M02,02/2025,Turistas secundarios,Países Bajos,NL,Tenerife,441.0
2025-M02,02/2025,Turistas secundarios,Países Bajos,NL,La Palma,16.0
2025-M03,03/2025,Turistas secundarios,Países Bajos,NL,Lanzarote,73.0
2025-M03,03/2025,Turistas secundarios,Países Bajos,NL,Fuerteventura,294.0
2025-M03,03/2025,Turistas secundarios,Países Bajos,NL,Gran Canaria,223.0
2025-M03,03/2025,Turistas secundarios,Países Bajos,NL,Tenerife,312.0
2025-M03,03/2025,Turistas secundarios,Países Bajos,NL,La Palma,
2025-M04,04/2025,Turistas secundarios,Países Bajos,NL,Lanzarote,170.0
2025-M04,04/2025,Turistas secundarios,Países Bajos,NL,Fuerteventura,97.0
2025-M04,04/2025,Turistas secundarios,Países Bajos,NL,Gran Canaria,97.0
2025-M04,04/2025,Turistas secundarios,Países Bajos,NL,Tenerife,183.0
2025-M04,04/2025,Turistas secundarios,Países Bajos,NL,La Palma,
2025-M05,05/2025,Turistas secundarios,Países Bajos,NL,Lanzarote,103.0
2025-M05,05/2025,Turistas secundarios,Países Bajos,NL,Fuerteventura,
2025-M05,05/2025,Turistas secundarios,Países Bajos,NL,Gran Canaria,
2025-M05,05/2025,Turistas secundarios,Países Bajos,NL,Tenerife,16.0
2025-M05,05/2025,Turistas secundarios,Países Bajos,NL,La Palma,11.0
2025-M06,06/2025,Turistas secundarios,Países Bajos,NL,Lanzarote,37.0
2025-M06,06/2025,Turistas secundarios,Países Bajos,NL,Fuerteventura,28.0
2025-M06,06/2025,Turistas secundarios,Países Bajos,NL,Gran Canaria,37.0
2025-M06,06/2025,Turistas secundarios,Países Bajos,NL,Tenerife,10.0
2025-M06,06/2025,Turistas secundarios,Países Bajos,NL,La Palma,171.0
2025-M07,07/2025,Turistas secundarios,Países Bajos,NL,Lanzarote,86.0
2025-M07,07/2025,Turistas secundarios,Países Bajos,NL,Fuerteventura,
2025-M07,07/2025,Turistas secundarios,Países Bajos,NL,Gran Canaria,
2025-M07,07/2025,Turistas secundarios,Países Bajos,NL,Tenerife,134.0
2025-M07,07/2025,Turistas secundarios,Países Bajos,NL,La Palma,
2020-M01,01/2020,Turistas secundarios,Bélgica,BE,Lanzarote,84.0
2020-M01,01/2020,Turistas secundarios,Bélgica,BE,Fuerteventura,101.0
2020-M01,01/2020,Turistas secundarios,Bélgica,BE,Gran Canaria,171.0
2020-M01,01/2020,Turistas secundarios,Bélgica,BE,Tenerife,71.0
2020-M01,01/2020,Turistas secundarios,Bélgica,BE,La Palma,103.0
2020-M02,02/2020,Turistas secundarios,Bélgica,BE,Lanzarote,33.0
2020-M02,02/2020,Turistas secundarios,Bélgica,BE,Fuerteventura,38.0
2020-M02,02/2020,Turistas secundarios,Bélgica,BE,Gran Canaria,
2020-M02,02/2020,Turistas secundarios,Bélgica,BE,Tenerife,75.0
2020-M02,02/2020,Turistas secundarios,Bélgica,BE,La Palma,33.0
2020-M03,03/2020,Turistas secundarios,Bélgica,BE,Lanzarote,
2020-M03,03/2020,Turistas secundarios,Bélgica,BE,Fuerteventura,12.0
2020-M03,03/2020,Turistas secundarios,Bélgica,BE,Gran Canaria,40.0
2020-M03,03/2020,Turistas secundarios,Bélgica,BE,Tenerife,
2020-M03,03/2020,Turistas secundarios,Bélgica,BE,La Palma,
2020-M04,04/2020,Turistas secundarios,Bélgica,BE,Lanzarote,
2020-M04,04/2020,Turistas secundarios,Bélgica,BE,Fuerteventura,
2020-M04,04/2020,Turistas secundarios,Bélgica,BE,Gran Canaria,
2020-M04,04/2020,Turistas secundarios,Bélgica,BE,Tenerife,
2020-M04,04/2020,Turistas secundarios,Bélgica,BE,La Palma,
2020-M05,05/2020,Turistas secundarios,Bélgica,BE,Lanzarote,
2020-M05,05/2020,Turistas secundarios,Bélgica,BE,Fuerteventura,
2020-M05,05/2020,Turistas secundarios,Bélgica,BE,Gran Canaria,
2020-M05,05/2020,Turistas secundarios,Bélgica,BE,Tenerife,
2020-M05,05/2020,Turistas secundarios,Bélgica,BE,La Palma,
2020-M06,06/2020,Turistas secundarios,Bélgica,BE,Lanzarote,
2020-M06,06/2020,Turistas secundarios,Bélgica,BE,Fuerteventura,
2020-M06,06/2020,Turistas secundarios,Bélgica,BE,Gran Canaria,
2020-M06,06/2020,Turistas secundarios,Bélgica,BE,Tenerife,
2020-M06,06/2020,Turistas secundarios,Bélgica,BE,La Palma,
2020-M07,07/2020,Turistas secundarios,Bélgica,BE,Lanzarote,32.0
2020-M07,07/2020,Turistas secundarios,Bélgica,BE,Fuerteventura,
2020-M07,07/2020,Turistas secundarios,Bélgica,BE,Gran Canaria,
2020-M07,07/2020,Turistas secundarios,Bélgica,BE,Tenerife,
2020-M07,07/2020,Turistas secundarios,Bélgica,BE,La Palma,
2020-M08,08/2020,Turistas secundarios,Bélgica,BE,Lanzarote,6.0
2020-M08,08/2020,Turistas secundarios,Bélgica,BE,Fuerteventura,27.0
2020-M08,08/2020,Turistas secundarios,Bélgica,BE,Gran Canaria,44.0
2020-M08,08/2020,Turistas secundarios,Bélgica,BE,Tenerife,35.0
2020-M08,08/2020,Turistas secundarios,Bélgica,BE,La Palma,20.0
2020-M09,09/2020,Turistas secundarios,Bélgica,BE,Lanzarote,
2020-M09,09/2020,Turistas secundarios,Bélgica,BE,Fuerteventura,
2020-M09,09/2020,Turistas secundarios,Bélgica,BE,Gran Canaria,
2020-M09,09/2020,Turistas secundarios,Bélgica,BE,Tenerife,
2020-M09,09/2020,Turistas secundarios,Bélgica,BE,La Palma,
2020-M10,10/2020,Turistas secundarios,Bélgica,BE,Lanzarote,16.0
2020-M10,10/2020,Turistas secundarios,Bélgica,BE,Fuerteventura,
2020-M10,10/2020,Turistas secundarios,Bélgica,BE,Gran Canaria,27.0
2020-M10,10/2020,Turistas secundarios,Bélgica,BE,Tenerife,16.0
2020-M10,10/2020,Turistas secundarios,Bélgica,BE,La Palma,15.0
2020-M11,11/2020,Turistas secundarios,Bélgica,BE,Lanzarote,18.0
2020-M11,11/2020,Turistas secundarios,Bélgica,BE,Fuerteventura,69.0
2020-M11,11/2020,Turistas secundarios,Bélgica,BE,Gran Canaria,26.0
2020-M11,11/2020,Turistas secundarios,Bélgica,BE,Tenerife,6.0
2020-M11,11/2020,Turistas secundarios,Bélgica,BE,La Palma,12.0
2020-M12,12/2020,Turistas secundarios,Bélgica,BE,Lanzarote,106.0
2020-M12,12/2020,Turistas secundarios,Bélgica,BE,Fuerteventura,122.0
2020-M12,12/2020,Turistas secundarios,Bélgica,BE,Gran Canaria,106.0
2020-M12,12/2020,Turistas secundarios,Bélgica,BE,Tenerife,122.0
2020-M12,12/2020,Turistas secundarios,Bélgica,BE,La Palma,7.0
2021-M01,01/2021,Turistas secundarios,Bélgica,BE,Lanzarote,44.0
2021-M01,01/2021,Turistas secundarios,Bélgica,BE,Fuerteventura,11.0
2021-M01,01/2021,Turistas secundarios,Bélgica,BE,Gran Canaria,16.0
2021-M01,01/2021,Turistas secundarios,Bélgica,BE,Tenerife,5.0
2021-M01,01/2021,Turistas secundarios,Bélgica,BE,La Palma,63.0
2021-M02,02/2021,Turistas secundarios,Bélgica,BE,Lanzarote,
2021-M02,02/2021,Turistas secundarios,Bélgica,BE,Fuerteventura,22.0
2021-M02,02/2021,Turistas secundarios,Bélgica,BE,Gran Canaria,12.0
2021-M02,02/2021,Turistas secundarios,Bélgica,BE,Tenerife,29.0
2021-M02,02/2021,Turistas secundarios,Bélgica,BE,La Palma,
2021-M03,03/2021,Turistas secundarios,Bélgica,BE,Lanzarote,
2021-M03,03/2021,Turistas secundarios,Bélgica,BE,Fuerteventura,
2021-M03,03/2021,Turistas secundarios,Bélgica,BE,Gran Canaria,3.0
2021-M03,03/2021,Turistas secundarios,Bélgica,BE,Tenerife,
2021-M03,03/2021,Turistas secundarios,Bélgica,BE,La Palma,
2021-M04,04/2021,Turistas secundarios,Bélgica,BE,Lanzarote,
2021-M04,04/2021,Turistas secundarios,Bélgica,BE,Fuerteventura,
2021-M04,04/2021,Turistas secundarios,Bélgica,BE,Gran Canaria,
2021-M04,04/2021,Turistas secundarios,Bélgica,BE,Tenerife,18.0
2021-M04,04/2021,Turistas secundarios,Bélgica,BE,La Palma,7.0
2021-M05,05/2021,Turistas secundarios,Bélgica,BE,Lanzarote,8.0
2021-M05,05/2021,Turistas secundarios,Bélgica,BE,Fuerteventura,32.0
2021-M05,05/2021,Turistas secundarios,Bélgica,BE,Gran Canaria,10.0
2021-M05,05/2021,Turistas secundarios,Bélgica,BE,Tenerife,111.0
2021-M05,05/2021,Turistas secundarios,Bélgica,BE,La Palma,
2021-M06,06/2021,Turistas secundarios,Bélgica,BE,Lanzarote,
2021-M06,06/2021,Turistas secundarios,Bélgica,BE,Fuerteventura,38.0
2021-M06,06/2021,Turistas secundarios,Bélgica,BE,Gran Canaria,7.0
2021-M06,06/2021,Turistas secundarios,Bélgica,BE,Tenerife,32.0
2021-M06,06/2021,Turistas secundarios,Bélgica,BE,La Palma,10.0
2021-M07,07/2021,Turistas secundarios,Bélgica,BE,Lanzarote,31.0
2021-M07,07/2021,Turistas secundarios,Bélgica,BE,Fuerteventura,20.0
2021-M07,07/2021,Turistas secundarios,Bélgica,BE,Gran Canaria,61.0
2021-M07,07/2021,Turistas secundarios,Bélgica,BE,Tenerife,97.0
2021-M07,07/2021,Turistas secundarios,Bélgica,BE,La Palma,62.0
2021-M08,08/2021,Turistas secundarios,Bélgica,BE,Lanzarote,9.0
2021-M08,08/2021,Turistas secundarios,Bélgica,BE,Fuerteventura,
2021-M08,08/2021,Turistas secundarios,Bélgica,BE,Gran Canaria,
2021-M08,08/2021,Turistas secundarios,Bélgica,BE,Tenerife,92.0
2021-M08,08/2021,Turistas secundarios,Bélgica,BE,La Palma,67.0
2021-M09,09/2021,Turistas secundarios,Bélgica,BE,Lanzarote,33.0
2021-M09,09/2021,Turistas secundarios,Bélgica,BE,Fuerteventura,31.0
2021-M09,09/2021,Turistas secundarios,Bélgica,BE,Gran Canaria,91.0
2021-M09,09/2021,Turistas secundarios,Bélgica,BE,Tenerife,7.0
2021-M09,09/2021,Turistas secundarios,Bélgica,BE,La Palma,72.0
2021-M10,10/2021,Turistas secundarios,Bélgica,BE,Lanzarote,16.0
2021-M10,10/2021,Turistas secundarios,Bélgica,BE,Fuerteventura,18.0
2021-M10,10/2021,Turistas secundarios,Bélgica,BE,Gran Canaria,
2021-M10,10/2021,Turistas secundarios,Bélgica,BE,Tenerife,98.0
2021-M10,10/2021,Turistas secundarios,Bélgica,BE,La Palma,7.0
2021-M11,11/2021,Turistas secundarios,Bélgica,BE,Lanzarote,16.0
2021-M11,11/2021,Turistas secundarios,Bélgica,BE,Fuerteventura,61.0
2021-M11,11/2021,Turistas secundarios,Bélgica,BE,Gran Canaria,48.0
2021-M11,11/2021,Turistas secundarios,Bélgica,BE,Tenerife,72.0
2021-M11,11/2021,Turistas secundarios,Bélgica,BE,La Palma,259.0
2021-M12,12/2021,Turistas secundarios,Bélgica,BE,Lanzarote,100.0
2021-M12,12/2021,Turistas secundarios,Bélgica,BE,Fuerteventura,77.0
2021-M12,12/2021,Turistas secundarios,Bélgica,BE,Gran Canaria,262.0
2021-M12,12/2021,Turistas secundarios,Bélgica,BE,Tenerife,30.0
2021-M12,12/2021,Turistas secundarios,Bélgica,BE,La Palma,102.0
2022-M01,01/2022,Turistas secundarios,Bélgica,BE,Lanzarote,27.0
2022-M01,01/2022,Turistas secundarios,Bélgica,BE,Fuerteventura,10.0
2022-M01,01/2022,Turistas secundarios,Bélgica,BE,Gran Canaria,
2022-M01,01/2022,Turistas secundarios,Bélgica,BE,Tenerife,10.0
2022-M01,01/2022,Turistas secundarios,Bélgica,BE,La Palma,192.0
2022-M02,02/2022,Turistas secundarios,Bélgica,BE,Lanzarote,48.0
2022-M02,02/2022,Turistas secundarios,Bélgica,BE,Fuerteventura,44.0
2022-M02,02/2022,Turistas secundarios,Bélgica,BE,Gran Canaria,
2022-M02,02/2022,Turistas secundarios,Bélgica,BE,Tenerife,
2022-M02,02/2022,Turistas secundarios,Bélgica,BE,La Palma,250.0
2022-M03,03/2022,Turistas secundarios,Bélgica,BE,Lanzarote,21.0
2022-M03,03/2022,Turistas secundarios,Bélgica,BE,Fuerteventura,80.0
2022-M03,03/2022,Turistas secundarios,Bélgica,BE,Gran Canaria,131.0
2022-M03,03/2022,Turistas secundarios,Bélgica,BE,Tenerife,72.0
2022-M03,03/2022,Turistas secundarios,Bélgica,BE,La Palma,54.0
2022-M04,04/2022,Turistas secundarios,Bélgica,BE,Lanzarote,
2022-M04,04/2022,Turistas secundarios,Bélgica,BE,Fuerteventura,
2022-M04,04/2022,Turistas secundarios,Bélgica,BE,Gran Canaria,
2022-M04,04/2022,Turistas secundarios,Bélgica,BE,Tenerife,17.0
2022-M04,04/2022,Turistas secundarios,Bélgica,BE,La Palma,13.0
2022-M05,05/2022,Turistas secundarios,Bélgica,BE,Lanzarote,6.0
2022-M05,05/2022,Turistas secundarios,Bélgica,BE,Fuerteventura,73.0
2022-M05,05/2022,Turistas secundarios,Bélgica,BE,Gran Canaria,81.0
2022-M05,05/2022,Turistas secundarios,Bélgica,BE,Tenerife,125.0
2022-M05,05/2022,Turistas secundarios,Bélgica,BE,La Palma,61.0
2022-M06,06/2022,Turistas secundarios,Bélgica,BE,Lanzarote,36.0
2022-M06,06/2022,Turistas secundarios,Bélgica,BE,Fuerteventura,110.0
2022-M06,06/2022,Turistas secundarios,Bélgica,BE,Gran Canaria,76.0
2022-M06,06/2022,Turistas secundarios,Bélgica,BE,Tenerife,53.0
2022-M06,06/2022,Turistas secundarios,Bélgica,BE,La Palma,113.0
2022-M07,07/2022,Turistas secundarios,Bélgica,BE,Lanzarote,34.0
2022-M07,07/2022,Turistas secundarios,Bélgica,BE,Fuerteventura,
2022-M07,07/2022,Turistas secundarios,Bélgica,BE,Gran Canaria,
2022-M07,07/2022,Turistas secundarios,Bélgica,BE,Tenerife,10.0
2022-M07,07/2022,Turistas secundarios,Bélgica,BE,La Palma,
2022-M08,08/2022,Turistas secundarios,Bélgica,BE,Lanzarote,
2022-M08,08/2022,Turistas secundarios,Bélgica,BE,Fuerteventura,
2022-M08,08/2022,Turistas secundarios,Bélgica,BE,Gran Canaria,
2022-M08,08/2022,Turistas secundarios,Bélgica,BE,Tenerife,
2022-M08,08/2022,Turistas secundarios,Bélgica,BE,La Palma,
2022-M09,09/2022,Turistas secundarios,Bélgica,BE,Lanzarote,
2022-M09,09/2022,Turistas secundarios,Bélgica,BE,Fuerteventura,31.0
2022-M09,09/2022,Turistas secundarios,Bélgica,BE,Gran Canaria,30.0
2022-M09,09/2022,Turistas secundarios,Bélgica,BE,Tenerife,
2022-M09,09/2022,Turistas secundarios,Bélgica,BE,La Palma,
2022-M10,10/2022,Turistas secundarios,Bélgica,BE,Lanzarote,
2022-M10,10/2022,Turistas secundarios,Bélgica,BE,Fuerteventura,97.0
2022-M10,10/2022,Turistas secundarios,Bélgica,BE,Gran Canaria,132.0
2022-M10,10/2022,Turistas secundarios,Bélgica,BE,Tenerife,86.0
2022-M10,10/2022,Turistas secundarios,Bélgica,BE,La Palma,142.0
2022-M11,11/2022,Turistas secundarios,Bélgica,BE,Lanzarote,9.0
2022-M11,11/2022,Turistas secundarios,Bélgica,BE,Fuerteventura,32.0
2022-M11,11/2022,Turistas secundarios,Bélgica,BE,Gran Canaria,33.0
2022-M11,11/2022,Turistas secundarios,Bélgica,BE,Tenerife,77.0
2022-M11,11/2022,Turistas secundarios,Bélgica,BE,La Palma,449.0
2022-M12,12/2022,Turistas secundarios,Bélgica,BE,Lanzarote,139.0
2022-M12,12/2022,Turistas secundarios,Bélgica,BE,Fuerteventura,61.0
2022-M12,12/2022,Turistas secundarios,Bélgica,BE,Gran Canaria,82.0
2022-M12,12/2022,Turistas secundarios,Bélgica,BE,Tenerife,212.0
2022-M12,12/2022,Turistas secundarios,Bélgica,BE,La Palma,122.0
2023-M01,01/2023,Turistas secundarios,Bélgica,BE,Lanzarote,40.0
2023-M01,01/2023,Turistas secundarios,Bélgica,BE,Fuerteventura,47.0
2023-M01,01/2023,Turistas secundarios,Bélgica,BE,Gran Canaria,10.0
2023-M01,01/2023,Turistas secundarios,Bélgica,BE,Tenerife,
2023-M01,01/2023,Turistas secundarios,Bélgica,BE,La Palma,78.0
2023-M02,02/2023,Turistas secundarios,Bélgica,BE,Lanzarote,163.0
2023-M02,02/2023,Turistas secundarios,Bélgica,BE,Fuerteventura,32.0
2023-M02,02/2023,Turistas secundarios,Bélgica,BE,Gran Canaria,140.0
2023-M02,02/2023,Turistas secundarios,Bélgica,BE,Tenerife,379.0
2023-M02,02/2023,Turistas secundarios,Bélgica,BE,La Palma,105.0
2023-M03,03/2023,Turistas secundarios,Bélgica,BE,Lanzarote,
2023-M03,03/2023,Turistas secundarios,Bélgica,BE,Fuerteventura,10.0
2023-M03,03/2023,Turistas secundarios,Bélgica,BE,Gran Canaria,
2023-M03,03/2023,Turistas secundarios,Bélgica,BE,Tenerife,102.0
2023-M03,03/2023,Turistas secundarios,Bélgica,BE,La Palma,107.0
2023-M04,04/2023,Turistas secundarios,Bélgica,BE,Lanzarote,93.0
2023-M04,04/2023,Turistas secundarios,Bélgica,BE,Fuerteventura,93.0
2023-M04,04/2023,Turistas secundarios,Bélgica,BE,Gran Canaria,
2023-M04,04/2023,Turistas secundarios,Bélgica,BE,Tenerife,217.0
2023-M04,04/2023,Turistas secundarios,Bélgica,BE,La Palma,
2023-M05,05/2023,Turistas secundarios,Bélgica,BE,Lanzarote,8.0
2023-M05,05/2023,Turistas secundarios,Bélgica,BE,Fuerteventura,77.0
2023-M05,05/2023,Turistas secundarios,Bélgica,BE,Gran Canaria,81.0
2023-M05,05/2023,Turistas secundarios,Bélgica,BE,Tenerife,211.0
2023-M05,05/2023,Turistas secundarios,Bélgica,BE,La Palma,47.0
2023-M06,06/2023,Turistas secundarios,Bélgica,BE,Lanzarote,15.0
2023-M06,06/2023,Turistas secundarios,Bélgica,BE,Fuerteventura,
2023-M06,06/2023,Turistas secundarios,Bélgica,BE,Gran Canaria,
2023-M06,06/2023,Turistas secundarios,Bélgica,BE,Tenerife,25.0
2023-M06,06/2023,Turistas secundarios,Bélgica,BE,La Palma,
2023-M07,07/2023,Turistas secundarios,Bélgica,BE,Lanzarote,
2023-M07,07/2023,Turistas secundarios,Bélgica,BE,Fuerteventura,97.0
2023-M07,07/2023,Turistas secundarios,Bélgica,BE,Gran Canaria,503.0
2023-M07,07/2023,Turistas secundarios,Bélgica,BE,Tenerife,
2023-M07,07/2023,Turistas secundarios,Bélgica,BE,La Palma,59.0
2023-M08,08/2023,Turistas secundarios,Bélgica,BE,Lanzarote,35.0
2023-M08,08/2023,Turistas secundarios,Bélgica,BE,Fuerteventura,
2023-M08,08/2023,Turistas secundarios,Bélgica,BE,Gran Canaria,16.0
2023-M08,08/2023,Turistas secundarios,Bélgica,BE,Tenerife,
2023-M08,08/2023,Turistas secundarios,Bélgica,BE,La Palma,88.0
2023-M09,09/2023,Turistas secundarios,Bélgica,BE,Lanzarote,47.0
2023-M09,09/2023,Turistas secundarios,Bélgica,BE,Fuerteventura,168.0
2023-M09,09/2023,Turistas secundarios,Bélgica,BE,Gran Canaria,82.0
2023-M09,09/2023,Turistas secundarios,Bélgica,BE,Tenerife,
2023-M09,09/2023,Turistas secundarios,Bélgica,BE,La Palma,
2023-M10,10/2023,Turistas secundarios,Bélgica,BE,Lanzarote,
2023-M10,10/2023,Turistas secundarios,Bélgica,BE,Fuerteventura,233.0
2023-M10,10/2023,Turistas secundarios,Bélgica,BE,Gran Canaria,262.0
2023-M10,10/2023,Turistas secundarios,Bélgica,BE,Tenerife,
2023-M10,10/2023,Turistas secundarios,Bélgica,BE,La Palma,
2023-M11,11/2023,Turistas secundarios,Bélgica,BE,Lanzarote,258.0
2023-M11,11/2023,Turistas secundarios,Bélgica,BE,Fuerteventura,148.0
2023-M11,11/2023,Turistas secundarios,Bélgica,BE,Gran Canaria,
2023-M11,11/2023,Turistas secundarios,Bélgica,BE,Tenerife,218.0
2023-M11,11/2023,Turistas secundarios,Bélgica,BE,La Palma,265.0
2023-M12,12/2023,Turistas secundarios,Bélgica,BE,Lanzarote,49.0
2023-M12,12/2023,Turistas secundarios,Bélgica,BE,Fuerteventura,93.0
2023-M12,12/2023,Turistas secundarios,Bélgica,BE,Gran Canaria,130.0
2023-M12,12/2023,Turistas secundarios,Bélgica,BE,Tenerife,484.0
2023-M12,12/2023,Turistas secundarios,Bélgica,BE,La Palma,91.0
2024-M01,01/2024,Turistas secundarios,Bélgica,BE,Lanzarote,133.0
2024-M01,01/2024,Turistas secundarios,Bélgica,BE,Fuerteventura,45.0
2024-M01,01/2024,Turistas secundarios,Bélgica,BE,Gran Canaria,72.0
2024-M01,01/2024,Turistas secundarios,Bélgica,BE,Tenerife,24.0
2024-M01,01/2024,Turistas secundarios,Bélgica,BE,La Palma,274.0
2024-M02,02/2024,Turistas secundarios,Bélgica,BE,Lanzarote,292.0
2024-M02,02/2024,Turistas secundarios,Bélgica,BE,Fuerteventura,178.0
2024-M02,02/2024,Turistas secundarios,Bélgica,BE,Gran Canaria,151.0
2024-M02,02/2024,Turistas secundarios,Bélgica,BE,Tenerife,11.0
2024-M02,02/2024,Turistas secundarios,Bélgica,BE,La Palma,92.0
2024-M03,03/2024,Turistas secundarios,Bélgica,BE,Lanzarote,54.0
2024-M03,03/2024,Turistas secundarios,Bélgica,BE,Fuerteventura,127.0
2024-M03,03/2024,Turistas secundarios,Bélgica,BE,Gran Canaria,
2024-M03,03/2024,Turistas secundarios,Bélgica,BE,Tenerife,46.0
2024-M03,03/2024,Turistas secundarios,Bélgica,BE,La Palma,
2024-M04,04/2024,Turistas secundarios,Bélgica,BE,Lanzarote,115.0
2024-M04,04/2024,Turistas secundarios,Bélgica,BE,Fuerteventura,95.0
2024-M04,04/2024,Turistas secundarios,Bélgica,BE,Gran Canaria,20.0
2024-M04,04/2024,Turistas secundarios,Bélgica,BE,Tenerife,289.0
2024-M04,04/2024,Turistas secundarios,Bélgica,BE,La Palma,127.0
2024-M05,05/2024,Turistas secundarios,Bélgica,BE,Lanzarote,219.0
2024-M05,05/2024,Turistas secundarios,Bélgica,BE,Fuerteventura,
2024-M05,05/2024,Turistas secundarios,Bélgica,BE,Gran Canaria,29.0
2024-M05,05/2024,Turistas secundarios,Bélgica,BE,Tenerife,
2024-M05,05/2024,Turistas secundarios,Bélgica,BE,La Palma,
2024-M06,06/2024,Turistas secundarios,Bélgica,BE,Lanzarote,
2024-M06,06/2024,Turistas secundarios,Bélgica,BE,Fuerteventura,
2024-M06,06/2024,Turistas secundarios,Bélgica,BE,Gran Canaria,244.0
2024-M06,06/2024,Turistas secundarios,Bélgica,BE,Tenerife,
2024-M06,06/2024,Turistas secundarios,Bélgica,BE,La Palma,
2024-M07,07/2024,Turistas secundarios,Bélgica,BE,Lanzarote,21.0
2024-M07,07/2024,Turistas secundarios,Bélgica,BE,Fuerteventura,52.0
2024-M07,07/2024,Turistas secundarios,Bélgica,BE,Gran Canaria,15.0
2024-M07,07/2024,Turistas secundarios,Bélgica,BE,Tenerife,
2024-M07,07/2024,Turistas secundarios,Bélgica,BE,La Palma,44.0
2024-M08,08/2024,Turistas secundarios,Bélgica,BE,Lanzarote,115.0
2024-M08,08/2024,Turistas secundarios,Bélgica,BE,Fuerteventura,101.0
2024-M08,08/2024,Turistas secundarios,Bélgica,BE,Gran Canaria,64.0
2024-M08,08/2024,Turistas secundarios,Bélgica,BE,Tenerife,
2024-M08,08/2024,Turistas secundarios,Bélgica,BE,La Palma,
2024-M09,09/2024,Turistas secundarios,Bélgica,BE,Lanzarote,39.0
2024-M09,09/2024,Turistas secundarios,Bélgica,BE,Fuerteventura,
2024-M09,09/2024,Turistas secundarios,Bélgica,BE,Gran Canaria,
2024-M09,09/2024,Turistas secundarios,Bélgica,BE,Tenerife,
2024-M09,09/2024,Turistas secundarios,Bélgica,BE,La Palma,
2024-M10,10/2024,Turistas secundarios,Bélgica,BE,Lanzarote,
2024-M10,10/2024,Turistas secundarios,Bélgica,BE,Fuerteventura,190.0
2024-M10,10/2024,Turistas secundarios,Bélgica,BE,Gran Canaria,
2024-M10,10/2024,Turistas secundarios,Bélgica,BE,Tenerife,
2024-M10,10/2024,Turistas secundarios,Bélgica,BE,La Palma,141.0
2024-M11,11/2024,Turistas secundarios,Bélgica,BE,Lanzarote,76.0
2024-M11,11/2024,Turistas secundarios,Bélgica,BE,Fuerteventura,
2024-M11,11/2024,Turistas secundarios,Bélgica,BE,Gran Canaria,74.0
2024-M11,11/2024,Turistas secundarios,Bélgica,BE,Tenerife,168.0
2024-M11,11/2024,Turistas secundarios,Bélgica,BE,La Palma,85.0
2024-M12,12/2024,Turistas secundarios,Bélgica,BE,Lanzarote,172.0
2024-M12,12/2024,Turistas secundarios,Bélgica,BE,Fuerteventura,72.0
2024-M12,12/2024,Turistas secundarios,Bélgica,BE,Gran Canaria,217.0
2024-M12,12/2024,Turistas secundarios,Bélgica,BE,Tenerife,27.0
2024-M12,12/2024,Turistas secundarios,Bélgica,BE,La Palma,80.0
2025-M01,01/2025,Turistas secundarios,Bélgica,BE,Lanzarote,157.0
2025-M01,01/2025,Turistas secundarios,Bélgica,BE,Fuerteventura,23.0
2025-M01,01/2025,Turistas secundarios,Bélgica,BE,Gran Canaria,107.0
2025-M01,01/2025,Turistas secundarios,Bélgica,BE,Tenerife,217.0
2025-M01,01/2025,Turistas secundarios,Bélgica,BE,La Palma,16.0
2025-M02,02/2025,Turistas secundarios,Bélgica,BE,Lanzarote,71.0
2025-M02,02/2025,Turistas secundarios,Bélgica,BE,Fuerteventura,44.0
2025-M02,02/2025,Turistas secundarios,Bélgica,BE,Gran Canaria,109.0
2025-M02,02/2025,Turistas secundarios,Bélgica,BE,Tenerife,151.0
2025-M02,02/2025,Turistas secundarios,Bélgica,BE,La Palma,
2025-M03,03/2025,Turistas secundarios,Bélgica,BE,Lanzarote,77.0
2025-M03,03/2025,Turistas secundarios,Bélgica,BE,Fuerteventura,18.0
2025-M03,03/2025,Turistas secundarios,Bélgica,BE,Gran Canaria,
2025-M03,03/2025,Turistas secundarios,Bélgica,BE,Tenerife,382.0
2025-M03,03/2025,Turistas secundarios,Bélgica,BE,La Palma,50.0
2025-M04,04/2025,Turistas secundarios,Bélgica,BE,Lanzarote,
2025-M04,04/2025,Turistas secundarios,Bélgica,BE,Fuerteventura,
2025-M04,04/2025,Turistas secundarios,Bélgica,BE,Gran Canaria,87.0
2025-M04,04/2025,Turistas secundarios,Bélgica,BE,Tenerife,19.0
2025-M04,04/2025,Turistas secundarios,Bélgica,BE,La Palma,19.0
2025-M05,05/2025,Turistas secundarios,Bélgica,BE,Lanzarote,256.0
2025-M05,05/2025,Turistas secundarios,Bélgica,BE,Fuerteventura,
2025-M05,05/2025,Turistas secundarios,Bélgica,BE,Gran Canaria,44.0
2025-M05,05/2025,Turistas secundarios,Bélgica,BE,Tenerife,130.0
2025-M05,05/2025,Turistas secundarios,Bélgica,BE,La Palma,17.0
2025-M06,06/2025,Turistas secundarios,Bélgica,BE,Lanzarote,
2025-M06,06/2025,Turistas secundarios,Bélgica,BE,Fuerteventura,
2025-M06,06/2025,Turistas secundarios,Bélgica,BE,Gran Canaria,
2025-M06,06/2025,Turistas secundarios,Bélgica,BE,Tenerife,
2025-M06,06/2025,Turistas secundarios,Bélgica,BE,La Palma,67.0
2025-M07,07/2025,Turistas secundarios,Bélgica,BE,Lanzarote,31.0
2025-M07,07/2025,Turistas secundarios,Bélgica,BE,Fuerteventura,
2025-M07,07/2025,Turistas secundarios,Bélgica,BE,Gran Canaria,
2025-M07,07/2025,Turistas secundarios,Bélgica,BE,Tenerife,27.0
2025-M07,07/2025,Turistas secundarios,Bélgica,BE,La Palma,70.0
2020-M01,01/2020,Turistas secundarios,Otros países o territorios del mundo (excluida España),5000_XES_O,Lanzarote,2193.0
2020-M01,01/2020,Turistas secundarios,Otros países o territorios del mundo (excluida España),5000_XES_O,Fuerteventura,1148.0
2020-M01,01/2020,Turistas secundarios,Otros países o territorios del mundo (excluida España),5000_XES_O,Gran Canaria,1279.0
2020-M01,01/2020,Turistas secundarios,Otros países o territorios del mundo (excluida España),5000_XES_O,Tenerife,1508.0
2020-M01,01/2020,Turistas secundarios,Otros países o territorios del mundo (excluida España),5000_XES_O,La Palma,624.0
2020-M02,02/2020,Turistas secundarios,Otros países o territorios del mundo (excluida España),5000_XES_O,Lanzarote,1147.0
2020-M02,02/2020,Turistas secundarios,Otros países o territorios del mundo (excluida España),5000_XES_O,Fuerteventura,872.0
2020-M02,02/2020,Turistas secundarios,Otros países o territorios del mundo (excluida España),5000_XES_O,Gran Canaria,724.0
2020-M02,02/2020,Turistas secundarios,Otros países o territorios del mundo (excluida España),5000_XES_O,Tenerife,1277.0
2020-M02,02/2020,Turistas secundarios,Otros países o territorios del mundo (excluida España),5000_XES_O,La Palma,267.0
2020-M03,03/2020,Turistas secundarios,Otros países o territorios del mundo (excluida España),5000_XES_O,Lanzarote,818.0
2020-M03,03/2020,Turistas secundarios,Otros países o territorios del mundo (excluida España),5000_XES_O,Fuerteventura,73.0
2020-M03,03/2020,Turistas secundarios,Otros países o territorios del mundo (excluida España),5000_XES_O,Gran Canaria,1562.0
2020-M03,03/2020,Turistas secundarios,Otros países o territorios del mundo (excluida España),5000_XES_O,Tenerife,1260.0
2020-M03,03/2020,Turistas secundarios,Otros países o territorios del mundo (excluida España),5000_XES_O,La Palma,801.0
2020-M04,04/2020,Turistas secundarios,Otros países o territorios del mundo (excluida España),5000_XES_O,Lanzarote,
2020-M04,04/2020,Turistas secundarios,Otros países o territorios del mundo (excluida España),5000_XES_O,Fuerteventura,
2020-M04,04/2020,Turistas secundarios,Otros países o territorios del mundo (excluida España),5000_XES_O,Gran Canaria,
2020-M04,04/2020,Turistas secundarios,Otros países o territorios del mundo (excluida España),5000_XES_O,Tenerife,
2020-M04,04/2020,Turistas secundarios,Otros países o territorios del mundo (excluida España),5000_XES_O,La Palma,
2020-M05,05/2020,Turistas secundarios,Otros países o territorios del mundo (excluida España),5000_XES_O,Lanzarote,
2020-M05,05/2020,Turistas secundarios,Otros países o territorios del mundo (excluida España),5000_XES_O,Fuerteventura,
2020-M05,05/2020,Turistas secundarios,Otros países o territorios del mundo (excluida España),5000_XES_O,Gran Canaria,
2020-M05,05/2020,Turistas secundarios,Otros países o territorios del mundo (excluida España),5000_XES_O,Tenerife,
2020-M05,05/2020,Turistas secundarios,Otros países o territorios del mundo (excluida España),5000_XES_O,La Palma,
2020-M06,06/2020,Turistas secundarios,Otros países o territorios del mundo (excluida España),5000_XES_O,Lanzarote,
2020-M06,06/2020,Turistas secundarios,Otros países o territorios del mundo (excluida España),5000_XES_O,Fuerteventura,6.0
2020-M06,06/2020,Turistas secundarios,Otros países o territorios del mundo (excluida España),5000_XES_O,Gran Canaria,7.0
2020-M06,06/2020,Turistas secundarios,Otros países o territorios del mundo (excluida España),5000_XES_O,Tenerife,31.0
2020-M06,06/2020,Turistas secundarios,Otros países o territorios del mundo (excluida España),5000_XES_O,La Palma,4.0
2020-M07,07/2020,Turistas secundarios,Otros países o territorios del mundo (excluida España),5000_XES_O,Lanzarote,244.0
2020-M07,07/2020,Turistas secundarios,Otros países o territorios del mundo (excluida España),5000_XES_O,Fuerteventura,252.0
2020-M07,07/2020,Turistas secundarios,Otros países o territorios del mundo (excluida España),5000_XES_O,Gran Canaria,262.0
2020-M07,07/2020,Turistas secundarios,Otros países o territorios del mundo (excluida España),5000_XES_O,Tenerife,219.0
2020-M07,07/2020,Turistas secundarios,Otros países o territorios del mundo (excluida España),5000_XES_O,La Palma,21.0
2020-M08,08/2020,Turistas secundarios,Otros países o territorios del mundo (excluida España),5000_XES_O,Lanzarote,299.0
2020-M08,08/2020,Turistas secundarios,Otros países o territorios del mundo (excluida España),5000_XES_O,Fuerteventura,280.0
2020-M08,08/2020,Turistas secundarios,Otros países o territorios del mundo (excluida España),5000_XES_O,Gran Canaria,202.0
2020-M08,08/2020,Turistas secundarios,Otros países o territorios del mundo (excluida España),5000_XES_O,Tenerife,146.0
2020-M08,08/2020,Turistas secundarios,Otros países o territorios del mundo (excluida España),5000_XES_O,La Palma,217.0
2020-M09,09/2020,Turistas secundarios,Otros países o territorios del mundo (excluida España),5000_XES_O,Lanzarote,140.0
2020-M09,09/2020,Turistas secundarios,Otros países o territorios del mundo (excluida España),5000_XES_O,Fuerteventura,74.0
2020-M09,09/2020,Turistas secundarios,Otros países o territorios del mundo (excluida España),5000_XES_O,Gran Canaria,175.0
2020-M09,09/2020,Turistas secundarios,Otros países o territorios del mundo (excluida España),5000_XES_O,Tenerife,133.0
2020-M09,09/2020,Turistas secundarios,Otros países o territorios del mundo (excluida España),5000_XES_O,La Palma,115.0
2020-M10,10/2020,Turistas secundarios,Otros países o territorios del mundo (excluida España),5000_XES_O,Lanzarote,372.0
2020-M10,10/2020,Turistas secundarios,Otros países o territorios del mundo (excluida España),5000_XES_O,Fuerteventura,137.0
2020-M10,10/2020,Turistas secundarios,Otros países o territorios del mundo (excluida España),5000_XES_O,Gran Canaria,223.0
2020-M10,10/2020,Turistas secundarios,Otros países o territorios del mundo (excluida España),5000_XES_O,Tenerife,235.0
2020-M10,10/2020,Turistas secundarios,Otros países o territorios del mundo (excluida España),5000_XES_O,La Palma,92.0
2020-M11,11/2020,Turistas secundarios,Otros países o territorios del mundo (excluida España),5000_XES_O,Lanzarote,285.0
2020-M11,11/2020,Turistas secundarios,Otros países o territorios del mundo (excluida España),5000_XES_O,Fuerteventura,155.0
2020-M11,11/2020,Turistas secundarios,Otros países o territorios del mundo (excluida España),5000_XES_O,Gran Canaria,234.0
2020-M11,11/2020,Turistas secundarios,Otros países o territorios del mundo (excluida España),5000_XES_O,Tenerife,388.0
2020-M11,11/2020,Turistas secundarios,Otros países o territorios del mundo (excluida España),5000_XES_O,La Palma,86.0
2020-M12,12/2020,Turistas secundarios,Otros países o territorios del mundo (excluida España),5000_XES_O,Lanzarote,468.0
2020-M12,12/2020,Turistas secundarios,Otros países o territorios del mundo (excluida España),5000_XES_O,Fuerteventura,290.0
2020-M12,12/2020,Turistas secundarios,Otros países o territorios del mundo (excluida España),5000_XES_O,Gran Canaria,810.0
2020-M12,12/2020,Turistas secundarios,Otros países o territorios del mundo (excluida España),5000_XES_O,Tenerife,508.0
2020-M12,12/2020,Turistas secundarios,Otros países o territorios del mundo (excluida España),5000_XES_O,La Palma,219.0
2021-M01,01/2021,Turistas secundarios,Otros países o territorios del mundo (excluida España),5000_XES_O,Lanzarote,219.0
2021-M01,01/2021,Turistas secundarios,Otros países o territorios del mundo (excluida España),5000_XES_O,Fuerteventura,316.0
2021-M01,01/2021,Turistas secundarios,Otros países o territorios del mundo (excluida España),5000_XES_O,Gran Canaria,350.0
2021-M01,01/2021,Turistas secundarios,Otros países o territorios del mundo (excluida España),5000_XES_O,Tenerife,371.0
2021-M01,01/2021,Turistas secundarios,Otros países o territorios del mundo (excluida España),5000_XES_O,La Palma,161.0
2021-M02,02/2021,Turistas secundarios,Otros países o territorios del mundo (excluida España),5000_XES_O,Lanzarote,165.0
2021-M02,02/2021,Turistas secundarios,Otros países o territorios del mundo (excluida España),5000_XES_O,Fuerteventura,221.0
2021-M02,02/2021,Turistas secundarios,Otros países o territorios del mundo (excluida España),5000_XES_O,Gran Canaria,276.0
2021-M02,02/2021,Turistas secundarios,Otros países o territorios del mundo (excluida España),5000_XES_O,Tenerife,694.0
2021-M02,02/2021,Turistas secundarios,Otros países o territorios del mundo (excluida España),5000_XES_O,La Palma,232.0
2021-M03,03/2021,Turistas secundarios,Otros países o territorios del mundo (excluida España),5000_XES_O,Lanzarote,154.0
2021-M03,03/2021,Turistas secundarios,Otros países o territorios del mundo (excluida España),5000_XES_O,Fuerteventura,129.0
2021-M03,03/2021,Turistas secundarios,Otros países o territorios del mundo (excluida España),5000_XES_O,Gran Canaria,360.0
2021-M03,03/2021,Turistas secundarios,Otros países o territorios del mundo (excluida España),5000_XES_O,Tenerife,218.0
2021-M03,03/2021,Turistas secundarios,Otros países o territorios del mundo (excluida España),5000_XES_O,La Palma,176.0
2021-M04,04/2021,Turistas secundarios,Otros países o territorios del mundo (excluida España),5000_XES_O,Lanzarote,240.0
2021-M04,04/2021,Turistas secundarios,Otros países o territorios del mundo (excluida España),5000_XES_O,Fuerteventura,170.0
2021-M04,04/2021,Turistas secundarios,Otros países o territorios del mundo (excluida España),5000_XES_O,Gran Canaria,201.0
2021-M04,04/2021,Turistas secundarios,Otros países o territorios del mundo (excluida España),5000_XES_O,Tenerife,253.0
2021-M04,04/2021,Turistas secundarios,Otros países o territorios del mundo (excluida España),5000_XES_O,La Palma,115.0
2021-M05,05/2021,Turistas secundarios,Otros países o territorios del mundo (excluida España),5000_XES_O,Lanzarote,247.0
2021-M05,05/2021,Turistas secundarios,Otros países o territorios del mundo (excluida España),5000_XES_O,Fuerteventura,298.0
2021-M05,05/2021,Turistas secundarios,Otros países o territorios del mundo (excluida España),5000_XES_O,Gran Canaria,845.0
2021-M05,05/2021,Turistas secundarios,Otros países o territorios del mundo (excluida España),5000_XES_O,Tenerife,306.0
2021-M05,05/2021,Turistas secundarios,Otros países o territorios del mundo (excluida España),5000_XES_O,La Palma,147.0
2021-M06,06/2021,Turistas secundarios,Otros países o territorios del mundo (excluida España),5000_XES_O,Lanzarote,377.0
2021-M06,06/2021,Turistas secundarios,Otros países o territorios del mundo (excluida España),5000_XES_O,Fuerteventura,240.0
2021-M06,06/2021,Turistas secundarios,Otros países o territorios del mundo (excluida España),5000_XES_O,Gran Canaria,467.0
2021-M06,06/2021,Turistas secundarios,Otros países o territorios del mundo (excluida España),5000_XES_O,Tenerife,470.0
2021-M06,06/2021,Turistas secundarios,Otros países o territorios del mundo (excluida España),5000_XES_O,La Palma,247.0
2021-M07,07/2021,Turistas secundarios,Otros países o territorios del mundo (excluida España),5000_XES_O,Lanzarote,507.0
2021-M07,07/2021,Turistas secundarios,Otros países o territorios del mundo (excluida España),5000_XES_O,Fuerteventura,256.0
2021-M07,07/2021,Turistas secundarios,Otros países o territorios del mundo (excluida España),5000_XES_O,Gran Canaria,455.0
2021-M07,07/2021,Turistas secundarios,Otros países o territorios del mundo (excluida España),5000_XES_O,Tenerife,820.0
2021-M07,07/2021,Turistas secundarios,Otros países o territorios del mundo (excluida España),5000_XES_O,La Palma,209.0
2021-M08,08/2021,Turistas secundarios,Otros países o territorios del mundo (excluida España),5000_XES_O,Lanzarote,293.0
2021-M08,08/2021,Turistas secundarios,Otros países o territorios del mundo (excluida España),5000_XES_O,Fuerteventura,160.0
2021-M08,08/2021,Turistas secundarios,Otros países o territorios del mundo (excluida España),5000_XES_O,Gran Canaria,539.0
2021-M08,08/2021,Turistas secundarios,Otros países o territorios del mundo (excluida España),5000_XES_O,Tenerife,621.0
2021-M08,08/2021,Turistas secundarios,Otros países o territorios del mundo (excluida España),5000_XES_O,La Palma,176.0
2021-M09,09/2021,Turistas secundarios,Otros países o territorios del mundo (excluida España),5000_XES_O,Lanzarote,197.0
2021-M09,09/2021,Turistas secundarios,Otros países o territorios del mundo (excluida España),5000_XES_O,Fuerteventura,352.0
2021-M09,09/2021,Turistas secundarios,Otros países o territorios del mundo (excluida España),5000_XES_O,Gran Canaria,439.0
2021-M09,09/2021,Turistas secundarios,Otros países o territorios del mundo (excluida España),5000_XES_O,Tenerife,233.0
2021-M09,09/2021,Turistas secundarios,Otros países o territorios del mundo (excluida España),5000_XES_O,La Palma,116.0
2021-M10,10/2021,Turistas secundarios,Otros países o territorios del mundo (excluida España),5000_XES_O,Lanzarote,327.0
2021-M10,10/2021,Turistas secundarios,Otros países o territorios del mundo (excluida España),5000_XES_O,Fuerteventura,525.0
2021-M10,10/2021,Turistas secundarios,Otros países o territorios del mundo (excluida España),5000_XES_O,Gran Canaria,817.0
2021-M10,10/2021,Turistas secundarios,Otros países o territorios del mundo (excluida España),5000_XES_O,Tenerife,684.0
2021-M10,10/2021,Turistas secundarios,Otros países o territorios del mundo (excluida España),5000_XES_O,La Palma,292.0
2021-M11,11/2021,Turistas secundarios,Otros países o territorios del mundo (excluida España),5000_XES_O,Lanzarote,985.0
2021-M11,11/2021,Turistas secundarios,Otros países o territorios del mundo (excluida España),5000_XES_O,Fuerteventura,147.0
2021-M11,11/2021,Turistas secundarios,Otros países o territorios del mundo (excluida España),5000_XES_O,Gran Canaria,946.0
2021-M11,11/2021,Turistas secundarios,Otros países o territorios del mundo (excluida España),5000_XES_O,Tenerife,1251.0
2021-M11,11/2021,Turistas secundarios,Otros países o territorios del mundo (excluida España),5000_XES_O,La Palma,596.0
2021-M12,12/2021,Turistas secundarios,Otros países o territorios del mundo (excluida España),5000_XES_O,Lanzarote,1018.0
2021-M12,12/2021,Turistas secundarios,Otros países o territorios del mundo (excluida España),5000_XES_O,Fuerteventura,538.0
2021-M12,12/2021,Turistas secundarios,Otros países o territorios del mundo (excluida España),5000_XES_O,Gran Canaria,836.0
2021-M12,12/2021,Turistas secundarios,Otros países o territorios del mundo (excluida España),5000_XES_O,Tenerife,1579.0
2021-M12,12/2021,Turistas secundarios,Otros países o territorios del mundo (excluida España),5000_XES_O,La Palma,515.0
2022-M01,01/2022,Turistas secundarios,Otros países o territorios del mundo (excluida España),5000_XES_O,Lanzarote,416.0
2022-M01,01/2022,Turistas secundarios,Otros países o territorios del mundo (excluida España),5000_XES_O,Fuerteventura,207.0
2022-M01,01/2022,Turistas secundarios,Otros países o territorios del mundo (excluida España),5000_XES_O,Gran Canaria,811.0
2022-M01,01/2022,Turistas secundarios,Otros países o territorios del mundo (excluida España),5000_XES_O,Tenerife,599.0
2022-M01,01/2022,Turistas secundarios,Otros países o territorios del mundo (excluida España),5000_XES_O,La Palma,416.0
2022-M02,02/2022,Turistas secundarios,Otros países o territorios del mundo (excluida España),5000_XES_O,Lanzarote,202.0
2022-M02,02/2022,Turistas secundarios,Otros países o territorios del mundo (excluida España),5000_XES_O,Fuerteventura,794.0
2022-M02,02/2022,Turistas secundarios,Otros países o territorios del mundo (excluida España),5000_XES_O,Gran Canaria,675.0
2022-M02,02/2022,Turistas secundarios,Otros países o territorios del mundo (excluida España),5000_XES_O,Tenerife,1380.0
2022-M02,02/2022,Turistas secundarios,Otros países o territorios del mundo (excluida España),5000_XES_O,La Palma,583.0
2022-M03,03/2022,Turistas secundarios,Otros países o territorios del mundo (excluida España),5000_XES_O,Lanzarote,386.0
2022-M03,03/2022,Turistas secundarios,Otros países o territorios del mundo (excluida España),5000_XES_O,Fuerteventura,614.0
2022-M03,03/2022,Turistas secundarios,Otros países o territorios del mundo (excluida España),5000_XES_O,Gran Canaria,753.0
2022-M03,03/2022,Turistas secundarios,Otros países o territorios del mundo (excluida España),5000_XES_O,Tenerife,1004.0
2022-M03,03/2022,Turistas secundarios,Otros países o territorios del mundo (excluida España),5000_XES_O,La Palma,363.0
2022-M04,04/2022,Turistas secundarios,Otros países o territorios del mundo (excluida España),5000_XES_O,Lanzarote,463.0
2022-M04,04/2022,Turistas secundarios,Otros países o territorios del mundo (excluida España),5000_XES_O,Fuerteventura,737.0
2022-M04,04/2022,Turistas secundarios,Otros países o territorios del mundo (excluida España),5000_XES_O,Gran Canaria,5676.0
2022-M04,04/2022,Turistas secundarios,Otros países o territorios del mundo (excluida España),5000_XES_O,Tenerife,720.0
2022-M04,04/2022,Turistas secundarios,Otros países o territorios del mundo (excluida España),5000_XES_O,La Palma,823.0
2022-M05,05/2022,Turistas secundarios,Otros países o territorios del mundo (excluida España),5000_XES_O,Lanzarote,455.0
2022-M05,05/2022,Turistas secundarios,Otros países o territorios del mundo (excluida España),5000_XES_O,Fuerteventura,456.0
2022-M05,05/2022,Turistas secundarios,Otros países o territorios del mundo (excluida España),5000_XES_O,Gran Canaria,444.0
2022-M05,05/2022,Turistas secundarios,Otros países o territorios del mundo (excluida España),5000_XES_O,Tenerife,691.0
2022-M05,05/2022,Turistas secundarios,Otros países o territorios del mundo (excluida España),5000_XES_O,La Palma,252.0
2022-M06,06/2022,Turistas secundarios,Otros países o territorios del mundo (excluida España),5000_XES_O,Lanzarote,290.0
2022-M06,06/2022,Turistas secundarios,Otros países o territorios del mundo (excluida España),5000_XES_O,Fuerteventura,191.0
2022-M06,06/2022,Turistas secundarios,Otros países o territorios del mundo (excluida España),5000_XES_O,Gran Canaria,306.0
2022-M06,06/2022,Turistas secundarios,Otros países o territorios del mundo (excluida España),5000_XES_O,Tenerife,466.0
2022-M06,06/2022,Turistas secundarios,Otros países o territorios del mundo (excluida España),5000_XES_O,La Palma,249.0
2022-M07,07/2022,Turistas secundarios,Otros países o territorios del mundo (excluida España),5000_XES_O,Lanzarote,217.0
2022-M07,07/2022,Turistas secundarios,Otros países o territorios del mundo (excluida España),5000_XES_O,Fuerteventura,325.0
2022-M07,07/2022,Turistas secundarios,Otros países o territorios del mundo (excluida España),5000_XES_O,Gran Canaria,638.0
2022-M07,07/2022,Turistas secundarios,Otros países o territorios del mundo (excluida España),5000_XES_O,Tenerife,699.0
2022-M07,07/2022,Turistas secundarios,Otros países o territorios del mundo (excluida España),5000_XES_O,La Palma,307.0
2022-M08,08/2022,Turistas secundarios,Otros países o territorios del mundo (excluida España),5000_XES_O,Lanzarote,279.0
2022-M08,08/2022,Turistas secundarios,Otros países o territorios del mundo (excluida España),5000_XES_O,Fuerteventura,220.0
2022-M08,08/2022,Turistas secundarios,Otros países o territorios del mundo (excluida España),5000_XES_O,Gran Canaria,471.0
2022-M08,08/2022,Turistas secundarios,Otros países o territorios del mundo (excluida España),5000_XES_O,Tenerife,536.0
2022-M08,08/2022,Turistas secundarios,Otros países o territorios del mundo (excluida España),5000_XES_O,La Palma,629.0
2022-M09,09/2022,Turistas secundarios,Otros países o territorios del mundo (excluida España),5000_XES_O,Lanzarote,368.0
2022-M09,09/2022,Turistas secundarios,Otros países o territorios del mundo (excluida España),5000_XES_O,Fuerteventura,343.0
2022-M09,09/2022,Turistas secundarios,Otros países o territorios del mundo (excluida España),5000_XES_O,Gran Canaria,364.0
2022-M09,09/2022,Turistas secundarios,Otros países o territorios del mundo (excluida España),5000_XES_O,Tenerife,680.0
2022-M09,09/2022,Turistas secundarios,Otros países o territorios del mundo (excluida España),5000_XES_O,La Palma,263.0
2022-M10,10/2022,Turistas secundarios,Otros países o territorios del mundo (excluida España),5000_XES_O,Lanzarote,482.0
2022-M10,10/2022,Turistas secundarios,Otros países o territorios del mundo (excluida España),5000_XES_O,Fuerteventura,395.0
2022-M10,10/2022,Turistas secundarios,Otros países o territorios del mundo (excluida España),5000_XES_O,Gran Canaria,762.0
2022-M10,10/2022,Turistas secundarios,Otros países o territorios del mundo (excluida España),5000_XES_O,Tenerife,963.0
2022-M10,10/2022,Turistas secundarios,Otros países o territorios del mundo (excluida España),5000_XES_O,La Palma,457.0
2022-M11,11/2022,Turistas secundarios,Otros países o territorios del mundo (excluida España),5000_XES_O,Lanzarote,1546.0
2022-M11,11/2022,Turistas secundarios,Otros países o territorios del mundo (excluida España),5000_XES_O,Fuerteventura,1000.0
2022-M11,11/2022,Turistas secundarios,Otros países o territorios del mundo (excluida España),5000_XES_O,Gran Canaria,1065.0
2022-M11,11/2022,Turistas secundarios,Otros países o territorios del mundo (excluida España),5000_XES_O,Tenerife,18145.0
2022-M11,11/2022,Turistas secundarios,Otros países o territorios del mundo (excluida España),5000_XES_O,La Palma,875.0
2022-M12,12/2022,Turistas secundarios,Otros países o territorios del mundo (excluida España),5000_XES_O,Lanzarote,1642.0
2022-M12,12/2022,Turistas secundarios,Otros países o territorios del mundo (excluida España),5000_XES_O,Fuerteventura,890.0
2022-M12,12/2022,Turistas secundarios,Otros países o territorios del mundo (excluida España),5000_XES_O,Gran Canaria,1575.0
2022-M12,12/2022,Turistas secundarios,Otros países o territorios del mundo (excluida España),5000_XES_O,Tenerife,2231.0
2022-M12,12/2022,Turistas secundarios,Otros países o territorios del mundo (excluida España),5000_XES_O,La Palma,606.0
2023-M01,01/2023,Turistas secundarios,Otros países o territorios del mundo (excluida España),5000_XES_O,Lanzarote,1673.0
2023-M01,01/2023,Turistas secundarios,Otros países o territorios del mundo (excluida España),5000_XES_O,Fuerteventura,1618.0
2023-M01,01/2023,Turistas secundarios,Otros países o territorios del mundo (excluida España),5000_XES_O,Gran Canaria,2023.0
2023-M01,01/2023,Turistas secundarios,Otros países o territorios del mundo (excluida España),5000_XES_O,Tenerife,1476.0
2023-M01,01/2023,Turistas secundarios,Otros países o territorios del mundo (excluida España),5000_XES_O,La Palma,974.0
2023-M02,02/2023,Turistas secundarios,Otros países o territorios del mundo (excluida España),5000_XES_O,Lanzarote,2465.0
2023-M02,02/2023,Turistas secundarios,Otros países o territorios del mundo (excluida España),5000_XES_O,Fuerteventura,1436.0
2023-M02,02/2023,Turistas secundarios,Otros países o territorios del mundo (excluida España),5000_XES_O,Gran Canaria,1393.0
2023-M02,02/2023,Turistas secundarios,Otros países o territorios del mundo (excluida España),5000_XES_O,Tenerife,3284.0
2023-M02,02/2023,Turistas secundarios,Otros países o territorios del mundo (excluida España),5000_XES_O,La Palma,1370.0
2023-M03,03/2023,Turistas secundarios,Otros países o territorios del mundo (excluida España),5000_XES_O,Lanzarote,983.0
2023-M03,03/2023,Turistas secundarios,Otros países o territorios del mundo (excluida España),5000_XES_O,Fuerteventura,785.0
2023-M03,03/2023,Turistas secundarios,Otros países o territorios del mundo (excluida España),5000_XES_O,Gran Canaria,820.0
2023-M03,03/2023,Turistas secundarios,Otros países o territorios del mundo (excluida España),5000_XES_O,Tenerife,1409.0
2023-M03,03/2023,Turistas secundarios,Otros países o territorios del mundo (excluida España),5000_XES_O,La Palma,549.0
2023-M04,04/2023,Turistas secundarios,Otros países o territorios del mundo (excluida España),5000_XES_O,Lanzarote,846.0
2023-M04,04/2023,Turistas secundarios,Otros países o territorios del mundo (excluida España),5000_XES_O,Fuerteventura,449.0
2023-M04,04/2023,Turistas secundarios,Otros países o territorios del mundo (excluida España),5000_XES_O,Gran Canaria,902.0
2023-M04,04/2023,Turistas secundarios,Otros países o territorios del mundo (excluida España),5000_XES_O,Tenerife,1219.0
2023-M04,04/2023,Turistas secundarios,Otros países o territorios del mundo (excluida España),5000_XES_O,La Palma,343.0
2023-M05,05/2023,Turistas secundarios,Otros países o territorios del mundo (excluida España),5000_XES_O,Lanzarote,304.0
2023-M05,05/2023,Turistas secundarios,Otros países o territorios del mundo (excluida España),5000_XES_O,Fuerteventura,432.0
2023-M05,05/2023,Turistas secundarios,Otros países o territorios del mundo (excluida España),5000_XES_O,Gran Canaria,710.0
2023-M05,05/2023,Turistas secundarios,Otros países o territorios del mundo (excluida España),5000_XES_O,Tenerife,1015.0
2023-M05,05/2023,Turistas secundarios,Otros países o territorios del mundo (excluida España),5000_XES_O,La Palma,415.0
2023-M06,06/2023,Turistas secundarios,Otros países o territorios del mundo (excluida España),5000_XES_O,Lanzarote,459.0
2023-M06,06/2023,Turistas secundarios,Otros países o territorios del mundo (excluida España),5000_XES_O,Fuerteventura,261.0
2023-M06,06/2023,Turistas secundarios,Otros países o territorios del mundo (excluida España),5000_XES_O,Gran Canaria,1158.0
2023-M06,06/2023,Turistas secundarios,Otros países o territorios del mundo (excluida España),5000_XES_O,Tenerife,1183.0
2023-M06,06/2023,Turistas secundarios,Otros países o territorios del mundo (excluida España),5000_XES_O,La Palma,305.0
2023-M07,07/2023,Turistas secundarios,Otros países o territorios del mundo (excluida España),5000_XES_O,Lanzarote,398.0
2023-M07,07/2023,Turistas secundarios,Otros países o territorios del mundo (excluida España),5000_XES_O,Fuerteventura,81.0
2023-M07,07/2023,Turistas secundarios,Otros países o territorios del mundo (excluida España),5000_XES_O,Gran Canaria,1341.0
2023-M07,07/2023,Turistas secundarios,Otros países o territorios del mundo (excluida España),5000_XES_O,Tenerife,1093.0
2023-M07,07/2023,Turistas secundarios,Otros países o territorios del mundo (excluida España),5000_XES_O,La Palma,203.0
2023-M08,08/2023,Turistas secundarios,Otros países o territorios del mundo (excluida España),5000_XES_O,Lanzarote,431.0
2023-M08,08/2023,Turistas secundarios,Otros países o territorios del mundo (excluida España),5000_XES_O,Fuerteventura,213.0
2023-M08,08/2023,Turistas secundarios,Otros países o territorios del mundo (excluida España),5000_XES_O,Gran Canaria,1136.0
2023-M08,08/2023,Turistas secundarios,Otros países o territorios del mundo (excluida España),5000_XES_O,Tenerife,689.0
2023-M08,08/2023,Turistas secundarios,Otros países o territorios del mundo (excluida España),5000_XES_O,La Palma,287.0
2023-M09,09/2023,Turistas secundarios,Otros países o territorios del mundo (excluida España),5000_XES_O,Lanzarote,1211.0
2023-M09,09/2023,Turistas secundarios,Otros países o territorios del mundo (excluida España),5000_XES_O,Fuerteventura,716.0
2023-M09,09/2023,Turistas secundarios,Otros países o territorios del mundo (excluida España),5000_XES_O,Gran Canaria,871.0
2023-M09,09/2023,Turistas secundarios,Otros países o territorios del mundo (excluida España),5000_XES_O,Tenerife,1572.0
2023-M09,09/2023,Turistas secundarios,Otros países o territorios del mundo (excluida España),5000_XES_O,La Palma,649.0
2023-M10,10/2023,Turistas secundarios,Otros países o territorios del mundo (excluida España),5000_XES_O,Lanzarote,402.0
2023-M10,10/2023,Turistas secundarios,Otros países o territorios del mundo (excluida España),5000_XES_O,Fuerteventura,446.0
2023-M10,10/2023,Turistas secundarios,Otros países o territorios del mundo (excluida España),5000_XES_O,Gran Canaria,2644.0
2023-M10,10/2023,Turistas secundarios,Otros países o territorios del mundo (excluida España),5000_XES_O,Tenerife,795.0
2023-M10,10/2023,Turistas secundarios,Otros países o territorios del mundo (excluida España),5000_XES_O,La Palma,724.0
2023-M11,11/2023,Turistas secundarios,Otros países o territorios del mundo (excluida España),5000_XES_O,Lanzarote,2995.0
2023-M11,11/2023,Turistas secundarios,Otros países o territorios del mundo (excluida España),5000_XES_O,Fuerteventura,257.0
2023-M11,11/2023,Turistas secundarios,Otros países o territorios del mundo (excluida España),5000_XES_O,Gran Canaria,1104.0
2023-M11,11/2023,Turistas secundarios,Otros países o territorios del mundo (excluida España),5000_XES_O,Tenerife,5348.0
2023-M11,11/2023,Turistas secundarios,Otros países o territorios del mundo (excluida España),5000_XES_O,La Palma,529.0
2023-M12,12/2023,Turistas secundarios,Otros países o territorios del mundo (excluida España),5000_XES_O,Lanzarote,1975.0
2023-M12,12/2023,Turistas secundarios,Otros países o territorios del mundo (excluida España),5000_XES_O,Fuerteventura,529.0
2023-M12,12/2023,Turistas secundarios,Otros países o territorios del mundo (excluida España),5000_XES_O,Gran Canaria,375.0
2023-M12,12/2023,Turistas secundarios,Otros países o territorios del mundo (excluida España),5000_XES_O,Tenerife,3920.0
2023-M12,12/2023,Turistas secundarios,Otros países o territorios del mundo (excluida España),5000_XES_O,La Palma,605.0
2024-M01,01/2024,Turistas secundarios,Otros países o territorios del mundo (excluida España),5000_XES_O,Lanzarote,1337.0
2024-M01,01/2024,Turistas secundarios,Otros países o territorios del mundo (excluida España),5000_XES_O,Fuerteventura,939.0
2024-M01,01/2024,Turistas secundarios,Otros países o territorios del mundo (excluida España),5000_XES_O,Gran Canaria,2510.0
2024-M01,01/2024,Turistas secundarios,Otros países o territorios del mundo (excluida España),5000_XES_O,Tenerife,1818.0
2024-M01,01/2024,Turistas secundarios,Otros países o territorios del mundo (excluida España),5000_XES_O,La Palma,399.0
2024-M02,02/2024,Turistas secundarios,Otros países o territorios del mundo (excluida España),5000_XES_O,Lanzarote,1230.0
2024-M02,02/2024,Turistas secundarios,Otros países o territorios del mundo (excluida España),5000_XES_O,Fuerteventura,935.0
2024-M02,02/2024,Turistas secundarios,Otros países o territorios del mundo (excluida España),5000_XES_O,Gran Canaria,1581.0
2024-M02,02/2024,Turistas secundarios,Otros países o territorios del mundo (excluida España),5000_XES_O,Tenerife,1192.0
2024-M02,02/2024,Turistas secundarios,Otros países o territorios del mundo (excluida España),5000_XES_O,La Palma,553.0
2024-M03,03/2024,Turistas secundarios,Otros países o territorios del mundo (excluida España),5000_XES_O,Lanzarote,577.0
2024-M03,03/2024,Turistas secundarios,Otros países o territorios del mundo (excluida España),5000_XES_O,Fuerteventura,574.0
2024-M03,03/2024,Turistas secundarios,Otros países o territorios del mundo (excluida España),5000_XES_O,Gran Canaria,1113.0
2024-M03,03/2024,Turistas secundarios,Otros países o territorios del mundo (excluida España),5000_XES_O,Tenerife,1395.0
2024-M03,03/2024,Turistas secundarios,Otros países o territorios del mundo (excluida España),5000_XES_O,La Palma,740.0
2024-M04,04/2024,Turistas secundarios,Otros países o territorios del mundo (excluida España),5000_XES_O,Lanzarote,486.0
2024-M04,04/2024,Turistas secundarios,Otros países o territorios del mundo (excluida España),5000_XES_O,Fuerteventura,661.0
2024-M04,04/2024,Turistas secundarios,Otros países o territorios del mundo (excluida España),5000_XES_O,Gran Canaria,1887.0
2024-M04,04/2024,Turistas secundarios,Otros países o territorios del mundo (excluida España),5000_XES_O,Tenerife,1052.0
2024-M04,04/2024,Turistas secundarios,Otros países o territorios del mundo (excluida España),5000_XES_O,La Palma,441.0
2024-M05,05/2024,Turistas secundarios,Otros países o territorios del mundo (excluida España),5000_XES_O,Lanzarote,156.0
2024-M05,05/2024,Turistas secundarios,Otros países o territorios del mundo (excluida España),5000_XES_O,Fuerteventura,239.0
2024-M05,05/2024,Turistas secundarios,Otros países o territorios del mundo (excluida España),5000_XES_O,Gran Canaria,696.0
2024-M05,05/2024,Turistas secundarios,Otros países o territorios del mundo (excluida España),5000_XES_O,Tenerife,1202.0
2024-M05,05/2024,Turistas secundarios,Otros países o territorios del mundo (excluida España),5000_XES_O,La Palma,158.0
2024-M06,06/2024,Turistas secundarios,Otros países o territorios del mundo (excluida España),5000_XES_O,Lanzarote,500.0
2024-M06,06/2024,Turistas secundarios,Otros países o territorios del mundo (excluida España),5000_XES_O,Fuerteventura,310.0
2024-M06,06/2024,Turistas secundarios,Otros países o territorios del mundo (excluida España),5000_XES_O,Gran Canaria,1413.0
2024-M06,06/2024,Turistas secundarios,Otros países o territorios del mundo (excluida España),5000_XES_O,Tenerife,1212.0
2024-M06,06/2024,Turistas secundarios,Otros países o territorios del mundo (excluida España),5000_XES_O,La Palma,467.0
2024-M07,07/2024,Turistas secundarios,Otros países o territorios del mundo (excluida España),5000_XES_O,Lanzarote,628.0
2024-M07,07/2024,Turistas secundarios,Otros países o territorios del mundo (excluida España),5000_XES_O,Fuerteventura,344.0
2024-M07,07/2024,Turistas secundarios,Otros países o territorios del mundo (excluida España),5000_XES_O,Gran Canaria,2222.0
2024-M07,07/2024,Turistas secundarios,Otros países o territorios del mundo (excluida España),5000_XES_O,Tenerife,1391.0
2024-M07,07/2024,Turistas secundarios,Otros países o territorios del mundo (excluida España),5000_XES_O,La Palma,551.0
2024-M08,08/2024,Turistas secundarios,Otros países o territorios del mundo (excluida España),5000_XES_O,Lanzarote,357.0
2024-M08,08/2024,Turistas secundarios,Otros países o territorios del mundo (excluida España),5000_XES_O,Fuerteventura,194.0
2024-M08,08/2024,Turistas secundarios,Otros países o territorios del mundo (excluida España),5000_XES_O,Gran Canaria,717.0
2024-M08,08/2024,Turistas secundarios,Otros países o territorios del mundo (excluida España),5000_XES_O,Tenerife,857.0
2024-M08,08/2024,Turistas secundarios,Otros países o territorios del mundo (excluida España),5000_XES_O,La Palma,57.0
2024-M09,09/2024,Turistas secundarios,Otros países o territorios del mundo (excluida España),5000_XES_O,Lanzarote,569.0
2024-M09,09/2024,Turistas secundarios,Otros países o territorios del mundo (excluida España),5000_XES_O,Fuerteventura,158.0
2024-M09,09/2024,Turistas secundarios,Otros países o territorios del mundo (excluida España),5000_XES_O,Gran Canaria,309.0
2024-M09,09/2024,Turistas secundarios,Otros países o territorios del mundo (excluida España),5000_XES_O,Tenerife,1627.0
2024-M09,09/2024,Turistas secundarios,Otros países o territorios del mundo (excluida España),5000_XES_O,La Palma,217.0
2024-M10,10/2024,Turistas secundarios,Otros países o territorios del mundo (excluida España),5000_XES_O,Lanzarote,1377.0
2024-M10,10/2024,Turistas secundarios,Otros países o territorios del mundo (excluida España),5000_XES_O,Fuerteventura,337.0
2024-M10,10/2024,Turistas secundarios,Otros países o territorios del mundo (excluida España),5000_XES_O,Gran Canaria,957.0
2024-M10,10/2024,Turistas secundarios,Otros países o territorios del mundo (excluida España),5000_XES_O,Tenerife,3191.0
2024-M10,10/2024,Turistas secundarios,Otros países o territorios del mundo (excluida España),5000_XES_O,La Palma,85.0
2024-M11,11/2024,Turistas secundarios,Otros países o territorios del mundo (excluida España),5000_XES_O,Lanzarote,1666.0
2024-M11,11/2024,Turistas secundarios,Otros países o territorios del mundo (excluida España),5000_XES_O,Fuerteventura,1271.0
2024-M11,11/2024,Turistas secundarios,Otros países o territorios del mundo (excluida España),5000_XES_O,Gran Canaria,1324.0
2024-M11,11/2024,Turistas secundarios,Otros países o territorios del mundo (excluida España),5000_XES_O,Tenerife,3989.0
2024-M11,11/2024,Turistas secundarios,Otros países o territorios del mundo (excluida España),5000_XES_O,La Palma,639.0
2024-M12,12/2024,Turistas secundarios,Otros países o territorios del mundo (excluida España),5000_XES_O,Lanzarote,1749.0
2024-M12,12/2024,Turistas secundarios,Otros países o territorios del mundo (excluida España),5000_XES_O,Fuerteventura,2090.0
2024-M12,12/2024,Turistas secundarios,Otros países o territorios del mundo (excluida España),5000_XES_O,Gran Canaria,4021.0
2024-M12,12/2024,Turistas secundarios,Otros países o territorios del mundo (excluida España),5000_XES_O,Tenerife,3716.0
2024-M12,12/2024,Turistas secundarios,Otros países o territorios del mundo (excluida España),5000_XES_O,La Palma,1739.0
2025-M01,01/2025,Turistas secundarios,Otros países o territorios del mundo (excluida España),5000_XES_O,Lanzarote,1507.0
2025-M01,01/2025,Turistas secundarios,Otros países o territorios del mundo (excluida España),5000_XES_O,Fuerteventura,1085.0
2025-M01,01/2025,Turistas secundarios,Otros países o territorios del mundo (excluida España),5000_XES_O,Gran Canaria,994.0
2025-M01,01/2025,Turistas secundarios,Otros países o territorios del mundo (excluida España),5000_XES_O,Tenerife,2420.0
2025-M01,01/2025,Turistas secundarios,Otros países o territorios del mundo (excluida España),5000_XES_O,La Palma,909.0
2025-M02,02/2025,Turistas secundarios,Otros países o territorios del mundo (excluida España),5000_XES_O,Lanzarote,2027.0
2025-M02,02/2025,Turistas secundarios,Otros países o territorios del mundo (excluida España),5000_XES_O,Fuerteventura,2157.0
2025-M02,02/2025,Turistas secundarios,Otros países o territorios del mundo (excluida España),5000_XES_O,Gran Canaria,2363.0
2025-M02,02/2025,Turistas secundarios,Otros países o territorios del mundo (excluida España),5000_XES_O,Tenerife,3232.0
2025-M02,02/2025,Turistas secundarios,Otros países o territorios del mundo (excluida España),5000_XES_O,La Palma,1694.0
2025-M03,03/2025,Turistas secundarios,Otros países o territorios del mundo (excluida España),5000_XES_O,Lanzarote,975.0
2025-M03,03/2025,Turistas secundarios,Otros países o territorios del mundo (excluida España),5000_XES_O,Fuerteventura,896.0
2025-M03,03/2025,Turistas secundarios,Otros países o territorios del mundo (excluida España),5000_XES_O,Gran Canaria,3557.0
2025-M03,03/2025,Turistas secundarios,Otros países o territorios del mundo (excluida España),5000_XES_O,Tenerife,4565.0
2025-M03,03/2025,Turistas secundarios,Otros países o territorios del mundo (excluida España),5000_XES_O,La Palma,1234.0
2025-M04,04/2025,Turistas secundarios,Otros países o territorios del mundo (excluida España),5000_XES_O,Lanzarote,774.0
2025-M04,04/2025,Turistas secundarios,Otros países o territorios del mundo (excluida España),5000_XES_O,Fuerteventura,2250.0
2025-M04,04/2025,Turistas secundarios,Otros países o territorios del mundo (excluida España),5000_XES_O,Gran Canaria,1911.0
2025-M04,04/2025,Turistas secundarios,Otros países o territorios del mundo (excluida España),5000_XES_O,Tenerife,3518.0
2025-M04,04/2025,Turistas secundarios,Otros países o territorios del mundo (excluida España),5000_XES_O,La Palma,1533.0
2025-M05,05/2025,Turistas secundarios,Otros países o territorios del mundo (excluida España),5000_XES_O,Lanzarote,324.0
2025-M05,05/2025,Turistas secundarios,Otros países o territorios del mundo (excluida España),5000_XES_O,Fuerteventura,410.0
2025-M05,05/2025,Turistas secundarios,Otros países o territorios del mundo (excluida España),5000_XES_O,Gran Canaria,590.0
2025-M05,05/2025,Turistas secundarios,Otros países o territorios del mundo (excluida España),5000_XES_O,Tenerife,658.0
2025-M05,05/2025,Turistas secundarios,Otros países o territorios del mundo (excluida España),5000_XES_O,La Palma,176.0
2025-M06,06/2025,Turistas secundarios,Otros países o territorios del mundo (excluida España),5000_XES_O,Lanzarote,409.0
2025-M06,06/2025,Turistas secundarios,Otros países o territorios del mundo (excluida España),5000_XES_O,Fuerteventura,264.0
2025-M06,06/2025,Turistas secundarios,Otros países o territorios del mundo (excluida España),5000_XES_O,Gran Canaria,515.0
2025-M06,06/2025,Turistas secundarios,Otros países o territorios del mundo (excluida España),5000_XES_O,Tenerife,1102.0
2025-M06,06/2025,Turistas secundarios,Otros países o territorios del mundo (excluida España),5000_XES_O,La Palma,436.0
2025-M07,07/2025,Turistas secundarios,Otros países o territorios del mundo (excluida España),5000_XES_O,Lanzarote,2019.0
2025-M07,07/2025,Turistas secundarios,Otros países o territorios del mundo (excluida España),5000_XES_O,Fuerteventura,191.0
2025-M07,07/2025,Turistas secundarios,Otros países o territorios del mundo (excluida España),5000_XES_O,Gran Canaria,276.0
2025-M07,07/2025,Turistas secundarios,Otros países o territorios del mundo (excluida España),5000_XES_O,Tenerife,766.0
2025-M07,07/2025,Turistas secundarios,Otros países o territorios del mundo (excluida España),5000_XES_O,La Palma,87.0
2020-M01,01/2020,Turistas secundarios,Irlanda,IE,Lanzarote,360.0
2020-M01,01/2020,Turistas secundarios,Irlanda,IE,Fuerteventura,
2020-M01,01/2020,Turistas secundarios,Irlanda,IE,Gran Canaria,328.0
2020-M01,01/2020,Turistas secundarios,Irlanda,IE,Tenerife,180.0
2020-M01,01/2020,Turistas secundarios,Irlanda,IE,La Palma,258.0
2020-M02,02/2020,Turistas secundarios,Irlanda,IE,Lanzarote,193.0
2020-M02,02/2020,Turistas secundarios,Irlanda,IE,Fuerteventura,26.0
2020-M02,02/2020,Turistas secundarios,Irlanda,IE,Gran Canaria,178.0
2020-M02,02/2020,Turistas secundarios,Irlanda,IE,Tenerife,60.0
2020-M02,02/2020,Turistas secundarios,Irlanda,IE,La Palma,177.0
2020-M03,03/2020,Turistas secundarios,Irlanda,IE,Lanzarote,44.0
2020-M03,03/2020,Turistas secundarios,Irlanda,IE,Fuerteventura,6.0
2020-M03,03/2020,Turistas secundarios,Irlanda,IE,Gran Canaria,43.0
2020-M03,03/2020,Turistas secundarios,Irlanda,IE,Tenerife,
2020-M03,03/2020,Turistas secundarios,Irlanda,IE,La Palma,44.0
2020-M04,04/2020,Turistas secundarios,Irlanda,IE,Lanzarote,
2020-M04,04/2020,Turistas secundarios,Irlanda,IE,Fuerteventura,
2020-M04,04/2020,Turistas secundarios,Irlanda,IE,Gran Canaria,
2020-M04,04/2020,Turistas secundarios,Irlanda,IE,Tenerife,
2020-M04,04/2020,Turistas secundarios,Irlanda,IE,La Palma,
2020-M05,05/2020,Turistas secundarios,Irlanda,IE,Lanzarote,
2020-M05,05/2020,Turistas secundarios,Irlanda,IE,Fuerteventura,
2020-M05,05/2020,Turistas secundarios,Irlanda,IE,Gran Canaria,
2020-M05,05/2020,Turistas secundarios,Irlanda,IE,Tenerife,
2020-M05,05/2020,Turistas secundarios,Irlanda,IE,La Palma,
2020-M06,06/2020,Turistas secundarios,Irlanda,IE,Lanzarote,
2020-M06,06/2020,Turistas secundarios,Irlanda,IE,Fuerteventura,
2020-M06,06/2020,Turistas secundarios,Irlanda,IE,Gran Canaria,
2020-M06,06/2020,Turistas secundarios,Irlanda,IE,Tenerife,
2020-M06,06/2020,Turistas secundarios,Irlanda,IE,La Palma,
2020-M07,07/2020,Turistas secundarios,Irlanda,IE,Lanzarote,
2020-M07,07/2020,Turistas secundarios,Irlanda,IE,Fuerteventura,10.0
2020-M07,07/2020,Turistas secundarios,Irlanda,IE,Gran Canaria,25.0
2020-M07,07/2020,Turistas secundarios,Irlanda,IE,Tenerife,
2020-M07,07/2020,Turistas secundarios,Irlanda,IE,La Palma,
2020-M08,08/2020,Turistas secundarios,Irlanda,IE,Lanzarote,1.0
2020-M08,08/2020,Turistas secundarios,Irlanda,IE,Fuerteventura,
2020-M08,08/2020,Turistas secundarios,Irlanda,IE,Gran Canaria,1.0
2020-M08,08/2020,Turistas secundarios,Irlanda,IE,Tenerife,6.0
2020-M08,08/2020,Turistas secundarios,Irlanda,IE,La Palma,12.0
2020-M09,09/2020,Turistas secundarios,Irlanda,IE,Lanzarote,22.0
2020-M09,09/2020,Turistas secundarios,Irlanda,IE,Fuerteventura,
2020-M09,09/2020,Turistas secundarios,Irlanda,IE,Gran Canaria,
2020-M09,09/2020,Turistas secundarios,Irlanda,IE,Tenerife,
2020-M09,09/2020,Turistas secundarios,Irlanda,IE,La Palma,
2020-M10,10/2020,Turistas secundarios,Irlanda,IE,Lanzarote,53.0
2020-M10,10/2020,Turistas secundarios,Irlanda,IE,Fuerteventura,
2020-M10,10/2020,Turistas secundarios,Irlanda,IE,Gran Canaria,
2020-M10,10/2020,Turistas secundarios,Irlanda,IE,Tenerife,
2020-M10,10/2020,Turistas secundarios,Irlanda,IE,La Palma,
2020-M11,11/2020,Turistas secundarios,Irlanda,IE,Lanzarote,
2020-M11,11/2020,Turistas secundarios,Irlanda,IE,Fuerteventura,
2020-M11,11/2020,Turistas secundarios,Irlanda,IE,Gran Canaria,
2020-M11,11/2020,Turistas secundarios,Irlanda,IE,Tenerife,9.0
2020-M11,11/2020,Turistas secundarios,Irlanda,IE,La Palma,
2020-M12,12/2020,Turistas secundarios,Irlanda,IE,Lanzarote,
2020-M12,12/2020,Turistas secundarios,Irlanda,IE,Fuerteventura,5.0
2020-M12,12/2020,Turistas secundarios,Irlanda,IE,Gran Canaria,30.0
2020-M12,12/2020,Turistas secundarios,Irlanda,IE,Tenerife,36.0
2020-M12,12/2020,Turistas secundarios,Irlanda,IE,La Palma,
2021-M01,01/2021,Turistas secundarios,Irlanda,IE,Lanzarote,10.0
2021-M01,01/2021,Turistas secundarios,Irlanda,IE,Fuerteventura,11.0
2021-M01,01/2021,Turistas secundarios,Irlanda,IE,Gran Canaria,8.0
2021-M01,01/2021,Turistas secundarios,Irlanda,IE,Tenerife,14.0
2021-M01,01/2021,Turistas secundarios,Irlanda,IE,La Palma,
2021-M02,02/2021,Turistas secundarios,Irlanda,IE,Lanzarote,1.0
2021-M02,02/2021,Turistas secundarios,Irlanda,IE,Fuerteventura,8.0
2021-M02,02/2021,Turistas secundarios,Irlanda,IE,Gran Canaria,1.0
2021-M02,02/2021,Turistas secundarios,Irlanda,IE,Tenerife,
2021-M02,02/2021,Turistas secundarios,Irlanda,IE,La Palma,1.0
2021-M03,03/2021,Turistas secundarios,Irlanda,IE,Lanzarote,
2021-M03,03/2021,Turistas secundarios,Irlanda,IE,Fuerteventura,4.0
2021-M03,03/2021,Turistas secundarios,Irlanda,IE,Gran Canaria,3.0
2021-M03,03/2021,Turistas secundarios,Irlanda,IE,Tenerife,3.0
2021-M03,03/2021,Turistas secundarios,Irlanda,IE,La Palma,
2021-M04,04/2021,Turistas secundarios,Irlanda,IE,Lanzarote,1.0
2021-M04,04/2021,Turistas secundarios,Irlanda,IE,Fuerteventura,15.0
2021-M04,04/2021,Turistas secundarios,Irlanda,IE,Gran Canaria,1.0
2021-M04,04/2021,Turistas secundarios,Irlanda,IE,Tenerife,23.0
2021-M04,04/2021,Turistas secundarios,Irlanda,IE,La Palma,1.0
2021-M05,05/2021,Turistas secundarios,Irlanda,IE,Lanzarote,
2021-M05,05/2021,Turistas secundarios,Irlanda,IE,Fuerteventura,
2021-M05,05/2021,Turistas secundarios,Irlanda,IE,Gran Canaria,17.0
2021-M05,05/2021,Turistas secundarios,Irlanda,IE,Tenerife,13.0
2021-M05,05/2021,Turistas secundarios,Irlanda,IE,La Palma,4.0
2021-M06,06/2021,Turistas secundarios,Irlanda,IE,Lanzarote,
2021-M06,06/2021,Turistas secundarios,Irlanda,IE,Fuerteventura,
2021-M06,06/2021,Turistas secundarios,Irlanda,IE,Gran Canaria,
2021-M06,06/2021,Turistas secundarios,Irlanda,IE,Tenerife,
2021-M06,06/2021,Turistas secundarios,Irlanda,IE,La Palma,
2021-M07,07/2021,Turistas secundarios,Irlanda,IE,Lanzarote,
2021-M07,07/2021,Turistas secundarios,Irlanda,IE,Fuerteventura,
2021-M07,07/2021,Turistas secundarios,Irlanda,IE,Gran Canaria,37.0
2021-M07,07/2021,Turistas secundarios,Irlanda,IE,Tenerife,40.0
2021-M07,07/2021,Turistas secundarios,Irlanda,IE,La Palma,70.0
2021-M08,08/2021,Turistas secundarios,Irlanda,IE,Lanzarote,27.0
2021-M08,08/2021,Turistas secundarios,Irlanda,IE,Fuerteventura,
2021-M08,08/2021,Turistas secundarios,Irlanda,IE,Gran Canaria,
2021-M08,08/2021,Turistas secundarios,Irlanda,IE,Tenerife,20.0
2021-M08,08/2021,Turistas secundarios,Irlanda,IE,La Palma,
2021-M09,09/2021,Turistas secundarios,Irlanda,IE,Lanzarote,
2021-M09,09/2021,Turistas secundarios,Irlanda,IE,Fuerteventura,5.0
2021-M09,09/2021,Turistas secundarios,Irlanda,IE,Gran Canaria,
2021-M09,09/2021,Turistas secundarios,Irlanda,IE,Tenerife,
2021-M09,09/2021,Turistas secundarios,Irlanda,IE,La Palma,
2021-M10,10/2021,Turistas secundarios,Irlanda,IE,Lanzarote,13.0
2021-M10,10/2021,Turistas secundarios,Irlanda,IE,Fuerteventura,10.0
2021-M10,10/2021,Turistas secundarios,Irlanda,IE,Gran Canaria,
2021-M10,10/2021,Turistas secundarios,Irlanda,IE,Tenerife,103.0
2021-M10,10/2021,Turistas secundarios,Irlanda,IE,La Palma,
2021-M11,11/2021,Turistas secundarios,Irlanda,IE,Lanzarote,14.0
2021-M11,11/2021,Turistas secundarios,Irlanda,IE,Fuerteventura,12.0
2021-M11,11/2021,Turistas secundarios,Irlanda,IE,Gran Canaria,12.0
2021-M11,11/2021,Turistas secundarios,Irlanda,IE,Tenerife,113.0
2021-M11,11/2021,Turistas secundarios,Irlanda,IE,La Palma,81.0
2021-M12,12/2021,Turistas secundarios,Irlanda,IE,Lanzarote,94.0
2021-M12,12/2021,Turistas secundarios,Irlanda,IE,Fuerteventura,92.0
2021-M12,12/2021,Turistas secundarios,Irlanda,IE,Gran Canaria,113.0
2021-M12,12/2021,Turistas secundarios,Irlanda,IE,Tenerife,69.0
2021-M12,12/2021,Turistas secundarios,Irlanda,IE,La Palma,30.0
2022-M01,01/2022,Turistas secundarios,Irlanda,IE,Lanzarote,160.0
2022-M01,01/2022,Turistas secundarios,Irlanda,IE,Fuerteventura,34.0
2022-M01,01/2022,Turistas secundarios,Irlanda,IE,Gran Canaria,147.0
2022-M01,01/2022,Turistas secundarios,Irlanda,IE,Tenerife,31.0
2022-M01,01/2022,Turistas secundarios,Irlanda,IE,La Palma,205.0
2022-M02,02/2022,Turistas secundarios,Irlanda,IE,Lanzarote,96.0
2022-M02,02/2022,Turistas secundarios,Irlanda,IE,Fuerteventura,239.0
2022-M02,02/2022,Turistas secundarios,Irlanda,IE,Gran Canaria,140.0
2022-M02,02/2022,Turistas secundarios,Irlanda,IE,Tenerife,169.0
2022-M02,02/2022,Turistas secundarios,Irlanda,IE,La Palma,96.0
2022-M03,03/2022,Turistas secundarios,Irlanda,IE,Lanzarote,
2022-M03,03/2022,Turistas secundarios,Irlanda,IE,Fuerteventura,42.0
2022-M03,03/2022,Turistas secundarios,Irlanda,IE,Gran Canaria,42.0
2022-M03,03/2022,Turistas secundarios,Irlanda,IE,Tenerife,179.0
2022-M03,03/2022,Turistas secundarios,Irlanda,IE,La Palma,
2022-M04,04/2022,Turistas secundarios,Irlanda,IE,Lanzarote,
2022-M04,04/2022,Turistas secundarios,Irlanda,IE,Fuerteventura,29.0
2022-M04,04/2022,Turistas secundarios,Irlanda,IE,Gran Canaria,
2022-M04,04/2022,Turistas secundarios,Irlanda,IE,Tenerife,66.0
2022-M04,04/2022,Turistas secundarios,Irlanda,IE,La Palma,
2022-M05,05/2022,Turistas secundarios,Irlanda,IE,Lanzarote,
2022-M05,05/2022,Turistas secundarios,Irlanda,IE,Fuerteventura,367.0
2022-M05,05/2022,Turistas secundarios,Irlanda,IE,Gran Canaria,58.0
2022-M05,05/2022,Turistas secundarios,Irlanda,IE,Tenerife,334.0
2022-M05,05/2022,Turistas secundarios,Irlanda,IE,La Palma,29.0
2022-M06,06/2022,Turistas secundarios,Irlanda,IE,Lanzarote,
2022-M06,06/2022,Turistas secundarios,Irlanda,IE,Fuerteventura,104.0
2022-M06,06/2022,Turistas secundarios,Irlanda,IE,Gran Canaria,
2022-M06,06/2022,Turistas secundarios,Irlanda,IE,Tenerife,
2022-M06,06/2022,Turistas secundarios,Irlanda,IE,La Palma,
2022-M07,07/2022,Turistas secundarios,Irlanda,IE,Lanzarote,71.0
2022-M07,07/2022,Turistas secundarios,Irlanda,IE,Fuerteventura,101.0
2022-M07,07/2022,Turistas secundarios,Irlanda,IE,Gran Canaria,43.0
2022-M07,07/2022,Turistas secundarios,Irlanda,IE,Tenerife,63.0
2022-M07,07/2022,Turistas secundarios,Irlanda,IE,La Palma,229.0
2022-M08,08/2022,Turistas secundarios,Irlanda,IE,Lanzarote,30.0
2022-M08,08/2022,Turistas secundarios,Irlanda,IE,Fuerteventura,97.0
2022-M08,08/2022,Turistas secundarios,Irlanda,IE,Gran Canaria,9.0
2022-M08,08/2022,Turistas secundarios,Irlanda,IE,Tenerife,27.0
2022-M08,08/2022,Turistas secundarios,Irlanda,IE,La Palma,
2022-M09,09/2022,Turistas secundarios,Irlanda,IE,Lanzarote,35.0
2022-M09,09/2022,Turistas secundarios,Irlanda,IE,Fuerteventura,86.0
2022-M09,09/2022,Turistas secundarios,Irlanda,IE,Gran Canaria,7.0
2022-M09,09/2022,Turistas secundarios,Irlanda,IE,Tenerife,224.0
2022-M09,09/2022,Turistas secundarios,Irlanda,IE,La Palma,
2022-M10,10/2022,Turistas secundarios,Irlanda,IE,Lanzarote,1.0
2022-M10,10/2022,Turistas secundarios,Irlanda,IE,Fuerteventura,1.0
2022-M10,10/2022,Turistas secundarios,Irlanda,IE,Gran Canaria,7.0
2022-M10,10/2022,Turistas secundarios,Irlanda,IE,Tenerife,31.0
2022-M10,10/2022,Turistas secundarios,Irlanda,IE,La Palma,1.0
2022-M11,11/2022,Turistas secundarios,Irlanda,IE,Lanzarote,21.0
2022-M11,11/2022,Turistas secundarios,Irlanda,IE,Fuerteventura,39.0
2022-M11,11/2022,Turistas secundarios,Irlanda,IE,Gran Canaria,44.0
2022-M11,11/2022,Turistas secundarios,Irlanda,IE,Tenerife,33.0
2022-M11,11/2022,Turistas secundarios,Irlanda,IE,La Palma,33.0
2022-M12,12/2022,Turistas secundarios,Irlanda,IE,Lanzarote,
2022-M12,12/2022,Turistas secundarios,Irlanda,IE,Fuerteventura,
2022-M12,12/2022,Turistas secundarios,Irlanda,IE,Gran Canaria,74.0
2022-M12,12/2022,Turistas secundarios,Irlanda,IE,Tenerife,137.0
2022-M12,12/2022,Turistas secundarios,Irlanda,IE,La Palma,67.0
2023-M01,01/2023,Turistas secundarios,Irlanda,IE,Lanzarote,269.0
2023-M01,01/2023,Turistas secundarios,Irlanda,IE,Fuerteventura,308.0
2023-M01,01/2023,Turistas secundarios,Irlanda,IE,Gran Canaria,300.0
2023-M01,01/2023,Turistas secundarios,Irlanda,IE,Tenerife,21.0
2023-M01,01/2023,Turistas secundarios,Irlanda,IE,La Palma,72.0
2023-M02,02/2023,Turistas secundarios,Irlanda,IE,Lanzarote,129.0
2023-M02,02/2023,Turistas secundarios,Irlanda,IE,Fuerteventura,184.0
2023-M02,02/2023,Turistas secundarios,Irlanda,IE,Gran Canaria,160.0
2023-M02,02/2023,Turistas secundarios,Irlanda,IE,Tenerife,205.0
2023-M02,02/2023,Turistas secundarios,Irlanda,IE,La Palma,17.0
2023-M03,03/2023,Turistas secundarios,Irlanda,IE,Lanzarote,270.0
2023-M03,03/2023,Turistas secundarios,Irlanda,IE,Fuerteventura,189.0
2023-M03,03/2023,Turistas secundarios,Irlanda,IE,Gran Canaria,189.0
2023-M03,03/2023,Turistas secundarios,Irlanda,IE,Tenerife,27.0
2023-M03,03/2023,Turistas secundarios,Irlanda,IE,La Palma,33.0
2023-M04,04/2023,Turistas secundarios,Irlanda,IE,Lanzarote,209.0
2023-M04,04/2023,Turistas secundarios,Irlanda,IE,Fuerteventura,209.0
2023-M04,04/2023,Turistas secundarios,Irlanda,IE,Gran Canaria,209.0
2023-M04,04/2023,Turistas secundarios,Irlanda,IE,Tenerife,
2023-M04,04/2023,Turistas secundarios,Irlanda,IE,La Palma,23.0
2023-M05,05/2023,Turistas secundarios,Irlanda,IE,Lanzarote,103.0
2023-M05,05/2023,Turistas secundarios,Irlanda,IE,Fuerteventura,115.0
2023-M05,05/2023,Turistas secundarios,Irlanda,IE,Gran Canaria,103.0
2023-M05,05/2023,Turistas secundarios,Irlanda,IE,Tenerife,
2023-M05,05/2023,Turistas secundarios,Irlanda,IE,La Palma,
2023-M06,06/2023,Turistas secundarios,Irlanda,IE,Lanzarote,238.0
2023-M06,06/2023,Turistas secundarios,Irlanda,IE,Fuerteventura,198.0
2023-M06,06/2023,Turistas secundarios,Irlanda,IE,Gran Canaria,237.0
2023-M06,06/2023,Turistas secundarios,Irlanda,IE,Tenerife,
2023-M06,06/2023,Turistas secundarios,Irlanda,IE,La Palma,33.0
2023-M07,07/2023,Turistas secundarios,Irlanda,IE,Lanzarote,296.0
2023-M07,07/2023,Turistas secundarios,Irlanda,IE,Fuerteventura,213.0
2023-M07,07/2023,Turistas secundarios,Irlanda,IE,Gran Canaria,178.0
2023-M07,07/2023,Turistas secundarios,Irlanda,IE,Tenerife,
2023-M07,07/2023,Turistas secundarios,Irlanda,IE,La Palma,18.0
2023-M08,08/2023,Turistas secundarios,Irlanda,IE,Lanzarote,173.0
2023-M08,08/2023,Turistas secundarios,Irlanda,IE,Fuerteventura,141.0
2023-M08,08/2023,Turistas secundarios,Irlanda,IE,Gran Canaria,305.0
2023-M08,08/2023,Turistas secundarios,Irlanda,IE,Tenerife,50.0
2023-M08,08/2023,Turistas secundarios,Irlanda,IE,La Palma,18.0
2023-M09,09/2023,Turistas secundarios,Irlanda,IE,Lanzarote,100.0
2023-M09,09/2023,Turistas secundarios,Irlanda,IE,Fuerteventura,274.0
2023-M09,09/2023,Turistas secundarios,Irlanda,IE,Gran Canaria,181.0
2023-M09,09/2023,Turistas secundarios,Irlanda,IE,Tenerife,
2023-M09,09/2023,Turistas secundarios,Irlanda,IE,La Palma,6.0
2023-M10,10/2023,Turistas secundarios,Irlanda,IE,Lanzarote,75.0
2023-M10,10/2023,Turistas secundarios,Irlanda,IE,Fuerteventura,
2023-M10,10/2023,Turistas secundarios,Irlanda,IE,Gran Canaria,207.0
2023-M10,10/2023,Turistas secundarios,Irlanda,IE,Tenerife,
2023-M10,10/2023,Turistas secundarios,Irlanda,IE,La Palma,
2023-M11,11/2023,Turistas secundarios,Irlanda,IE,Lanzarote,25.0
2023-M11,11/2023,Turistas secundarios,Irlanda,IE,Fuerteventura,73.0
2023-M11,11/2023,Turistas secundarios,Irlanda,IE,Gran Canaria,131.0
2023-M11,11/2023,Turistas secundarios,Irlanda,IE,Tenerife,166.0
2023-M11,11/2023,Turistas secundarios,Irlanda,IE,La Palma,79.0
2023-M12,12/2023,Turistas secundarios,Irlanda,IE,Lanzarote,156.0
2023-M12,12/2023,Turistas secundarios,Irlanda,IE,Fuerteventura,92.0
2023-M12,12/2023,Turistas secundarios,Irlanda,IE,Gran Canaria,92.0
2023-M12,12/2023,Turistas secundarios,Irlanda,IE,Tenerife,14.0
2023-M12,12/2023,Turistas secundarios,Irlanda,IE,La Palma,14.0
2024-M01,01/2024,Turistas secundarios,Irlanda,IE,Lanzarote,175.0
2024-M01,01/2024,Turistas secundarios,Irlanda,IE,Fuerteventura,240.0
2024-M01,01/2024,Turistas secundarios,Irlanda,IE,Gran Canaria,214.0
2024-M01,01/2024,Turistas secundarios,Irlanda,IE,Tenerife,128.0
2024-M01,01/2024,Turistas secundarios,Irlanda,IE,La Palma,121.0
2024-M02,02/2024,Turistas secundarios,Irlanda,IE,Lanzarote,173.0
2024-M02,02/2024,Turistas secundarios,Irlanda,IE,Fuerteventura,217.0
2024-M02,02/2024,Turistas secundarios,Irlanda,IE,Gran Canaria,147.0
2024-M02,02/2024,Turistas secundarios,Irlanda,IE,Tenerife,
2024-M02,02/2024,Turistas secundarios,Irlanda,IE,La Palma,28.0
2024-M03,03/2024,Turistas secundarios,Irlanda,IE,Lanzarote,408.0
2024-M03,03/2024,Turistas secundarios,Irlanda,IE,Fuerteventura,270.0
2024-M03,03/2024,Turistas secundarios,Irlanda,IE,Gran Canaria,242.0
2024-M03,03/2024,Turistas secundarios,Irlanda,IE,Tenerife,
2024-M03,03/2024,Turistas secundarios,Irlanda,IE,La Palma,23.0
2024-M04,04/2024,Turistas secundarios,Irlanda,IE,Lanzarote,96.0
2024-M04,04/2024,Turistas secundarios,Irlanda,IE,Fuerteventura,96.0
2024-M04,04/2024,Turistas secundarios,Irlanda,IE,Gran Canaria,96.0
2024-M04,04/2024,Turistas secundarios,Irlanda,IE,Tenerife,
2024-M04,04/2024,Turistas secundarios,Irlanda,IE,La Palma,9.0
2024-M05,05/2024,Turistas secundarios,Irlanda,IE,Lanzarote,295.0
2024-M05,05/2024,Turistas secundarios,Irlanda,IE,Fuerteventura,174.0
2024-M05,05/2024,Turistas secundarios,Irlanda,IE,Gran Canaria,174.0
2024-M05,05/2024,Turistas secundarios,Irlanda,IE,Tenerife,
2024-M05,05/2024,Turistas secundarios,Irlanda,IE,La Palma,33.0
2024-M06,06/2024,Turistas secundarios,Irlanda,IE,Lanzarote,166.0
2024-M06,06/2024,Turistas secundarios,Irlanda,IE,Fuerteventura,142.0
2024-M06,06/2024,Turistas secundarios,Irlanda,IE,Gran Canaria,142.0
2024-M06,06/2024,Turistas secundarios,Irlanda,IE,Tenerife,
2024-M06,06/2024,Turistas secundarios,Irlanda,IE,La Palma,27.0
2024-M07,07/2024,Turistas secundarios,Irlanda,IE,Lanzarote,139.0
2024-M07,07/2024,Turistas secundarios,Irlanda,IE,Fuerteventura,104.0
2024-M07,07/2024,Turistas secundarios,Irlanda,IE,Gran Canaria,213.0
2024-M07,07/2024,Turistas secundarios,Irlanda,IE,Tenerife,
2024-M07,07/2024,Turistas secundarios,Irlanda,IE,La Palma,13.0
2024-M08,08/2024,Turistas secundarios,Irlanda,IE,Lanzarote,171.0
2024-M08,08/2024,Turistas secundarios,Irlanda,IE,Fuerteventura,171.0
2024-M08,08/2024,Turistas secundarios,Irlanda,IE,Gran Canaria,171.0
2024-M08,08/2024,Turistas secundarios,Irlanda,IE,Tenerife,
2024-M08,08/2024,Turistas secundarios,Irlanda,IE,La Palma,21.0
2024-M09,09/2024,Turistas secundarios,Irlanda,IE,Lanzarote,107.0
2024-M09,09/2024,Turistas secundarios,Irlanda,IE,Fuerteventura,55.0
2024-M09,09/2024,Turistas secundarios,Irlanda,IE,Gran Canaria,101.0
2024-M09,09/2024,Turistas secundarios,Irlanda,IE,Tenerife,83.0
2024-M09,09/2024,Turistas secundarios,Irlanda,IE,La Palma,13.0
2024-M10,10/2024,Turistas secundarios,Irlanda,IE,Lanzarote,
2024-M10,10/2024,Turistas secundarios,Irlanda,IE,Fuerteventura,
2024-M10,10/2024,Turistas secundarios,Irlanda,IE,Gran Canaria,
2024-M10,10/2024,Turistas secundarios,Irlanda,IE,Tenerife,101.0
2024-M10,10/2024,Turistas secundarios,Irlanda,IE,La Palma,
2024-M11,11/2024,Turistas secundarios,Irlanda,IE,Lanzarote,44.0
2024-M11,11/2024,Turistas secundarios,Irlanda,IE,Fuerteventura,44.0
2024-M11,11/2024,Turistas secundarios,Irlanda,IE,Gran Canaria,184.0
2024-M11,11/2024,Turistas secundarios,Irlanda,IE,Tenerife,129.0
2024-M11,11/2024,Turistas secundarios,Irlanda,IE,La Palma,
2024-M12,12/2024,Turistas secundarios,Irlanda,IE,Lanzarote,107.0
2024-M12,12/2024,Turistas secundarios,Irlanda,IE,Fuerteventura,75.0
2024-M12,12/2024,Turistas secundarios,Irlanda,IE,Gran Canaria,75.0
2024-M12,12/2024,Turistas secundarios,Irlanda,IE,Tenerife,96.0
2024-M12,12/2024,Turistas secundarios,Irlanda,IE,La Palma,9.0
2025-M01,01/2025,Turistas secundarios,Irlanda,IE,Lanzarote,306.0
2025-M01,01/2025,Turistas secundarios,Irlanda,IE,Fuerteventura,241.0
2025-M01,01/2025,Turistas secundarios,Irlanda,IE,Gran Canaria,244.0
2025-M01,01/2025,Turistas secundarios,Irlanda,IE,Tenerife,96.0
2025-M01,01/2025,Turistas secundarios,Irlanda,IE,La Palma,197.0
2025-M02,02/2025,Turistas secundarios,Irlanda,IE,Lanzarote,784.0
2025-M02,02/2025,Turistas secundarios,Irlanda,IE,Fuerteventura,261.0
2025-M02,02/2025,Turistas secundarios,Irlanda,IE,Gran Canaria,773.0
2025-M02,02/2025,Turistas secundarios,Irlanda,IE,Tenerife,630.0
2025-M02,02/2025,Turistas secundarios,Irlanda,IE,La Palma,17.0
2025-M03,03/2025,Turistas secundarios,Irlanda,IE,Lanzarote,408.0
2025-M03,03/2025,Turistas secundarios,Irlanda,IE,Fuerteventura,116.0
2025-M03,03/2025,Turistas secundarios,Irlanda,IE,Gran Canaria,151.0
2025-M03,03/2025,Turistas secundarios,Irlanda,IE,Tenerife,
2025-M03,03/2025,Turistas secundarios,Irlanda,IE,La Palma,15.0
2025-M04,04/2025,Turistas secundarios,Irlanda,IE,Lanzarote,195.0
2025-M04,04/2025,Turistas secundarios,Irlanda,IE,Fuerteventura,140.0
2025-M04,04/2025,Turistas secundarios,Irlanda,IE,Gran Canaria,107.0
2025-M04,04/2025,Turistas secundarios,Irlanda,IE,Tenerife,80.0
2025-M04,04/2025,Turistas secundarios,Irlanda,IE,La Palma,13.0
2025-M05,05/2025,Turistas secundarios,Irlanda,IE,Lanzarote,28.0
2025-M05,05/2025,Turistas secundarios,Irlanda,IE,Fuerteventura,
2025-M05,05/2025,Turistas secundarios,Irlanda,IE,Gran Canaria,
2025-M05,05/2025,Turistas secundarios,Irlanda,IE,Tenerife,
2025-M05,05/2025,Turistas secundarios,Irlanda,IE,La Palma,
2025-M06,06/2025,Turistas secundarios,Irlanda,IE,Lanzarote,
2025-M06,06/2025,Turistas secundarios,Irlanda,IE,Fuerteventura,
2025-M06,06/2025,Turistas secundarios,Irlanda,IE,Gran Canaria,
2025-M06,06/2025,Turistas secundarios,Irlanda,IE,Tenerife,
2025-M06,06/2025,Turistas secundarios,Irlanda,IE,La Palma,
2025-M07,07/2025,Turistas secundarios,Irlanda,IE,Lanzarote,
2025-M07,07/2025,Turistas secundarios,Irlanda,IE,Fuerteventura,
2025-M07,07/2025,Turistas secundarios,Irlanda,IE,Gran Canaria,
2025-M07,07/2025,Turistas secundarios,Irlanda,IE,Tenerife,
2025-M07,07/2025,Turistas secundarios,Irlanda,IE,La Palma,
2020-M01,01/2020,Turistas secundarios,Países Nórdicos,5100_L1,Lanzarote,137.0
2020-M01,01/2020,Turistas secundarios,Países Nórdicos,5100_L1,Fuerteventura,78.0
2020-M01,01/2020,Turistas secundarios,Países Nórdicos,5100_L1,Gran Canaria,393.0
2020-M01,01/2020,Turistas secundarios,Países Nórdicos,5100_L1,Tenerife,568.0
2020-M01,01/2020,Turistas secundarios,Países Nórdicos,5100_L1,La Palma,157.0
2020-M02,02/2020,Turistas secundarios,Países Nórdicos,5100_L1,Lanzarote,197.0
2020-M02,02/2020,Turistas secundarios,Países Nórdicos,5100_L1,Fuerteventura,10.0
2020-M02,02/2020,Turistas secundarios,Países Nórdicos,5100_L1,Gran Canaria,50.0
2020-M02,02/2020,Turistas secundarios,Países Nórdicos,5100_L1,Tenerife,336.0
2020-M02,02/2020,Turistas secundarios,Países Nórdicos,5100_L1,La Palma,226.0
2020-M03,03/2020,Turistas secundarios,Países Nórdicos,5100_L1,Lanzarote,19.0
2020-M03,03/2020,Turistas secundarios,Países Nórdicos,5100_L1,Fuerteventura,
2020-M03,03/2020,Turistas secundarios,Países Nórdicos,5100_L1,Gran Canaria,24.0
2020-M03,03/2020,Turistas secundarios,Países Nórdicos,5100_L1,Tenerife,199.0
2020-M03,03/2020,Turistas secundarios,Países Nórdicos,5100_L1,La Palma,29.0
2020-M04,04/2020,Turistas secundarios,Países Nórdicos,5100_L1,Lanzarote,
2020-M04,04/2020,Turistas secundarios,Países Nórdicos,5100_L1,Fuerteventura,
2020-M04,04/2020,Turistas secundarios,Países Nórdicos,5100_L1,Gran Canaria,
2020-M04,04/2020,Turistas secundarios,Países Nórdicos,5100_L1,Tenerife,
2020-M04,04/2020,Turistas secundarios,Países Nórdicos,5100_L1,La Palma,
2020-M05,05/2020,Turistas secundarios,Países Nórdicos,5100_L1,Lanzarote,
2020-M05,05/2020,Turistas secundarios,Países Nórdicos,5100_L1,Fuerteventura,
2020-M05,05/2020,Turistas secundarios,Países Nórdicos,5100_L1,Gran Canaria,
2020-M05,05/2020,Turistas secundarios,Países Nórdicos,5100_L1,Tenerife,
2020-M05,05/2020,Turistas secundarios,Países Nórdicos,5100_L1,La Palma,
2020-M06,06/2020,Turistas secundarios,Países Nórdicos,5100_L1,Lanzarote,3.0
2020-M06,06/2020,Turistas secundarios,Países Nórdicos,5100_L1,Fuerteventura,5.0
2020-M06,06/2020,Turistas secundarios,Países Nórdicos,5100_L1,Gran Canaria,18.0
2020-M06,06/2020,Turistas secundarios,Países Nórdicos,5100_L1,Tenerife,
2020-M06,06/2020,Turistas secundarios,Países Nórdicos,5100_L1,La Palma,2.0
2020-M07,07/2020,Turistas secundarios,Países Nórdicos,5100_L1,Lanzarote,19.0
2020-M07,07/2020,Turistas secundarios,Países Nórdicos,5100_L1,Fuerteventura,46.0
2020-M07,07/2020,Turistas secundarios,Países Nórdicos,5100_L1,Gran Canaria,10.0
2020-M07,07/2020,Turistas secundarios,Países Nórdicos,5100_L1,Tenerife,
2020-M07,07/2020,Turistas secundarios,Países Nórdicos,5100_L1,La Palma,11.0
2020-M08,08/2020,Turistas secundarios,Países Nórdicos,5100_L1,Lanzarote,4.0
2020-M08,08/2020,Turistas secundarios,Países Nórdicos,5100_L1,Fuerteventura,
2020-M08,08/2020,Turistas secundarios,Países Nórdicos,5100_L1,Gran Canaria,
2020-M08,08/2020,Turistas secundarios,Países Nórdicos,5100_L1,Tenerife,
2020-M08,08/2020,Turistas secundarios,Países Nórdicos,5100_L1,La Palma,27.0
2020-M09,09/2020,Turistas secundarios,Países Nórdicos,5100_L1,Lanzarote,5.0
2020-M09,09/2020,Turistas secundarios,Países Nórdicos,5100_L1,Fuerteventura,
2020-M09,09/2020,Turistas secundarios,Países Nórdicos,5100_L1,Gran Canaria,
2020-M09,09/2020,Turistas secundarios,Países Nórdicos,5100_L1,Tenerife,
2020-M09,09/2020,Turistas secundarios,Países Nórdicos,5100_L1,La Palma,10.0
2020-M10,10/2020,Turistas secundarios,Países Nórdicos,5100_L1,Lanzarote,53.0
2020-M10,10/2020,Turistas secundarios,Países Nórdicos,5100_L1,Fuerteventura,
2020-M10,10/2020,Turistas secundarios,Países Nórdicos,5100_L1,Gran Canaria,56.0
2020-M10,10/2020,Turistas secundarios,Países Nórdicos,5100_L1,Tenerife,19.0
2020-M10,10/2020,Turistas secundarios,Países Nórdicos,5100_L1,La Palma,
2020-M11,11/2020,Turistas secundarios,Países Nórdicos,5100_L1,Lanzarote,31.0
2020-M11,11/2020,Turistas secundarios,Países Nórdicos,5100_L1,Fuerteventura,27.0
2020-M11,11/2020,Turistas secundarios,Países Nórdicos,5100_L1,Gran Canaria,34.0
2020-M11,11/2020,Turistas secundarios,Países Nórdicos,5100_L1,Tenerife,2.0
2020-M11,11/2020,Turistas secundarios,Países Nórdicos,5100_L1,La Palma,23.0
2020-M12,12/2020,Turistas secundarios,Países Nórdicos,5100_L1,Lanzarote,38.0
2020-M12,12/2020,Turistas secundarios,Países Nórdicos,5100_L1,Fuerteventura,2.0
2020-M12,12/2020,Turistas secundarios,Países Nórdicos,5100_L1,Gran Canaria,59.0
2020-M12,12/2020,Turistas secundarios,Países Nórdicos,5100_L1,Tenerife,27.0
2020-M12,12/2020,Turistas secundarios,Países Nórdicos,5100_L1,La Palma,
2021-M01,01/2021,Turistas secundarios,Países Nórdicos,5100_L1,Lanzarote,45.0
2021-M01,01/2021,Turistas secundarios,Países Nórdicos,5100_L1,Fuerteventura,
2021-M01,01/2021,Turistas secundarios,Países Nórdicos,5100_L1,Gran Canaria,60.0
2021-M01,01/2021,Turistas secundarios,Países Nórdicos,5100_L1,Tenerife,9.0
2021-M01,01/2021,Turistas secundarios,Países Nórdicos,5100_L1,La Palma,22.0
2021-M02,02/2021,Turistas secundarios,Países Nórdicos,5100_L1,Lanzarote,18.0
2021-M02,02/2021,Turistas secundarios,Países Nórdicos,5100_L1,Fuerteventura,18.0
2021-M02,02/2021,Turistas secundarios,Países Nórdicos,5100_L1,Gran Canaria,5.0
2021-M02,02/2021,Turistas secundarios,Países Nórdicos,5100_L1,Tenerife,15.0
2021-M02,02/2021,Turistas secundarios,Países Nórdicos,5100_L1,La Palma,30.0
2021-M03,03/2021,Turistas secundarios,Países Nórdicos,5100_L1,Lanzarote,22.0
2021-M03,03/2021,Turistas secundarios,Países Nórdicos,5100_L1,Fuerteventura,32.0
2021-M03,03/2021,Turistas secundarios,Países Nórdicos,5100_L1,Gran Canaria,26.0
2021-M03,03/2021,Turistas secundarios,Países Nórdicos,5100_L1,Tenerife,36.0
2021-M03,03/2021,Turistas secundarios,Países Nórdicos,5100_L1,La Palma,28.0
2021-M04,04/2021,Turistas secundarios,Países Nórdicos,5100_L1,Lanzarote,4.0
2021-M04,04/2021,Turistas secundarios,Países Nórdicos,5100_L1,Fuerteventura,34.0
2021-M04,04/2021,Turistas secundarios,Países Nórdicos,5100_L1,Gran Canaria,13.0
2021-M04,04/2021,Turistas secundarios,Países Nórdicos,5100_L1,Tenerife,54.0
2021-M04,04/2021,Turistas secundarios,Países Nórdicos,5100_L1,La Palma,12.0
2021-M05,05/2021,Turistas secundarios,Países Nórdicos,5100_L1,Lanzarote,44.0
2021-M05,05/2021,Turistas secundarios,Países Nórdicos,5100_L1,Fuerteventura,46.0
2021-M05,05/2021,Turistas secundarios,Países Nórdicos,5100_L1,Gran Canaria,2.0
2021-M05,05/2021,Turistas secundarios,Países Nórdicos,5100_L1,Tenerife,58.0
2021-M05,05/2021,Turistas secundarios,Países Nórdicos,5100_L1,La Palma,2.0
2021-M06,06/2021,Turistas secundarios,Países Nórdicos,5100_L1,Lanzarote,16.0
2021-M06,06/2021,Turistas secundarios,Países Nórdicos,5100_L1,Fuerteventura,34.0
2021-M06,06/2021,Turistas secundarios,Países Nórdicos,5100_L1,Gran Canaria,10.0
2021-M06,06/2021,Turistas secundarios,Países Nórdicos,5100_L1,Tenerife,29.0
2021-M06,06/2021,Turistas secundarios,Países Nórdicos,5100_L1,La Palma,10.0
2021-M07,07/2021,Turistas secundarios,Países Nórdicos,5100_L1,Lanzarote,30.0
2021-M07,07/2021,Turistas secundarios,Países Nórdicos,5100_L1,Fuerteventura,37.0
2021-M07,07/2021,Turistas secundarios,Países Nórdicos,5100_L1,Gran Canaria,16.0
2021-M07,07/2021,Turistas secundarios,Países Nórdicos,5100_L1,Tenerife,
2021-M07,07/2021,Turistas secundarios,Países Nórdicos,5100_L1,La Palma,22.0
2021-M08,08/2021,Turistas secundarios,Países Nórdicos,5100_L1,Lanzarote,
2021-M08,08/2021,Turistas secundarios,Países Nórdicos,5100_L1,Fuerteventura,40.0
2021-M08,08/2021,Turistas secundarios,Países Nórdicos,5100_L1,Gran Canaria,17.0
2021-M08,08/2021,Turistas secundarios,Países Nórdicos,5100_L1,Tenerife,
2021-M08,08/2021,Turistas secundarios,Países Nórdicos,5100_L1,La Palma,
2021-M09,09/2021,Turistas secundarios,Países Nórdicos,5100_L1,Lanzarote,
2021-M09,09/2021,Turistas secundarios,Países Nórdicos,5100_L1,Fuerteventura,24.0
2021-M09,09/2021,Turistas secundarios,Países Nórdicos,5100_L1,Gran Canaria,10.0
2021-M09,09/2021,Turistas secundarios,Países Nórdicos,5100_L1,Tenerife,15.0
2021-M09,09/2021,Turistas secundarios,Países Nórdicos,5100_L1,La Palma,
2021-M10,10/2021,Turistas secundarios,Países Nórdicos,5100_L1,Lanzarote,48.0
2021-M10,10/2021,Turistas secundarios,Países Nórdicos,5100_L1,Fuerteventura,55.0
2021-M10,10/2021,Turistas secundarios,Países Nórdicos,5100_L1,Gran Canaria,39.0
2021-M10,10/2021,Turistas secundarios,Países Nórdicos,5100_L1,Tenerife,47.0
2021-M10,10/2021,Turistas secundarios,Países Nórdicos,5100_L1,La Palma,
2021-M11,11/2021,Turistas secundarios,Países Nórdicos,5100_L1,Lanzarote,62.0
2021-M11,11/2021,Turistas secundarios,Países Nórdicos,5100_L1,Fuerteventura,65.0
2021-M11,11/2021,Turistas secundarios,Países Nórdicos,5100_L1,Gran Canaria,125.0
2021-M11,11/2021,Turistas secundarios,Países Nórdicos,5100_L1,Tenerife,101.0
2021-M11,11/2021,Turistas secundarios,Países Nórdicos,5100_L1,La Palma,
2021-M12,12/2021,Turistas secundarios,Países Nórdicos,5100_L1,Lanzarote,82.0
2021-M12,12/2021,Turistas secundarios,Países Nórdicos,5100_L1,Fuerteventura,39.0
2021-M12,12/2021,Turistas secundarios,Países Nórdicos,5100_L1,Gran Canaria,125.0
2021-M12,12/2021,Turistas secundarios,Países Nórdicos,5100_L1,Tenerife,132.0
2021-M12,12/2021,Turistas secundarios,Países Nórdicos,5100_L1,La Palma,
2022-M01,01/2022,Turistas secundarios,Países Nórdicos,5100_L1,Lanzarote,27.0
2022-M01,01/2022,Turistas secundarios,Países Nórdicos,5100_L1,Fuerteventura,8.0
2022-M01,01/2022,Turistas secundarios,Países Nórdicos,5100_L1,Gran Canaria,151.0
2022-M01,01/2022,Turistas secundarios,Países Nórdicos,5100_L1,Tenerife,143.0
2022-M01,01/2022,Turistas secundarios,Países Nórdicos,5100_L1,La Palma,69.0
2022-M02,02/2022,Turistas secundarios,Países Nórdicos,5100_L1,Lanzarote,24.0
2022-M02,02/2022,Turistas secundarios,Países Nórdicos,5100_L1,Fuerteventura,54.0
2022-M02,02/2022,Turistas secundarios,Países Nórdicos,5100_L1,Gran Canaria,84.0
2022-M02,02/2022,Turistas secundarios,Países Nórdicos,5100_L1,Tenerife,108.0
2022-M02,02/2022,Turistas secundarios,Países Nórdicos,5100_L1,La Palma,62.0
2022-M03,03/2022,Turistas secundarios,Países Nórdicos,5100_L1,Lanzarote,48.0
2022-M03,03/2022,Turistas secundarios,Países Nórdicos,5100_L1,Fuerteventura,92.0
2022-M03,03/2022,Turistas secundarios,Países Nórdicos,5100_L1,Gran Canaria,126.0
2022-M03,03/2022,Turistas secundarios,Países Nórdicos,5100_L1,Tenerife,44.0
2022-M03,03/2022,Turistas secundarios,Países Nórdicos,5100_L1,La Palma,93.0
2022-M04,04/2022,Turistas secundarios,Países Nórdicos,5100_L1,Lanzarote,
2022-M04,04/2022,Turistas secundarios,Países Nórdicos,5100_L1,Fuerteventura,41.0
2022-M04,04/2022,Turistas secundarios,Países Nórdicos,5100_L1,Gran Canaria,48.0
2022-M04,04/2022,Turistas secundarios,Países Nórdicos,5100_L1,Tenerife,39.0
2022-M04,04/2022,Turistas secundarios,Países Nórdicos,5100_L1,La Palma,84.0
2022-M05,05/2022,Turistas secundarios,Países Nórdicos,5100_L1,Lanzarote,53.0
2022-M05,05/2022,Turistas secundarios,Países Nórdicos,5100_L1,Fuerteventura,6.0
2022-M05,05/2022,Turistas secundarios,Países Nórdicos,5100_L1,Gran Canaria,16.0
2022-M05,05/2022,Turistas secundarios,Países Nórdicos,5100_L1,Tenerife,96.0
2022-M05,05/2022,Turistas secundarios,Países Nórdicos,5100_L1,La Palma,10.0
2022-M06,06/2022,Turistas secundarios,Países Nórdicos,5100_L1,Lanzarote,
2022-M06,06/2022,Turistas secundarios,Países Nórdicos,5100_L1,Fuerteventura,
2022-M06,06/2022,Turistas secundarios,Países Nórdicos,5100_L1,Gran Canaria,235.0
2022-M06,06/2022,Turistas secundarios,Países Nórdicos,5100_L1,Tenerife,
2022-M06,06/2022,Turistas secundarios,Países Nórdicos,5100_L1,La Palma,137.0
2022-M07,07/2022,Turistas secundarios,Países Nórdicos,5100_L1,Lanzarote,
2022-M07,07/2022,Turistas secundarios,Países Nórdicos,5100_L1,Fuerteventura,5.0
2022-M07,07/2022,Turistas secundarios,Países Nórdicos,5100_L1,Gran Canaria,
2022-M07,07/2022,Turistas secundarios,Países Nórdicos,5100_L1,Tenerife,
2022-M07,07/2022,Turistas secundarios,Países Nórdicos,5100_L1,La Palma,
2022-M08,08/2022,Turistas secundarios,Países Nórdicos,5100_L1,Lanzarote,39.0
2022-M08,08/2022,Turistas secundarios,Países Nórdicos,5100_L1,Fuerteventura,41.0
2022-M08,08/2022,Turistas secundarios,Países Nórdicos,5100_L1,Gran Canaria,48.0
2022-M08,08/2022,Turistas secundarios,Países Nórdicos,5100_L1,Tenerife,
2022-M08,08/2022,Turistas secundarios,Países Nórdicos,5100_L1,La Palma,
2022-M09,09/2022,Turistas secundarios,Países Nórdicos,5100_L1,Lanzarote,9.0
2022-M09,09/2022,Turistas secundarios,Países Nórdicos,5100_L1,Fuerteventura,48.0
2022-M09,09/2022,Turistas secundarios,Países Nórdicos,5100_L1,Gran Canaria,
2022-M09,09/2022,Turistas secundarios,Países Nórdicos,5100_L1,Tenerife,54.0
2022-M09,09/2022,Turistas secundarios,Países Nórdicos,5100_L1,La Palma,
2022-M10,10/2022,Turistas secundarios,Países Nórdicos,5100_L1,Lanzarote,9.0
2022-M10,10/2022,Turistas secundarios,Países Nórdicos,5100_L1,Fuerteventura,31.0
2022-M10,10/2022,Turistas secundarios,Países Nórdicos,5100_L1,Gran Canaria,9.0
2022-M10,10/2022,Turistas secundarios,Países Nórdicos,5100_L1,Tenerife,41.0
2022-M10,10/2022,Turistas secundarios,Países Nórdicos,5100_L1,La Palma,
2022-M11,11/2022,Turistas secundarios,Países Nórdicos,5100_L1,Lanzarote,412.0
2022-M11,11/2022,Turistas secundarios,Países Nórdicos,5100_L1,Fuerteventura,179.0
2022-M11,11/2022,Turistas secundarios,Países Nórdicos,5100_L1,Gran Canaria,135.0
2022-M11,11/2022,Turistas secundarios,Países Nórdicos,5100_L1,Tenerife,2691.0
2022-M11,11/2022,Turistas secundarios,Países Nórdicos,5100_L1,La Palma,128.0
2022-M12,12/2022,Turistas secundarios,Países Nórdicos,5100_L1,Lanzarote,94.0
2022-M12,12/2022,Turistas secundarios,Países Nórdicos,5100_L1,Fuerteventura,94.0
2022-M12,12/2022,Turistas secundarios,Países Nórdicos,5100_L1,Gran Canaria,63.0
2022-M12,12/2022,Turistas secundarios,Países Nórdicos,5100_L1,Tenerife,302.0
2022-M12,12/2022,Turistas secundarios,Países Nórdicos,5100_L1,La Palma,40.0
2023-M01,01/2023,Turistas secundarios,Países Nórdicos,5100_L1,Lanzarote,19.0
2023-M01,01/2023,Turistas secundarios,Países Nórdicos,5100_L1,Fuerteventura,94.0
2023-M01,01/2023,Turistas secundarios,Países Nórdicos,5100_L1,Gran Canaria,108.0
2023-M01,01/2023,Turistas secundarios,Países Nórdicos,5100_L1,Tenerife,2314.0
2023-M01,01/2023,Turistas secundarios,Países Nórdicos,5100_L1,La Palma,102.0
2023-M02,02/2023,Turistas secundarios,Países Nórdicos,5100_L1,Lanzarote,
2023-M02,02/2023,Turistas secundarios,Países Nórdicos,5100_L1,Fuerteventura,127.0
2023-M02,02/2023,Turistas secundarios,Países Nórdicos,5100_L1,Gran Canaria,81.0
2023-M02,02/2023,Turistas secundarios,Países Nórdicos,5100_L1,Tenerife,341.0
2023-M02,02/2023,Turistas secundarios,Países Nórdicos,5100_L1,La Palma,65.0
2023-M03,03/2023,Turistas secundarios,Países Nórdicos,5100_L1,Lanzarote,24.0
2023-M03,03/2023,Turistas secundarios,Países Nórdicos,5100_L1,Fuerteventura,0.0
2023-M03,03/2023,Turistas secundarios,Países Nórdicos,5100_L1,Gran Canaria,121.0
2023-M03,03/2023,Turistas secundarios,Países Nórdicos,5100_L1,Tenerife,238.0
2023-M03,03/2023,Turistas secundarios,Países Nórdicos,5100_L1,La Palma,114.0
2023-M04,04/2023,Turistas secundarios,Países Nórdicos,5100_L1,Lanzarote,4.0
2023-M04,04/2023,Turistas secundarios,Países Nórdicos,5100_L1,Fuerteventura,
2023-M04,04/2023,Turistas secundarios,Países Nórdicos,5100_L1,Gran Canaria,
2023-M04,04/2023,Turistas secundarios,Países Nórdicos,5100_L1,Tenerife,21.0
2023-M04,04/2023,Turistas secundarios,Países Nórdicos,5100_L1,La Palma,201.0
2023-M05,05/2023,Turistas secundarios,Países Nórdicos,5100_L1,Lanzarote,
2023-M05,05/2023,Turistas secundarios,Países Nórdicos,5100_L1,Fuerteventura,
2023-M05,05/2023,Turistas secundarios,Países Nórdicos,5100_L1,Gran Canaria,32.0
2023-M05,05/2023,Turistas secundarios,Países Nórdicos,5100_L1,Tenerife,
2023-M05,05/2023,Turistas secundarios,Países Nórdicos,5100_L1,La Palma,
2023-M06,06/2023,Turistas secundarios,Países Nórdicos,5100_L1,Lanzarote,13.0
2023-M06,06/2023,Turistas secundarios,Países Nórdicos,5100_L1,Fuerteventura,13.0
2023-M06,06/2023,Turistas secundarios,Países Nórdicos,5100_L1,Gran Canaria,
2023-M06,06/2023,Turistas secundarios,Países Nórdicos,5100_L1,Tenerife,13.0
2023-M06,06/2023,Turistas secundarios,Países Nórdicos,5100_L1,La Palma,13.0
2023-M07,07/2023,Turistas secundarios,Países Nórdicos,5100_L1,Lanzarote,20.0
2023-M07,07/2023,Turistas secundarios,Países Nórdicos,5100_L1,Fuerteventura,20.0
2023-M07,07/2023,Turistas secundarios,Países Nórdicos,5100_L1,Gran Canaria,164.0
2023-M07,07/2023,Turistas secundarios,Países Nórdicos,5100_L1,Tenerife,20.0
2023-M07,07/2023,Turistas secundarios,Países Nórdicos,5100_L1,La Palma,39.0
2023-M08,08/2023,Turistas secundarios,Países Nórdicos,5100_L1,Lanzarote,8.0
2023-M08,08/2023,Turistas secundarios,Países Nórdicos,5100_L1,Fuerteventura,6.0
2023-M08,08/2023,Turistas secundarios,Países Nórdicos,5100_L1,Gran Canaria,19.0
2023-M08,08/2023,Turistas secundarios,Países Nórdicos,5100_L1,Tenerife,18.0
2023-M08,08/2023,Turistas secundarios,Países Nórdicos,5100_L1,La Palma,
2023-M09,09/2023,Turistas secundarios,Países Nórdicos,5100_L1,Lanzarote,3.0
2023-M09,09/2023,Turistas secundarios,Países Nórdicos,5100_L1,Fuerteventura,98.0
2023-M09,09/2023,Turistas secundarios,Países Nórdicos,5100_L1,Gran Canaria,127.0
2023-M09,09/2023,Turistas secundarios,Países Nórdicos,5100_L1,Tenerife,124.0
2023-M09,09/2023,Turistas secundarios,Países Nórdicos,5100_L1,La Palma,
2023-M10,10/2023,Turistas secundarios,Países Nórdicos,5100_L1,Lanzarote,119.0
2023-M10,10/2023,Turistas secundarios,Países Nórdicos,5100_L1,Fuerteventura,73.0
2023-M10,10/2023,Turistas secundarios,Países Nórdicos,5100_L1,Gran Canaria,
2023-M10,10/2023,Turistas secundarios,Países Nórdicos,5100_L1,Tenerife,80.0
2023-M10,10/2023,Turistas secundarios,Países Nórdicos,5100_L1,La Palma,
2023-M11,11/2023,Turistas secundarios,Países Nórdicos,5100_L1,Lanzarote,938.0
2023-M11,11/2023,Turistas secundarios,Países Nórdicos,5100_L1,Fuerteventura,582.0
2023-M11,11/2023,Turistas secundarios,Países Nórdicos,5100_L1,Gran Canaria,527.0
2023-M11,11/2023,Turistas secundarios,Países Nórdicos,5100_L1,Tenerife,348.0
2023-M11,11/2023,Turistas secundarios,Países Nórdicos,5100_L1,La Palma,659.0
2023-M12,12/2023,Turistas secundarios,Países Nórdicos,5100_L1,Lanzarote,530.0
2023-M12,12/2023,Turistas secundarios,Países Nórdicos,5100_L1,Fuerteventura,647.0
2023-M12,12/2023,Turistas secundarios,Países Nórdicos,5100_L1,Gran Canaria,567.0
2023-M12,12/2023,Turistas secundarios,Países Nórdicos,5100_L1,Tenerife,165.0
2023-M12,12/2023,Turistas secundarios,Países Nórdicos,5100_L1,La Palma,695.0
2024-M01,01/2024,Turistas secundarios,Países Nórdicos,5100_L1,Lanzarote,
2024-M01,01/2024,Turistas secundarios,Países Nórdicos,5100_L1,Fuerteventura,301.0
2024-M01,01/2024,Turistas secundarios,Países Nórdicos,5100_L1,Gran Canaria,64.0
2024-M01,01/2024,Turistas secundarios,Países Nórdicos,5100_L1,Tenerife,1457.0
2024-M01,01/2024,Turistas secundarios,Países Nórdicos,5100_L1,La Palma,25.0
2024-M02,02/2024,Turistas secundarios,Países Nórdicos,5100_L1,Lanzarote,383.0
2024-M02,02/2024,Turistas secundarios,Países Nórdicos,5100_L1,Fuerteventura,179.0
2024-M02,02/2024,Turistas secundarios,Países Nórdicos,5100_L1,Gran Canaria,154.0
2024-M02,02/2024,Turistas secundarios,Países Nórdicos,5100_L1,Tenerife,365.0
2024-M02,02/2024,Turistas secundarios,Países Nórdicos,5100_L1,La Palma,121.0
2024-M03,03/2024,Turistas secundarios,Países Nórdicos,5100_L1,Lanzarote,11.0
2024-M03,03/2024,Turistas secundarios,Países Nórdicos,5100_L1,Fuerteventura,37.0
2024-M03,03/2024,Turistas secundarios,Países Nórdicos,5100_L1,Gran Canaria,50.0
2024-M03,03/2024,Turistas secundarios,Países Nórdicos,5100_L1,Tenerife,1277.0
2024-M03,03/2024,Turistas secundarios,Países Nórdicos,5100_L1,La Palma,9.0
2024-M04,04/2024,Turistas secundarios,Países Nórdicos,5100_L1,Lanzarote,22.0
2024-M04,04/2024,Turistas secundarios,Países Nórdicos,5100_L1,Fuerteventura,
2024-M04,04/2024,Turistas secundarios,Países Nórdicos,5100_L1,Gran Canaria,22.0
2024-M04,04/2024,Turistas secundarios,Países Nórdicos,5100_L1,Tenerife,4.0
2024-M04,04/2024,Turistas secundarios,Países Nórdicos,5100_L1,La Palma,76.0
2024-M05,05/2024,Turistas secundarios,Países Nórdicos,5100_L1,Lanzarote,13.0
2024-M05,05/2024,Turistas secundarios,Países Nórdicos,5100_L1,Fuerteventura,6.0
2024-M05,05/2024,Turistas secundarios,Países Nórdicos,5100_L1,Gran Canaria,130.0
2024-M05,05/2024,Turistas secundarios,Países Nórdicos,5100_L1,Tenerife,
2024-M05,05/2024,Turistas secundarios,Países Nórdicos,5100_L1,La Palma,12.0
2024-M06,06/2024,Turistas secundarios,Países Nórdicos,5100_L1,Lanzarote,
2024-M06,06/2024,Turistas secundarios,Países Nórdicos,5100_L1,Fuerteventura,
2024-M06,06/2024,Turistas secundarios,Países Nórdicos,5100_L1,Gran Canaria,7.0
2024-M06,06/2024,Turistas secundarios,Países Nórdicos,5100_L1,Tenerife,
2024-M06,06/2024,Turistas secundarios,Países Nórdicos,5100_L1,La Palma,7.0
2024-M07,07/2024,Turistas secundarios,Países Nórdicos,5100_L1,Lanzarote,
2024-M07,07/2024,Turistas secundarios,Países Nórdicos,5100_L1,Fuerteventura,
2024-M07,07/2024,Turistas secundarios,Países Nórdicos,5100_L1,Gran Canaria,31.0
2024-M07,07/2024,Turistas secundarios,Países Nórdicos,5100_L1,Tenerife,
2024-M07,07/2024,Turistas secundarios,Países Nórdicos,5100_L1,La Palma,8.0
2024-M08,08/2024,Turistas secundarios,Países Nórdicos,5100_L1,Lanzarote,
2024-M08,08/2024,Turistas secundarios,Países Nórdicos,5100_L1,Fuerteventura,
2024-M08,08/2024,Turistas secundarios,Países Nórdicos,5100_L1,Gran Canaria,12.0
2024-M08,08/2024,Turistas secundarios,Países Nórdicos,5100_L1,Tenerife,41.0
2024-M08,08/2024,Turistas secundarios,Países Nórdicos,5100_L1,La Palma,
2024-M09,09/2024,Turistas secundarios,Países Nórdicos,5100_L1,Lanzarote,28.0
2024-M09,09/2024,Turistas secundarios,Países Nórdicos,5100_L1,Fuerteventura,71.0
2024-M09,09/2024,Turistas secundarios,Países Nórdicos,5100_L1,Gran Canaria,66.0
2024-M09,09/2024,Turistas secundarios,Países Nórdicos,5100_L1,Tenerife,28.0
2024-M09,09/2024,Turistas secundarios,Países Nórdicos,5100_L1,La Palma,38.0
2024-M10,10/2024,Turistas secundarios,Países Nórdicos,5100_L1,Lanzarote,68.0
2024-M10,10/2024,Turistas secundarios,Países Nórdicos,5100_L1,Fuerteventura,89.0
2024-M10,10/2024,Turistas secundarios,Países Nórdicos,5100_L1,Gran Canaria,67.0
2024-M10,10/2024,Turistas secundarios,Países Nórdicos,5100_L1,Tenerife,21.0
2024-M10,10/2024,Turistas secundarios,Países Nórdicos,5100_L1,La Palma,44.0
2024-M11,11/2024,Turistas secundarios,Países Nórdicos,5100_L1,Lanzarote,630.0
2024-M11,11/2024,Turistas secundarios,Países Nórdicos,5100_L1,Fuerteventura,507.0
2024-M11,11/2024,Turistas secundarios,Países Nórdicos,5100_L1,Gran Canaria,521.0
2024-M11,11/2024,Turistas secundarios,Países Nórdicos,5100_L1,Tenerife,97.0
2024-M11,11/2024,Turistas secundarios,Países Nórdicos,5100_L1,La Palma,495.0
2024-M12,12/2024,Turistas secundarios,Países Nórdicos,5100_L1,Lanzarote,651.0
2024-M12,12/2024,Turistas secundarios,Países Nórdicos,5100_L1,Fuerteventura,687.0
2024-M12,12/2024,Turistas secundarios,Países Nórdicos,5100_L1,Gran Canaria,513.0
2024-M12,12/2024,Turistas secundarios,Países Nórdicos,5100_L1,Tenerife,689.0
2024-M12,12/2024,Turistas secundarios,Países Nórdicos,5100_L1,La Palma,762.0
2025-M01,01/2025,Turistas secundarios,Países Nórdicos,5100_L1,Lanzarote,161.0
2025-M01,01/2025,Turistas secundarios,Países Nórdicos,5100_L1,Fuerteventura,167.0
2025-M01,01/2025,Turistas secundarios,Países Nórdicos,5100_L1,Gran Canaria,242.0
2025-M01,01/2025,Turistas secundarios,Países Nórdicos,5100_L1,Tenerife,327.0
2025-M01,01/2025,Turistas secundarios,Países Nórdicos,5100_L1,La Palma,498.0
2025-M02,02/2025,Turistas secundarios,Países Nórdicos,5100_L1,Lanzarote,177.0
2025-M02,02/2025,Turistas secundarios,Países Nórdicos,5100_L1,Fuerteventura,58.0
2025-M02,02/2025,Turistas secundarios,Países Nórdicos,5100_L1,Gran Canaria,477.0
2025-M02,02/2025,Turistas secundarios,Países Nórdicos,5100_L1,Tenerife,615.0
2025-M02,02/2025,Turistas secundarios,Países Nórdicos,5100_L1,La Palma,41.0
2025-M03,03/2025,Turistas secundarios,Países Nórdicos,5100_L1,Lanzarote,36.0
2025-M03,03/2025,Turistas secundarios,Países Nórdicos,5100_L1,Fuerteventura,63.0
2025-M03,03/2025,Turistas secundarios,Países Nórdicos,5100_L1,Gran Canaria,582.0
2025-M03,03/2025,Turistas secundarios,Países Nórdicos,5100_L1,Tenerife,68.0
2025-M03,03/2025,Turistas secundarios,Países Nórdicos,5100_L1,La Palma,114.0
2025-M04,04/2025,Turistas secundarios,Países Nórdicos,5100_L1,Lanzarote,13.0
2025-M04,04/2025,Turistas secundarios,Países Nórdicos,5100_L1,Fuerteventura,6.0
2025-M04,04/2025,Turistas secundarios,Países Nórdicos,5100_L1,Gran Canaria,18.0
2025-M04,04/2025,Turistas secundarios,Países Nórdicos,5100_L1,Tenerife,89.0
2025-M04,04/2025,Turistas secundarios,Países Nórdicos,5100_L1,La Palma,
2025-M05,05/2025,Turistas secundarios,Países Nórdicos,5100_L1,Lanzarote,
2025-M05,05/2025,Turistas secundarios,Países Nórdicos,5100_L1,Fuerteventura,
2025-M05,05/2025,Turistas secundarios,Países Nórdicos,5100_L1,Gran Canaria,
2025-M05,05/2025,Turistas secundarios,Países Nórdicos,5100_L1,Tenerife,9.0
2025-M05,05/2025,Turistas secundarios,Países Nórdicos,5100_L1,La Palma,
2025-M06,06/2025,Turistas secundarios,Países Nórdicos,5100_L1,Lanzarote,
2025-M06,06/2025,Turistas secundarios,Países Nórdicos,5100_L1,Fuerteventura,13.0
2025-M06,06/2025,Turistas secundarios,Países Nórdicos,5100_L1,Gran Canaria,
2025-M06,06/2025,Turistas secundarios,Países Nórdicos,5100_L1,Tenerife,
2025-M06,06/2025,Turistas secundarios,Países Nórdicos,5100_L1,La Palma,
2025-M07,07/2025,Turistas secundarios,Países Nórdicos,5100_L1,Lanzarote,16.0
2025-M07,07/2025,Turistas secundarios,Países Nórdicos,5100_L1,Fuerteventura,75.0
2025-M07,07/2025,Turistas secundarios,Países Nórdicos,5100_L1,Gran Canaria,38.0
2025-M07,07/2025,Turistas secundarios,Países Nórdicos,5100_L1,Tenerife,192.0
2025-M07,07/2025,Turistas secundarios,Países Nórdicos,5100_L1,La Palma,16.0
2020-M01,01/2020,Turistas secundarios,Total,_T,Lanzarote,22655.0
2020-M01,01/2020,Turistas secundarios,Total,_T,Fuerteventura,17931.0
2020-M01,01/2020,Turistas secundarios,Total,_T,Gran Canaria,13992.0
2020-M01,01/2020,Turistas secundarios,Total,_T,Tenerife,25891.0
2020-M01,01/2020,Turistas secundarios,Total,_T,La Palma,15569.0
2020-M02,02/2020,Turistas secundarios,Total,_T,Lanzarote,9782.0
2020-M02,02/2020,Turistas secundarios,Total,_T,Fuerteventura,14090.0
2020-M02,02/2020,Turistas secundarios,Total,_T,Gran Canaria,3397.0
2020-M02,02/2020,Turistas secundarios,Total,_T,Tenerife,19371.0
2020-M02,02/2020,Turistas secundarios,Total,_T,La Palma,10952.0
2020-M03,03/2020,Turistas secundarios,Total,_T,Lanzarote,6394.0
2020-M03,03/2020,Turistas secundarios,Total,_T,Fuerteventura,3174.0
2020-M03,03/2020,Turistas secundarios,Total,_T,Gran Canaria,3072.0
2020-M03,03/2020,Turistas secundarios,Total,_T,Tenerife,7544.0
2020-M03,03/2020,Turistas secundarios,Total,_T,La Palma,1867.0
2020-M04,04/2020,Turistas secundarios,Total,_T,Lanzarote,
2020-M04,04/2020,Turistas secundarios,Total,_T,Fuerteventura,
2020-M04,04/2020,Turistas secundarios,Total,_T,Gran Canaria,
2020-M04,04/2020,Turistas secundarios,Total,_T,Tenerife,
2020-M04,04/2020,Turistas secundarios,Total,_T,La Palma,
2020-M05,05/2020,Turistas secundarios,Total,_T,Lanzarote,
2020-M05,05/2020,Turistas secundarios,Total,_T,Fuerteventura,
2020-M05,05/2020,Turistas secundarios,Total,_T,Gran Canaria,
2020-M05,05/2020,Turistas secundarios,Total,_T,Tenerife,
2020-M05,05/2020,Turistas secundarios,Total,_T,La Palma,
2020-M06,06/2020,Turistas secundarios,Total,_T,Lanzarote,9.0
2020-M06,06/2020,Turistas secundarios,Total,_T,Fuerteventura,54.0
2020-M06,06/2020,Turistas secundarios,Total,_T,Gran Canaria,134.0
2020-M06,06/2020,Turistas secundarios,Total,_T,Tenerife,47.0
2020-M06,06/2020,Turistas secundarios,Total,_T,La Palma,9.0
2020-M07,07/2020,Turistas secundarios,Total,_T,Lanzarote,1709.0
2020-M07,07/2020,Turistas secundarios,Total,_T,Fuerteventura,1171.0
2020-M07,07/2020,Turistas secundarios,Total,_T,Gran Canaria,1008.0
2020-M07,07/2020,Turistas secundarios,Total,_T,Tenerife,2087.0
2020-M07,07/2020,Turistas secundarios,Total,_T,La Palma,619.0
2020-M08,08/2020,Turistas secundarios,Total,_T,Lanzarote,2763.0
2020-M08,08/2020,Turistas secundarios,Total,_T,Fuerteventura,3510.0
2020-M08,08/2020,Turistas secundarios,Total,_T,Gran Canaria,1881.0
2020-M08,08/2020,Turistas secundarios,Total,_T,Tenerife,2078.0
2020-M08,08/2020,Turistas secundarios,Total,_T,La Palma,1919.0
2020-M09,09/2020,Turistas secundarios,Total,_T,Lanzarote,1762.0
2020-M09,09/2020,Turistas secundarios,Total,_T,Fuerteventura,1453.0
2020-M09,09/2020,Turistas secundarios,Total,_T,Gran Canaria,1762.0
2020-M09,09/2020,Turistas secundarios,Total,_T,Tenerife,1455.0
2020-M09,09/2020,Turistas secundarios,Total,_T,La Palma,1104.0
2020-M10,10/2020,Turistas secundarios,Total,_T,Lanzarote,1811.0
2020-M10,10/2020,Turistas secundarios,Total,_T,Fuerteventura,1257.0
2020-M10,10/2020,Turistas secundarios,Total,_T,Gran Canaria,1347.0
2020-M10,10/2020,Turistas secundarios,Total,_T,Tenerife,2103.0
2020-M10,10/2020,Turistas secundarios,Total,_T,La Palma,993.0
2020-M11,11/2020,Turistas secundarios,Total,_T,Lanzarote,4437.0
2020-M11,11/2020,Turistas secundarios,Total,_T,Fuerteventura,3163.0
2020-M11,11/2020,Turistas secundarios,Total,_T,Gran Canaria,1463.0
2020-M11,11/2020,Turistas secundarios,Total,_T,Tenerife,6854.0
2020-M11,11/2020,Turistas secundarios,Total,_T,La Palma,3057.0
2020-M12,12/2020,Turistas secundarios,Total,_T,Lanzarote,4196.0
2020-M12,12/2020,Turistas secundarios,Total,_T,Fuerteventura,6370.0
2020-M12,12/2020,Turistas secundarios,Total,_T,Gran Canaria,2003.0
2020-M12,12/2020,Turistas secundarios,Total,_T,Tenerife,7105.0
2020-M12,12/2020,Turistas secundarios,Total,_T,La Palma,5779.0
2021-M01,01/2021,Turistas secundarios,Total,_T,Lanzarote,5467.0
2021-M01,01/2021,Turistas secundarios,Total,_T,Fuerteventura,5567.0
2021-M01,01/2021,Turistas secundarios,Total,_T,Gran Canaria,2349.0
2021-M01,01/2021,Turistas secundarios,Total,_T,Tenerife,6547.0
2021-M01,01/2021,Turistas secundarios,Total,_T,La Palma,5195.0
2021-M02,02/2021,Turistas secundarios,Total,_T,Lanzarote,2706.0
2021-M02,02/2021,Turistas secundarios,Total,_T,Fuerteventura,3557.0
2021-M02,02/2021,Turistas secundarios,Total,_T,Gran Canaria,2086.0
2021-M02,02/2021,Turistas secundarios,Total,_T,Tenerife,3933.0
2021-M02,02/2021,Turistas secundarios,Total,_T,La Palma,3241.0
2021-M03,03/2021,Turistas secundarios,Total,_T,Lanzarote,4700.0
2021-M03,03/2021,Turistas secundarios,Total,_T,Fuerteventura,3927.0
2021-M03,03/2021,Turistas secundarios,Total,_T,Gran Canaria,1183.0
2021-M03,03/2021,Turistas secundarios,Total,_T,Tenerife,6236.0
2021-M03,03/2021,Turistas secundarios,Total,_T,La Palma,3905.0
2021-M04,04/2021,Turistas secundarios,Total,_T,Lanzarote,5421.0
2021-M04,04/2021,Turistas secundarios,Total,_T,Fuerteventura,5039.0
2021-M04,04/2021,Turistas secundarios,Total,_T,Gran Canaria,982.0
2021-M04,04/2021,Turistas secundarios,Total,_T,Tenerife,7968.0
2021-M04,04/2021,Turistas secundarios,Total,_T,La Palma,5101.0
2021-M05,05/2021,Turistas secundarios,Total,_T,Lanzarote,7602.0
2021-M05,05/2021,Turistas secundarios,Total,_T,Fuerteventura,4514.0
2021-M05,05/2021,Turistas secundarios,Total,_T,Gran Canaria,2516.0
2021-M05,05/2021,Turistas secundarios,Total,_T,Tenerife,9134.0
2021-M05,05/2021,Turistas secundarios,Total,_T,La Palma,2741.0
2021-M06,06/2021,Turistas secundarios,Total,_T,Lanzarote,4979.0
2021-M06,06/2021,Turistas secundarios,Total,_T,Fuerteventura,3088.0
2021-M06,06/2021,Turistas secundarios,Total,_T,Gran Canaria,3457.0
2021-M06,06/2021,Turistas secundarios,Total,_T,Tenerife,6347.0
2021-M06,06/2021,Turistas secundarios,Total,_T,La Palma,1769.0
2021-M07,07/2021,Turistas secundarios,Total,_T,Lanzarote,4015.0
2021-M07,07/2021,Turistas secundarios,Total,_T,Fuerteventura,3702.0
2021-M07,07/2021,Turistas secundarios,Total,_T,Gran Canaria,2941.0
2021-M07,07/2021,Turistas secundarios,Total,_T,Tenerife,5684.0
2021-M07,07/2021,Turistas secundarios,Total,_T,La Palma,2537.0
2021-M08,08/2021,Turistas secundarios,Total,_T,Lanzarote,4851.0
2021-M08,08/2021,Turistas secundarios,Total,_T,Fuerteventura,6832.0
2021-M08,08/2021,Turistas secundarios,Total,_T,Gran Canaria,3950.0
2021-M08,08/2021,Turistas secundarios,Total,_T,Tenerife,5764.0
2021-M08,08/2021,Turistas secundarios,Total,_T,La Palma,3759.0
2021-M09,09/2021,Turistas secundarios,Total,_T,Lanzarote,4011.0
2021-M09,09/2021,Turistas secundarios,Total,_T,Fuerteventura,3621.0
2021-M09,09/2021,Turistas secundarios,Total,_T,Gran Canaria,2739.0
2021-M09,09/2021,Turistas secundarios,Total,_T,Tenerife,2884.0
2021-M09,09/2021,Turistas secundarios,Total,_T,La Palma,2623.0
2021-M10,10/2021,Turistas secundarios,Total,_T,Lanzarote,3104.0
2021-M10,10/2021,Turistas secundarios,Total,_T,Fuerteventura,3089.0
2021-M10,10/2021,Turistas secundarios,Total,_T,Gran Canaria,3279.0
2021-M10,10/2021,Turistas secundarios,Total,_T,Tenerife,5516.0
2021-M10,10/2021,Turistas secundarios,Total,_T,La Palma,4103.0
2021-M11,11/2021,Turistas secundarios,Total,_T,Lanzarote,6394.0
2021-M11,11/2021,Turistas secundarios,Total,_T,Fuerteventura,3593.0
2021-M11,11/2021,Turistas secundarios,Total,_T,Gran Canaria,3421.0
2021-M11,11/2021,Turistas secundarios,Total,_T,Tenerife,11346.0
2021-M11,11/2021,Turistas secundarios,Total,_T,La Palma,7895.0
2021-M12,12/2021,Turistas secundarios,Total,_T,Lanzarote,12302.0
2021-M12,12/2021,Turistas secundarios,Total,_T,Fuerteventura,7710.0
2021-M12,12/2021,Turistas secundarios,Total,_T,Gran Canaria,4351.0
2021-M12,12/2021,Turistas secundarios,Total,_T,Tenerife,16330.0
2021-M12,12/2021,Turistas secundarios,Total,_T,La Palma,7587.0
2022-M01,01/2022,Turistas secundarios,Total,_T,Lanzarote,5917.0
2022-M01,01/2022,Turistas secundarios,Total,_T,Fuerteventura,3210.0
2022-M01,01/2022,Turistas secundarios,Total,_T,Gran Canaria,8384.0
2022-M01,01/2022,Turistas secundarios,Total,_T,Tenerife,7778.0
2022-M01,01/2022,Turistas secundarios,Total,_T,La Palma,8266.0
2022-M02,02/2022,Turistas secundarios,Total,_T,Lanzarote,13355.0
2022-M02,02/2022,Turistas secundarios,Total,_T,Fuerteventura,15812.0
2022-M02,02/2022,Turistas secundarios,Total,_T,Gran Canaria,9164.0
2022-M02,02/2022,Turistas secundarios,Total,_T,Tenerife,14221.0
2022-M02,02/2022,Turistas secundarios,Total,_T,La Palma,12124.0
2022-M03,03/2022,Turistas secundarios,Total,_T,Lanzarote,11707.0
2022-M03,03/2022,Turistas secundarios,Total,_T,Fuerteventura,11461.0
2022-M03,03/2022,Turistas secundarios,Total,_T,Gran Canaria,8436.0
2022-M03,03/2022,Turistas secundarios,Total,_T,Tenerife,18817.0
2022-M03,03/2022,Turistas secundarios,Total,_T,La Palma,9644.0
2022-M04,04/2022,Turistas secundarios,Total,_T,Lanzarote,6657.0
2022-M04,04/2022,Turistas secundarios,Total,_T,Fuerteventura,5896.0
2022-M04,04/2022,Turistas secundarios,Total,_T,Gran Canaria,17855.0
2022-M04,04/2022,Turistas secundarios,Total,_T,Tenerife,8526.0
2022-M04,04/2022,Turistas secundarios,Total,_T,La Palma,12465.0
2022-M05,05/2022,Turistas secundarios,Total,_T,Lanzarote,5193.0
2022-M05,05/2022,Turistas secundarios,Total,_T,Fuerteventura,3154.0
2022-M05,05/2022,Turistas secundarios,Total,_T,Gran Canaria,4356.0
2022-M05,05/2022,Turistas secundarios,Total,_T,Tenerife,4990.0
2022-M05,05/2022,Turistas secundarios,Total,_T,La Palma,3286.0
2022-M06,06/2022,Turistas secundarios,Total,_T,Lanzarote,3139.0
2022-M06,06/2022,Turistas secundarios,Total,_T,Fuerteventura,3235.0
2022-M06,06/2022,Turistas secundarios,Total,_T,Gran Canaria,2842.0
2022-M06,06/2022,Turistas secundarios,Total,_T,Tenerife,3706.0
2022-M06,06/2022,Turistas secundarios,Total,_T,La Palma,1960.0
2022-M07,07/2022,Turistas secundarios,Total,_T,Lanzarote,2450.0
2022-M07,07/2022,Turistas secundarios,Total,_T,Fuerteventura,3200.0
2022-M07,07/2022,Turistas secundarios,Total,_T,Gran Canaria,2716.0
2022-M07,07/2022,Turistas secundarios,Total,_T,Tenerife,6054.0
2022-M07,07/2022,Turistas secundarios,Total,_T,La Palma,1801.0
2022-M08,08/2022,Turistas secundarios,Total,_T,Lanzarote,4112.0
2022-M08,08/2022,Turistas secundarios,Total,_T,Fuerteventura,5103.0
2022-M08,08/2022,Turistas secundarios,Total,_T,Gran Canaria,3876.0
2022-M08,08/2022,Turistas secundarios,Total,_T,Tenerife,5566.0
2022-M08,08/2022,Turistas secundarios,Total,_T,La Palma,2944.0
2022-M09,09/2022,Turistas secundarios,Total,_T,Lanzarote,4227.0
2022-M09,09/2022,Turistas secundarios,Total,_T,Fuerteventura,2973.0
2022-M09,09/2022,Turistas secundarios,Total,_T,Gran Canaria,2799.0
2022-M09,09/2022,Turistas secundarios,Total,_T,Tenerife,3782.0
2022-M09,09/2022,Turistas secundarios,Total,_T,La Palma,2062.0
2022-M10,10/2022,Turistas secundarios,Total,_T,Lanzarote,7476.0
2022-M10,10/2022,Turistas secundarios,Total,_T,Fuerteventura,2960.0
2022-M10,10/2022,Turistas secundarios,Total,_T,Gran Canaria,3494.0
2022-M10,10/2022,Turistas secundarios,Total,_T,Tenerife,6015.0
2022-M10,10/2022,Turistas secundarios,Total,_T,La Palma,1610.0
2022-M11,11/2022,Turistas secundarios,Total,_T,Lanzarote,6606.0
2022-M11,11/2022,Turistas secundarios,Total,_T,Fuerteventura,11860.0
2022-M11,11/2022,Turistas secundarios,Total,_T,Gran Canaria,5480.0
2022-M11,11/2022,Turistas secundarios,Total,_T,Tenerife,35940.0
2022-M11,11/2022,Turistas secundarios,Total,_T,La Palma,12162.0
2022-M12,12/2022,Turistas secundarios,Total,_T,Lanzarote,11148.0
2022-M12,12/2022,Turistas secundarios,Total,_T,Fuerteventura,11393.0
2022-M12,12/2022,Turistas secundarios,Total,_T,Gran Canaria,10038.0
2022-M12,12/2022,Turistas secundarios,Total,_T,Tenerife,14417.0
2022-M12,12/2022,Turistas secundarios,Total,_T,La Palma,9744.0
2023-M01,01/2023,Turistas secundarios,Total,_T,Lanzarote,12168.0
2023-M01,01/2023,Turistas secundarios,Total,_T,Fuerteventura,8830.0
2023-M01,01/2023,Turistas secundarios,Total,_T,Gran Canaria,10691.0
2023-M01,01/2023,Turistas secundarios,Total,_T,Tenerife,13303.0
2023-M01,01/2023,Turistas secundarios,Total,_T,La Palma,9609.0
2023-M02,02/2023,Turistas secundarios,Total,_T,Lanzarote,21173.0
2023-M02,02/2023,Turistas secundarios,Total,_T,Fuerteventura,19462.0
2023-M02,02/2023,Turistas secundarios,Total,_T,Gran Canaria,12784.0
2023-M02,02/2023,Turistas secundarios,Total,_T,Tenerife,19864.0
2023-M02,02/2023,Turistas secundarios,Total,_T,La Palma,16423.0
2023-M03,03/2023,Turistas secundarios,Total,_T,Lanzarote,11910.0
2023-M03,03/2023,Turistas secundarios,Total,_T,Fuerteventura,9550.0
2023-M03,03/2023,Turistas secundarios,Total,_T,Gran Canaria,6480.0
2023-M03,03/2023,Turistas secundarios,Total,_T,Tenerife,14234.0
2023-M03,03/2023,Turistas secundarios,Total,_T,La Palma,5907.0
2023-M04,04/2023,Turistas secundarios,Total,_T,Lanzarote,12263.0
2023-M04,04/2023,Turistas secundarios,Total,_T,Fuerteventura,10192.0
2023-M04,04/2023,Turistas secundarios,Total,_T,Gran Canaria,7084.0
2023-M04,04/2023,Turistas secundarios,Total,_T,Tenerife,11878.0
2023-M04,04/2023,Turistas secundarios,Total,_T,La Palma,5102.0
2023-M05,05/2023,Turistas secundarios,Total,_T,Lanzarote,4108.0
2023-M05,05/2023,Turistas secundarios,Total,_T,Fuerteventura,3521.0
2023-M05,05/2023,Turistas secundarios,Total,_T,Gran Canaria,5191.0
2023-M05,05/2023,Turistas secundarios,Total,_T,Tenerife,5258.0
2023-M05,05/2023,Turistas secundarios,Total,_T,La Palma,3372.0
2023-M06,06/2023,Turistas secundarios,Total,_T,Lanzarote,3156.0
2023-M06,06/2023,Turistas secundarios,Total,_T,Fuerteventura,2159.0
2023-M06,06/2023,Turistas secundarios,Total,_T,Gran Canaria,3729.0
2023-M06,06/2023,Turistas secundarios,Total,_T,Tenerife,4788.0
2023-M06,06/2023,Turistas secundarios,Total,_T,La Palma,1964.0
2023-M07,07/2023,Turistas secundarios,Total,_T,Lanzarote,2903.0
2023-M07,07/2023,Turistas secundarios,Total,_T,Fuerteventura,3046.0
2023-M07,07/2023,Turistas secundarios,Total,_T,Gran Canaria,5136.0
2023-M07,07/2023,Turistas secundarios,Total,_T,Tenerife,3945.0
2023-M07,07/2023,Turistas secundarios,Total,_T,La Palma,2265.0
2023-M08,08/2023,Turistas secundarios,Total,_T,Lanzarote,5202.0
2023-M08,08/2023,Turistas secundarios,Total,_T,Fuerteventura,4573.0
2023-M08,08/2023,Turistas secundarios,Total,_T,Gran Canaria,5004.0
2023-M08,08/2023,Turistas secundarios,Total,_T,Tenerife,5613.0
2023-M08,08/2023,Turistas secundarios,Total,_T,La Palma,2383.0
2023-M09,09/2023,Turistas secundarios,Total,_T,Lanzarote,4347.0
2023-M09,09/2023,Turistas secundarios,Total,_T,Fuerteventura,5052.0
2023-M09,09/2023,Turistas secundarios,Total,_T,Gran Canaria,3851.0
2023-M09,09/2023,Turistas secundarios,Total,_T,Tenerife,5857.0
2023-M09,09/2023,Turistas secundarios,Total,_T,La Palma,2363.0
2023-M10,10/2023,Turistas secundarios,Total,_T,Lanzarote,3489.0
2023-M10,10/2023,Turistas secundarios,Total,_T,Fuerteventura,4478.0
2023-M10,10/2023,Turistas secundarios,Total,_T,Gran Canaria,5538.0
2023-M10,10/2023,Turistas secundarios,Total,_T,Tenerife,7252.0
2023-M10,10/2023,Turistas secundarios,Total,_T,La Palma,2792.0
2023-M11,11/2023,Turistas secundarios,Total,_T,Lanzarote,24204.0
2023-M11,11/2023,Turistas secundarios,Total,_T,Fuerteventura,12097.0
2023-M11,11/2023,Turistas secundarios,Total,_T,Gran Canaria,16869.0
2023-M11,11/2023,Turistas secundarios,Total,_T,Tenerife,17032.0
2023-M11,11/2023,Turistas secundarios,Total,_T,La Palma,13010.0
2023-M12,12/2023,Turistas secundarios,Total,_T,Lanzarote,24926.0
2023-M12,12/2023,Turistas secundarios,Total,_T,Fuerteventura,22763.0
2023-M12,12/2023,Turistas secundarios,Total,_T,Gran Canaria,23177.0
2023-M12,12/2023,Turistas secundarios,Total,_T,Tenerife,14439.0
2023-M12,12/2023,Turistas secundarios,Total,_T,La Palma,19518.0
2024-M01,01/2024,Turistas secundarios,Total,_T,Lanzarote,24478.0
2024-M01,01/2024,Turistas secundarios,Total,_T,Fuerteventura,23293.0
2024-M01,01/2024,Turistas secundarios,Total,_T,Gran Canaria,20988.0
2024-M01,01/2024,Turistas secundarios,Total,_T,Tenerife,19004.0
2024-M01,01/2024,Turistas secundarios,Total,_T,La Palma,14335.0
2024-M02,02/2024,Turistas secundarios,Total,_T,Lanzarote,22869.0
2024-M02,02/2024,Turistas secundarios,Total,_T,Fuerteventura,25279.0
2024-M02,02/2024,Turistas secundarios,Total,_T,Gran Canaria,7032.0
2024-M02,02/2024,Turistas secundarios,Total,_T,Tenerife,24630.0
2024-M02,02/2024,Turistas secundarios,Total,_T,La Palma,7688.0
2024-M03,03/2024,Turistas secundarios,Total,_T,Lanzarote,15663.0
2024-M03,03/2024,Turistas secundarios,Total,_T,Fuerteventura,13929.0
2024-M03,03/2024,Turistas secundarios,Total,_T,Gran Canaria,12484.0
2024-M03,03/2024,Turistas secundarios,Total,_T,Tenerife,10249.0
2024-M03,03/2024,Turistas secundarios,Total,_T,La Palma,5719.0
2024-M04,04/2024,Turistas secundarios,Total,_T,Lanzarote,17818.0
2024-M04,04/2024,Turistas secundarios,Total,_T,Fuerteventura,17511.0
2024-M04,04/2024,Turistas secundarios,Total,_T,Gran Canaria,11127.0
2024-M04,04/2024,Turistas secundarios,Total,_T,Tenerife,15713.0
2024-M04,04/2024,Turistas secundarios,Total,_T,La Palma,5260.0
2024-M05,05/2024,Turistas secundarios,Total,_T,Lanzarote,5527.0
2024-M05,05/2024,Turistas secundarios,Total,_T,Fuerteventura,3989.0
2024-M05,05/2024,Turistas secundarios,Total,_T,Gran Canaria,5413.0
2024-M05,05/2024,Turistas secundarios,Total,_T,Tenerife,5223.0
2024-M05,05/2024,Turistas secundarios,Total,_T,La Palma,3270.0
2024-M06,06/2024,Turistas secundarios,Total,_T,Lanzarote,5123.0
2024-M06,06/2024,Turistas secundarios,Total,_T,Fuerteventura,5384.0
2024-M06,06/2024,Turistas secundarios,Total,_T,Gran Canaria,6585.0
2024-M06,06/2024,Turistas secundarios,Total,_T,Tenerife,3833.0
2024-M06,06/2024,Turistas secundarios,Total,_T,La Palma,4662.0
2024-M07,07/2024,Turistas secundarios,Total,_T,Lanzarote,4861.0
2024-M07,07/2024,Turistas secundarios,Total,_T,Fuerteventura,4308.0
2024-M07,07/2024,Turistas secundarios,Total,_T,Gran Canaria,7418.0
2024-M07,07/2024,Turistas secundarios,Total,_T,Tenerife,5025.0
2024-M07,07/2024,Turistas secundarios,Total,_T,La Palma,4019.0
2024-M08,08/2024,Turistas secundarios,Total,_T,Lanzarote,4467.0
2024-M08,08/2024,Turistas secundarios,Total,_T,Fuerteventura,4073.0
2024-M08,08/2024,Turistas secundarios,Total,_T,Gran Canaria,3567.0
2024-M08,08/2024,Turistas secundarios,Total,_T,Tenerife,5088.0
2024-M08,08/2024,Turistas secundarios,Total,_T,La Palma,2211.0
2024-M09,09/2024,Turistas secundarios,Total,_T,Lanzarote,3173.0
2024-M09,09/2024,Turistas secundarios,Total,_T,Fuerteventura,1307.0
2024-M09,09/2024,Turistas secundarios,Total,_T,Gran Canaria,2238.0
2024-M09,09/2024,Turistas secundarios,Total,_T,Tenerife,5835.0
2024-M09,09/2024,Turistas secundarios,Total,_T,La Palma,1139.0
2024-M10,10/2024,Turistas secundarios,Total,_T,Lanzarote,3617.0
2024-M10,10/2024,Turistas secundarios,Total,_T,Fuerteventura,1822.0
2024-M10,10/2024,Turistas secundarios,Total,_T,Gran Canaria,2789.0
2024-M10,10/2024,Turistas secundarios,Total,_T,Tenerife,8905.0
2024-M10,10/2024,Turistas secundarios,Total,_T,La Palma,954.0
2024-M11,11/2024,Turistas secundarios,Total,_T,Lanzarote,18402.0
2024-M11,11/2024,Turistas secundarios,Total,_T,Fuerteventura,19006.0
2024-M11,11/2024,Turistas secundarios,Total,_T,Gran Canaria,13076.0
2024-M11,11/2024,Turistas secundarios,Total,_T,Tenerife,17245.0
2024-M11,11/2024,Turistas secundarios,Total,_T,La Palma,9130.0
2024-M12,12/2024,Turistas secundarios,Total,_T,Lanzarote,42869.0
2024-M12,12/2024,Turistas secundarios,Total,_T,Fuerteventura,47251.0
2024-M12,12/2024,Turistas secundarios,Total,_T,Gran Canaria,36083.0
2024-M12,12/2024,Turistas secundarios,Total,_T,Tenerife,26354.0
2024-M12,12/2024,Turistas secundarios,Total,_T,La Palma,22576.0
2025-M01,01/2025,Turistas secundarios,Total,_T,Lanzarote,14871.0
2025-M01,01/2025,Turistas secundarios,Total,_T,Fuerteventura,14776.0
2025-M01,01/2025,Turistas secundarios,Total,_T,Gran Canaria,13275.0
2025-M01,01/2025,Turistas secundarios,Total,_T,Tenerife,14840.0
2025-M01,01/2025,Turistas secundarios,Total,_T,La Palma,8513.0
2025-M02,02/2025,Turistas secundarios,Total,_T,Lanzarote,33778.0
2025-M02,02/2025,Turistas secundarios,Total,_T,Fuerteventura,34591.0
2025-M02,02/2025,Turistas secundarios,Total,_T,Gran Canaria,33203.0
2025-M02,02/2025,Turistas secundarios,Total,_T,Tenerife,20685.0
2025-M02,02/2025,Turistas secundarios,Total,_T,La Palma,17048.0
2025-M03,03/2025,Turistas secundarios,Total,_T,Lanzarote,21417.0
2025-M03,03/2025,Turistas secundarios,Total,_T,Fuerteventura,19489.0
2025-M03,03/2025,Turistas secundarios,Total,_T,Gran Canaria,23951.0
2025-M03,03/2025,Turistas secundarios,Total,_T,Tenerife,13828.0
2025-M03,03/2025,Turistas secundarios,Total,_T,La Palma,13815.0
2025-M04,04/2025,Turistas secundarios,Total,_T,Lanzarote,15939.0
2025-M04,04/2025,Turistas secundarios,Total,_T,Fuerteventura,18563.0
2025-M04,04/2025,Turistas secundarios,Total,_T,Gran Canaria,14078.0
2025-M04,04/2025,Turistas secundarios,Total,_T,Tenerife,24001.0
2025-M04,04/2025,Turistas secundarios,Total,_T,La Palma,7395.0
2025-M05,05/2025,Turistas secundarios,Total,_T,Lanzarote,6119.0
2025-M05,05/2025,Turistas secundarios,Total,_T,Fuerteventura,5482.0
2025-M05,05/2025,Turistas secundarios,Total,_T,Gran Canaria,5863.0
2025-M05,05/2025,Turistas secundarios,Total,_T,Tenerife,4668.0
2025-M05,05/2025,Turistas secundarios,Total,_T,La Palma,2590.0
2025-M06,06/2025,Turistas secundarios,Total,_T,Lanzarote,3910.0
2025-M06,06/2025,Turistas secundarios,Total,_T,Fuerteventura,2653.0
2025-M06,06/2025,Turistas secundarios,Total,_T,Gran Canaria,4104.0
2025-M06,06/2025,Turistas secundarios,Total,_T,Tenerife,4259.0
2025-M06,06/2025,Turistas secundarios,Total,_T,La Palma,2330.0
2025-M07,07/2025,Turistas secundarios,Total,_T,Lanzarote,6972.0
2025-M07,07/2025,Turistas secundarios,Total,_T,Fuerteventura,1540.0
2025-M07,07/2025,Turistas secundarios,Total,_T,Gran Canaria,4395.0
2025-M07,07/2025,Turistas secundarios,Total,_T,Tenerife,4676.0
2025-M07,07/2025,Turistas secundarios,Total,_T,La Palma,1264.0
2020-M01,01/2020,Turistas secundarios,Alemania,DE,Lanzarote,18052.0
2020-M01,01/2020,Turistas secundarios,Alemania,DE,Fuerteventura,14703.0
2020-M01,01/2020,Turistas secundarios,Alemania,DE,Gran Canaria,6288.0
2020-M01,01/2020,Turistas secundarios,Alemania,DE,Tenerife,20243.0
2020-M01,01/2020,Turistas secundarios,Alemania,DE,La Palma,12695.0
2020-M02,02/2020,Turistas secundarios,Alemania,DE,Lanzarote,6946.0
2020-M02,02/2020,Turistas secundarios,Alemania,DE,Fuerteventura,11186.0
2020-M02,02/2020,Turistas secundarios,Alemania,DE,Gran Canaria,585.0
2020-M02,02/2020,Turistas secundarios,Alemania,DE,Tenerife,13700.0
2020-M02,02/2020,Turistas secundarios,Alemania,DE,La Palma,8882.0
2020-M03,03/2020,Turistas secundarios,Alemania,DE,Lanzarote,4780.0
2020-M03,03/2020,Turistas secundarios,Alemania,DE,Fuerteventura,2455.0
2020-M03,03/2020,Turistas secundarios,Alemania,DE,Gran Canaria,409.0
2020-M03,03/2020,Turistas secundarios,Alemania,DE,Tenerife,4733.0
2020-M03,03/2020,Turistas secundarios,Alemania,DE,La Palma,565.0
2020-M04,04/2020,Turistas secundarios,Alemania,DE,Lanzarote,
2020-M04,04/2020,Turistas secundarios,Alemania,DE,Fuerteventura,
2020-M04,04/2020,Turistas secundarios,Alemania,DE,Gran Canaria,
2020-M04,04/2020,Turistas secundarios,Alemania,DE,Tenerife,
2020-M04,04/2020,Turistas secundarios,Alemania,DE,La Palma,
2020-M05,05/2020,Turistas secundarios,Alemania,DE,Lanzarote,
2020-M05,05/2020,Turistas secundarios,Alemania,DE,Fuerteventura,
2020-M05,05/2020,Turistas secundarios,Alemania,DE,Gran Canaria,
2020-M05,05/2020,Turistas secundarios,Alemania,DE,Tenerife,
2020-M05,05/2020,Turistas secundarios,Alemania,DE,La Palma,
2020-M06,06/2020,Turistas secundarios,Alemania,DE,Lanzarote,
2020-M06,06/2020,Turistas secundarios,Alemania,DE,Fuerteventura,
2020-M06,06/2020,Turistas secundarios,Alemania,DE,Gran Canaria,
2020-M06,06/2020,Turistas secundarios,Alemania,DE,Tenerife,
2020-M06,06/2020,Turistas secundarios,Alemania,DE,La Palma,
2020-M07,07/2020,Turistas secundarios,Alemania,DE,Lanzarote,742.0
2020-M07,07/2020,Turistas secundarios,Alemania,DE,Fuerteventura,374.0
2020-M07,07/2020,Turistas secundarios,Alemania,DE,Gran Canaria,154.0
2020-M07,07/2020,Turistas secundarios,Alemania,DE,Tenerife,920.0
2020-M07,07/2020,Turistas secundarios,Alemania,DE,La Palma,522.0
2020-M08,08/2020,Turistas secundarios,Alemania,DE,Lanzarote,194.0
2020-M08,08/2020,Turistas secundarios,Alemania,DE,Fuerteventura,442.0
2020-M08,08/2020,Turistas secundarios,Alemania,DE,Gran Canaria,114.0
2020-M08,08/2020,Turistas secundarios,Alemania,DE,Tenerife,48.0
2020-M08,08/2020,Turistas secundarios,Alemania,DE,La Palma,48.0
2020-M09,09/2020,Turistas secundarios,Alemania,DE,Lanzarote,22.0
2020-M09,09/2020,Turistas secundarios,Alemania,DE,Fuerteventura,69.0
2020-M09,09/2020,Turistas secundarios,Alemania,DE,Gran Canaria,20.0
2020-M09,09/2020,Turistas secundarios,Alemania,DE,Tenerife,73.0
2020-M09,09/2020,Turistas secundarios,Alemania,DE,La Palma,1.0
2020-M10,10/2020,Turistas secundarios,Alemania,DE,Lanzarote,44.0
2020-M10,10/2020,Turistas secundarios,Alemania,DE,Fuerteventura,50.0
2020-M10,10/2020,Turistas secundarios,Alemania,DE,Gran Canaria,106.0
2020-M10,10/2020,Turistas secundarios,Alemania,DE,Tenerife,82.0
2020-M10,10/2020,Turistas secundarios,Alemania,DE,La Palma,64.0
2020-M11,11/2020,Turistas secundarios,Alemania,DE,Lanzarote,3643.0
2020-M11,11/2020,Turistas secundarios,Alemania,DE,Fuerteventura,2596.0
2020-M11,11/2020,Turistas secundarios,Alemania,DE,Gran Canaria,245.0
2020-M11,11/2020,Turistas secundarios,Alemania,DE,Tenerife,5619.0
2020-M11,11/2020,Turistas secundarios,Alemania,DE,La Palma,2672.0
2020-M12,12/2020,Turistas secundarios,Alemania,DE,Lanzarote,2988.0
2020-M12,12/2020,Turistas secundarios,Alemania,DE,Fuerteventura,5409.0
2020-M12,12/2020,Turistas secundarios,Alemania,DE,Gran Canaria,449.0
2020-M12,12/2020,Turistas secundarios,Alemania,DE,Tenerife,5551.0
2020-M12,12/2020,Turistas secundarios,Alemania,DE,La Palma,5158.0
2021-M01,01/2021,Turistas secundarios,Alemania,DE,Lanzarote,4498.0
2021-M01,01/2021,Turistas secundarios,Alemania,DE,Fuerteventura,4605.0
2021-M01,01/2021,Turistas secundarios,Alemania,DE,Gran Canaria,875.0
2021-M01,01/2021,Turistas secundarios,Alemania,DE,Tenerife,5348.0
2021-M01,01/2021,Turistas secundarios,Alemania,DE,La Palma,4694.0
2021-M02,02/2021,Turistas secundarios,Alemania,DE,Lanzarote,2373.0
2021-M02,02/2021,Turistas secundarios,Alemania,DE,Fuerteventura,3053.0
2021-M02,02/2021,Turistas secundarios,Alemania,DE,Gran Canaria,1139.0
2021-M02,02/2021,Turistas secundarios,Alemania,DE,Tenerife,2163.0
2021-M02,02/2021,Turistas secundarios,Alemania,DE,La Palma,2669.0
2021-M03,03/2021,Turistas secundarios,Alemania,DE,Lanzarote,3837.0
2021-M03,03/2021,Turistas secundarios,Alemania,DE,Fuerteventura,3406.0
2021-M03,03/2021,Turistas secundarios,Alemania,DE,Gran Canaria,147.0
2021-M03,03/2021,Turistas secundarios,Alemania,DE,Tenerife,4930.0
2021-M03,03/2021,Turistas secundarios,Alemania,DE,La Palma,3392.0
2021-M04,04/2021,Turistas secundarios,Alemania,DE,Lanzarote,4400.0
2021-M04,04/2021,Turistas secundarios,Alemania,DE,Fuerteventura,4449.0
2021-M04,04/2021,Turistas secundarios,Alemania,DE,Gran Canaria,108.0
2021-M04,04/2021,Turistas secundarios,Alemania,DE,Tenerife,6451.0
2021-M04,04/2021,Turistas secundarios,Alemania,DE,La Palma,4540.0
2021-M05,05/2021,Turistas secundarios,Alemania,DE,Lanzarote,5969.0
2021-M05,05/2021,Turistas secundarios,Alemania,DE,Fuerteventura,3385.0
2021-M05,05/2021,Turistas secundarios,Alemania,DE,Gran Canaria,198.0
2021-M05,05/2021,Turistas secundarios,Alemania,DE,Tenerife,6903.0
2021-M05,05/2021,Turistas secundarios,Alemania,DE,La Palma,2264.0
2021-M06,06/2021,Turistas secundarios,Alemania,DE,Lanzarote,3230.0
2021-M06,06/2021,Turistas secundarios,Alemania,DE,Fuerteventura,850.0
2021-M06,06/2021,Turistas secundarios,Alemania,DE,Gran Canaria,273.0
2021-M06,06/2021,Turistas secundarios,Alemania,DE,Tenerife,4053.0
2021-M06,06/2021,Turistas secundarios,Alemania,DE,La Palma,613.0
2021-M07,07/2021,Turistas secundarios,Alemania,DE,Lanzarote,1248.0
2021-M07,07/2021,Turistas secundarios,Alemania,DE,Fuerteventura,469.0
2021-M07,07/2021,Turistas secundarios,Alemania,DE,Gran Canaria,156.0
2021-M07,07/2021,Turistas secundarios,Alemania,DE,Tenerife,1361.0
2021-M07,07/2021,Turistas secundarios,Alemania,DE,La Palma,252.0
2021-M08,08/2021,Turistas secundarios,Alemania,DE,Lanzarote,246.0
2021-M08,08/2021,Turistas secundarios,Alemania,DE,Fuerteventura,71.0
2021-M08,08/2021,Turistas secundarios,Alemania,DE,Gran Canaria,159.0
2021-M08,08/2021,Turistas secundarios,Alemania,DE,Tenerife,328.0
2021-M08,08/2021,Turistas secundarios,Alemania,DE,La Palma,271.0
2021-M09,09/2021,Turistas secundarios,Alemania,DE,Lanzarote,239.0
2021-M09,09/2021,Turistas secundarios,Alemania,DE,Fuerteventura,95.0
2021-M09,09/2021,Turistas secundarios,Alemania,DE,Gran Canaria,290.0
2021-M09,09/2021,Turistas secundarios,Alemania,DE,Tenerife,271.0
2021-M09,09/2021,Turistas secundarios,Alemania,DE,La Palma,69.0
2021-M10,10/2021,Turistas secundarios,Alemania,DE,Lanzarote,1416.0
2021-M10,10/2021,Turistas secundarios,Alemania,DE,Fuerteventura,421.0
2021-M10,10/2021,Turistas secundarios,Alemania,DE,Gran Canaria,523.0
2021-M10,10/2021,Turistas secundarios,Alemania,DE,Tenerife,1793.0
2021-M10,10/2021,Turistas secundarios,Alemania,DE,La Palma,877.0
2021-M11,11/2021,Turistas secundarios,Alemania,DE,Lanzarote,3438.0
2021-M11,11/2021,Turistas secundarios,Alemania,DE,Fuerteventura,1480.0
2021-M11,11/2021,Turistas secundarios,Alemania,DE,Gran Canaria,965.0
2021-M11,11/2021,Turistas secundarios,Alemania,DE,Tenerife,7023.0
2021-M11,11/2021,Turistas secundarios,Alemania,DE,La Palma,2411.0
2021-M12,12/2021,Turistas secundarios,Alemania,DE,Lanzarote,8955.0
2021-M12,12/2021,Turistas secundarios,Alemania,DE,Fuerteventura,5245.0
2021-M12,12/2021,Turistas secundarios,Alemania,DE,Gran Canaria,1331.0
2021-M12,12/2021,Turistas secundarios,Alemania,DE,Tenerife,10293.0
2021-M12,12/2021,Turistas secundarios,Alemania,DE,La Palma,3676.0
2022-M01,01/2022,Turistas secundarios,Alemania,DE,Lanzarote,3359.0
2022-M01,01/2022,Turistas secundarios,Alemania,DE,Fuerteventura,1103.0
2022-M01,01/2022,Turistas secundarios,Alemania,DE,Gran Canaria,3797.0
2022-M01,01/2022,Turistas secundarios,Alemania,DE,Tenerife,3334.0
2022-M01,01/2022,Turistas secundarios,Alemania,DE,La Palma,5999.0
2022-M02,02/2022,Turistas secundarios,Alemania,DE,Lanzarote,11029.0
2022-M02,02/2022,Turistas secundarios,Alemania,DE,Fuerteventura,12342.0
2022-M02,02/2022,Turistas secundarios,Alemania,DE,Gran Canaria,6530.0
2022-M02,02/2022,Turistas secundarios,Alemania,DE,Tenerife,9705.0
2022-M02,02/2022,Turistas secundarios,Alemania,DE,La Palma,9524.0
2022-M03,03/2022,Turistas secundarios,Alemania,DE,Lanzarote,8961.0
2022-M03,03/2022,Turistas secundarios,Alemania,DE,Fuerteventura,8455.0
2022-M03,03/2022,Turistas secundarios,Alemania,DE,Gran Canaria,4355.0
2022-M03,03/2022,Turistas secundarios,Alemania,DE,Tenerife,14845.0
2022-M03,03/2022,Turistas secundarios,Alemania,DE,La Palma,7193.0
2022-M04,04/2022,Turistas secundarios,Alemania,DE,Lanzarote,1450.0
2022-M04,04/2022,Turistas secundarios,Alemania,DE,Fuerteventura,1883.0
2022-M04,04/2022,Turistas secundarios,Alemania,DE,Gran Canaria,7413.0
2022-M04,04/2022,Turistas secundarios,Alemania,DE,Tenerife,2672.0
2022-M04,04/2022,Turistas secundarios,Alemania,DE,La Palma,7316.0
2022-M05,05/2022,Turistas secundarios,Alemania,DE,Lanzarote,1421.0
2022-M05,05/2022,Turistas secundarios,Alemania,DE,Fuerteventura,641.0
2022-M05,05/2022,Turistas secundarios,Alemania,DE,Gran Canaria,487.0
2022-M05,05/2022,Turistas secundarios,Alemania,DE,Tenerife,1564.0
2022-M05,05/2022,Turistas secundarios,Alemania,DE,La Palma,172.0
2022-M06,06/2022,Turistas secundarios,Alemania,DE,Lanzarote,1722.0
2022-M06,06/2022,Turistas secundarios,Alemania,DE,Fuerteventura,1159.0
2022-M06,06/2022,Turistas secundarios,Alemania,DE,Gran Canaria,171.0
2022-M06,06/2022,Turistas secundarios,Alemania,DE,Tenerife,1966.0
2022-M06,06/2022,Turistas secundarios,Alemania,DE,La Palma,353.0
2022-M07,07/2022,Turistas secundarios,Alemania,DE,Lanzarote,425.0
2022-M07,07/2022,Turistas secundarios,Alemania,DE,Fuerteventura,545.0
2022-M07,07/2022,Turistas secundarios,Alemania,DE,Gran Canaria,167.0
2022-M07,07/2022,Turistas secundarios,Alemania,DE,Tenerife,633.0
2022-M07,07/2022,Turistas secundarios,Alemania,DE,La Palma,334.0
2022-M08,08/2022,Turistas secundarios,Alemania,DE,Lanzarote,208.0
2022-M08,08/2022,Turistas secundarios,Alemania,DE,Fuerteventura,207.0
2022-M08,08/2022,Turistas secundarios,Alemania,DE,Gran Canaria,
2022-M08,08/2022,Turistas secundarios,Alemania,DE,Tenerife,287.0
2022-M08,08/2022,Turistas secundarios,Alemania,DE,La Palma,292.0
2022-M09,09/2022,Turistas secundarios,Alemania,DE,Lanzarote,539.0
2022-M09,09/2022,Turistas secundarios,Alemania,DE,Fuerteventura,412.0
2022-M09,09/2022,Turistas secundarios,Alemania,DE,Gran Canaria,132.0
2022-M09,09/2022,Turistas secundarios,Alemania,DE,Tenerife,838.0
2022-M09,09/2022,Turistas secundarios,Alemania,DE,La Palma,210.0
2022-M10,10/2022,Turistas secundarios,Alemania,DE,Lanzarote,1730.0
2022-M10,10/2022,Turistas secundarios,Alemania,DE,Fuerteventura,871.0
2022-M10,10/2022,Turistas secundarios,Alemania,DE,Gran Canaria,533.0
2022-M10,10/2022,Turistas secundarios,Alemania,DE,Tenerife,1070.0
2022-M10,10/2022,Turistas secundarios,Alemania,DE,La Palma,402.0
2022-M11,11/2022,Turistas secundarios,Alemania,DE,Lanzarote,3038.0
2022-M11,11/2022,Turistas secundarios,Alemania,DE,Fuerteventura,8688.0
2022-M11,11/2022,Turistas secundarios,Alemania,DE,Gran Canaria,1704.0
2022-M11,11/2022,Turistas secundarios,Alemania,DE,Tenerife,9975.0
2022-M11,11/2022,Turistas secundarios,Alemania,DE,La Palma,9155.0
2022-M12,12/2022,Turistas secundarios,Alemania,DE,Lanzarote,4235.0
2022-M12,12/2022,Turistas secundarios,Alemania,DE,Fuerteventura,4450.0
2022-M12,12/2022,Turistas secundarios,Alemania,DE,Gran Canaria,3466.0
2022-M12,12/2022,Turistas secundarios,Alemania,DE,Tenerife,5709.0
2022-M12,12/2022,Turistas secundarios,Alemania,DE,La Palma,4347.0
2023-M01,01/2023,Turistas secundarios,Alemania,DE,Lanzarote,6176.0
2023-M01,01/2023,Turistas secundarios,Alemania,DE,Fuerteventura,3388.0
2023-M01,01/2023,Turistas secundarios,Alemania,DE,Gran Canaria,5845.0
2023-M01,01/2023,Turistas secundarios,Alemania,DE,Tenerife,5521.0
2023-M01,01/2023,Turistas secundarios,Alemania,DE,La Palma,6224.0
2023-M02,02/2023,Turistas secundarios,Alemania,DE,Lanzarote,14195.0
2023-M02,02/2023,Turistas secundarios,Alemania,DE,Fuerteventura,14057.0
2023-M02,02/2023,Turistas secundarios,Alemania,DE,Gran Canaria,8648.0
2023-M02,02/2023,Turistas secundarios,Alemania,DE,Tenerife,11448.0
2023-M02,02/2023,Turistas secundarios,Alemania,DE,La Palma,12196.0
2023-M03,03/2023,Turistas secundarios,Alemania,DE,Lanzarote,6498.0
2023-M03,03/2023,Turistas secundarios,Alemania,DE,Fuerteventura,5509.0
2023-M03,03/2023,Turistas secundarios,Alemania,DE,Gran Canaria,2419.0
2023-M03,03/2023,Turistas secundarios,Alemania,DE,Tenerife,6668.0
2023-M03,03/2023,Turistas secundarios,Alemania,DE,La Palma,1915.0
2023-M04,04/2023,Turistas secundarios,Alemania,DE,Lanzarote,6993.0
2023-M04,04/2023,Turistas secundarios,Alemania,DE,Fuerteventura,6934.0
2023-M04,04/2023,Turistas secundarios,Alemania,DE,Gran Canaria,1346.0
2023-M04,04/2023,Turistas secundarios,Alemania,DE,Tenerife,6971.0
2023-M04,04/2023,Turistas secundarios,Alemania,DE,La Palma,679.0
2023-M05,05/2023,Turistas secundarios,Alemania,DE,Lanzarote,1097.0
2023-M05,05/2023,Turistas secundarios,Alemania,DE,Fuerteventura,459.0
2023-M05,05/2023,Turistas secundarios,Alemania,DE,Gran Canaria,1253.0
2023-M05,05/2023,Turistas secundarios,Alemania,DE,Tenerife,1044.0
2023-M05,05/2023,Turistas secundarios,Alemania,DE,La Palma,685.0
2023-M06,06/2023,Turistas secundarios,Alemania,DE,Lanzarote,840.0
2023-M06,06/2023,Turistas secundarios,Alemania,DE,Fuerteventura,804.0
2023-M06,06/2023,Turistas secundarios,Alemania,DE,Gran Canaria,808.0
2023-M06,06/2023,Turistas secundarios,Alemania,DE,Tenerife,1049.0
2023-M06,06/2023,Turistas secundarios,Alemania,DE,La Palma,626.0
2023-M07,07/2023,Turistas secundarios,Alemania,DE,Lanzarote,634.0
2023-M07,07/2023,Turistas secundarios,Alemania,DE,Fuerteventura,842.0
2023-M07,07/2023,Turistas secundarios,Alemania,DE,Gran Canaria,504.0
2023-M07,07/2023,Turistas secundarios,Alemania,DE,Tenerife,855.0
2023-M07,07/2023,Turistas secundarios,Alemania,DE,La Palma,758.0
2023-M08,08/2023,Turistas secundarios,Alemania,DE,Lanzarote,865.0
2023-M08,08/2023,Turistas secundarios,Alemania,DE,Fuerteventura,842.0
2023-M08,08/2023,Turistas secundarios,Alemania,DE,Gran Canaria,409.0
2023-M08,08/2023,Turistas secundarios,Alemania,DE,Tenerife,1150.0
2023-M08,08/2023,Turistas secundarios,Alemania,DE,La Palma,937.0
2023-M09,09/2023,Turistas secundarios,Alemania,DE,Lanzarote,1248.0
2023-M09,09/2023,Turistas secundarios,Alemania,DE,Fuerteventura,1828.0
2023-M09,09/2023,Turistas secundarios,Alemania,DE,Gran Canaria,886.0
2023-M09,09/2023,Turistas secundarios,Alemania,DE,Tenerife,1503.0
2023-M09,09/2023,Turistas secundarios,Alemania,DE,La Palma,798.0
2023-M10,10/2023,Turistas secundarios,Alemania,DE,Lanzarote,1107.0
2023-M10,10/2023,Turistas secundarios,Alemania,DE,Fuerteventura,1012.0
2023-M10,10/2023,Turistas secundarios,Alemania,DE,Gran Canaria,758.0
2023-M10,10/2023,Turistas secundarios,Alemania,DE,Tenerife,1915.0
2023-M10,10/2023,Turistas secundarios,Alemania,DE,La Palma,890.0
2023-M11,11/2023,Turistas secundarios,Alemania,DE,Lanzarote,6912.0
2023-M11,11/2023,Turistas secundarios,Alemania,DE,Fuerteventura,1314.0
2023-M11,11/2023,Turistas secundarios,Alemania,DE,Gran Canaria,529.0
2023-M11,11/2023,Turistas secundarios,Alemania,DE,Tenerife,7451.0
2023-M11,11/2023,Turistas secundarios,Alemania,DE,La Palma,2877.0
2023-M12,12/2023,Turistas secundarios,Alemania,DE,Lanzarote,5131.0
2023-M12,12/2023,Turistas secundarios,Alemania,DE,Fuerteventura,6179.0
2023-M12,12/2023,Turistas secundarios,Alemania,DE,Gran Canaria,2935.0
2023-M12,12/2023,Turistas secundarios,Alemania,DE,Tenerife,6253.0
2023-M12,12/2023,Turistas secundarios,Alemania,DE,La Palma,4532.0
2024-M01,01/2024,Turistas secundarios,Alemania,DE,Lanzarote,11028.0
2024-M01,01/2024,Turistas secundarios,Alemania,DE,Fuerteventura,9408.0
2024-M01,01/2024,Turistas secundarios,Alemania,DE,Gran Canaria,4835.0
2024-M01,01/2024,Turistas secundarios,Alemania,DE,Tenerife,10830.0
2024-M01,01/2024,Turistas secundarios,Alemania,DE,La Palma,4252.0
2024-M02,02/2024,Turistas secundarios,Alemania,DE,Lanzarote,14341.0
2024-M02,02/2024,Turistas secundarios,Alemania,DE,Fuerteventura,16530.0
2024-M02,02/2024,Turistas secundarios,Alemania,DE,Gran Canaria,2191.0
2024-M02,02/2024,Turistas secundarios,Alemania,DE,Tenerife,16786.0
2024-M02,02/2024,Turistas secundarios,Alemania,DE,La Palma,3768.0
2024-M03,03/2024,Turistas secundarios,Alemania,DE,Lanzarote,9584.0
2024-M03,03/2024,Turistas secundarios,Alemania,DE,Fuerteventura,9416.0
2024-M03,03/2024,Turistas secundarios,Alemania,DE,Gran Canaria,6082.0
2024-M03,03/2024,Turistas secundarios,Alemania,DE,Tenerife,4323.0
2024-M03,03/2024,Turistas secundarios,Alemania,DE,La Palma,1545.0
2024-M04,04/2024,Turistas secundarios,Alemania,DE,Lanzarote,12652.0
2024-M04,04/2024,Turistas secundarios,Alemania,DE,Fuerteventura,12480.0
2024-M04,04/2024,Turistas secundarios,Alemania,DE,Gran Canaria,2474.0
2024-M04,04/2024,Turistas secundarios,Alemania,DE,Tenerife,11864.0
2024-M04,04/2024,Turistas secundarios,Alemania,DE,La Palma,199.0
2024-M05,05/2024,Turistas secundarios,Alemania,DE,Lanzarote,374.0
2024-M05,05/2024,Turistas secundarios,Alemania,DE,Fuerteventura,134.0
2024-M05,05/2024,Turistas secundarios,Alemania,DE,Gran Canaria,527.0
2024-M05,05/2024,Turistas secundarios,Alemania,DE,Tenerife,1258.0
2024-M05,05/2024,Turistas secundarios,Alemania,DE,La Palma,231.0
2024-M06,06/2024,Turistas secundarios,Alemania,DE,Lanzarote,12.0
2024-M06,06/2024,Turistas secundarios,Alemania,DE,Fuerteventura,288.0
2024-M06,06/2024,Turistas secundarios,Alemania,DE,Gran Canaria,152.0
2024-M06,06/2024,Turistas secundarios,Alemania,DE,Tenerife,239.0
2024-M06,06/2024,Turistas secundarios,Alemania,DE,La Palma,312.0
2024-M07,07/2024,Turistas secundarios,Alemania,DE,Lanzarote,68.0
2024-M07,07/2024,Turistas secundarios,Alemania,DE,Fuerteventura,35.0
2024-M07,07/2024,Turistas secundarios,Alemania,DE,Gran Canaria,87.0
2024-M07,07/2024,Turistas secundarios,Alemania,DE,Tenerife,251.0
2024-M07,07/2024,Turistas secundarios,Alemania,DE,La Palma,242.0
2024-M08,08/2024,Turistas secundarios,Alemania,DE,Lanzarote,287.0
2024-M08,08/2024,Turistas secundarios,Alemania,DE,Fuerteventura,721.0
2024-M08,08/2024,Turistas secundarios,Alemania,DE,Gran Canaria,
2024-M08,08/2024,Turistas secundarios,Alemania,DE,Tenerife,77.0
2024-M08,08/2024,Turistas secundarios,Alemania,DE,La Palma,100.0
2024-M09,09/2024,Turistas secundarios,Alemania,DE,Lanzarote,247.0
2024-M09,09/2024,Turistas secundarios,Alemania,DE,Fuerteventura,152.0
2024-M09,09/2024,Turistas secundarios,Alemania,DE,Gran Canaria,376.0
2024-M09,09/2024,Turistas secundarios,Alemania,DE,Tenerife,357.0
2024-M09,09/2024,Turistas secundarios,Alemania,DE,La Palma,188.0
2024-M10,10/2024,Turistas secundarios,Alemania,DE,Lanzarote,842.0
2024-M10,10/2024,Turistas secundarios,Alemania,DE,Fuerteventura,278.0
2024-M10,10/2024,Turistas secundarios,Alemania,DE,Gran Canaria,778.0
2024-M10,10/2024,Turistas secundarios,Alemania,DE,Tenerife,1555.0
2024-M10,10/2024,Turistas secundarios,Alemania,DE,La Palma,67.0
2024-M11,11/2024,Turistas secundarios,Alemania,DE,Lanzarote,8655.0
2024-M11,11/2024,Turistas secundarios,Alemania,DE,Fuerteventura,10192.0
2024-M11,11/2024,Turistas secundarios,Alemania,DE,Gran Canaria,3634.0
2024-M11,11/2024,Turistas secundarios,Alemania,DE,Tenerife,9550.0
2024-M11,11/2024,Turistas secundarios,Alemania,DE,La Palma,1333.0
2024-M12,12/2024,Turistas secundarios,Alemania,DE,Lanzarote,23286.0
2024-M12,12/2024,Turistas secundarios,Alemania,DE,Fuerteventura,30551.0
2024-M12,12/2024,Turistas secundarios,Alemania,DE,Gran Canaria,15593.0
2024-M12,12/2024,Turistas secundarios,Alemania,DE,Tenerife,17380.0
2024-M12,12/2024,Turistas secundarios,Alemania,DE,La Palma,6216.0
2025-M01,01/2025,Turistas secundarios,Alemania,DE,Lanzarote,5438.0
2025-M01,01/2025,Turistas secundarios,Alemania,DE,Fuerteventura,6805.0
2025-M01,01/2025,Turistas secundarios,Alemania,DE,Gran Canaria,5589.0
2025-M01,01/2025,Turistas secundarios,Alemania,DE,Tenerife,5970.0
2025-M01,01/2025,Turistas secundarios,Alemania,DE,La Palma,4044.0
2025-M02,02/2025,Turistas secundarios,Alemania,DE,Lanzarote,12499.0
2025-M02,02/2025,Turistas secundarios,Alemania,DE,Fuerteventura,18812.0
2025-M02,02/2025,Turistas secundarios,Alemania,DE,Gran Canaria,13944.0
2025-M02,02/2025,Turistas secundarios,Alemania,DE,Tenerife,9717.0
2025-M02,02/2025,Turistas secundarios,Alemania,DE,La Palma,5539.0
2025-M03,03/2025,Turistas secundarios,Alemania,DE,Lanzarote,4819.0
2025-M03,03/2025,Turistas secundarios,Alemania,DE,Fuerteventura,8320.0
2025-M03,03/2025,Turistas secundarios,Alemania,DE,Gran Canaria,4164.0
2025-M03,03/2025,Turistas secundarios,Alemania,DE,Tenerife,5433.0
2025-M03,03/2025,Turistas secundarios,Alemania,DE,La Palma,3962.0
2025-M04,04/2025,Turistas secundarios,Alemania,DE,Lanzarote,5405.0
2025-M04,04/2025,Turistas secundarios,Alemania,DE,Fuerteventura,8902.0
2025-M04,04/2025,Turistas secundarios,Alemania,DE,Gran Canaria,1617.0
2025-M04,04/2025,Turistas secundarios,Alemania,DE,Tenerife,10257.0
2025-M04,04/2025,Turistas secundarios,Alemania,DE,La Palma,1485.0
2025-M05,05/2025,Turistas secundarios,Alemania,DE,Lanzarote,159.0
2025-M05,05/2025,Turistas secundarios,Alemania,DE,Fuerteventura,358.0
2025-M05,05/2025,Turistas secundarios,Alemania,DE,Gran Canaria,499.0
2025-M05,05/2025,Turistas secundarios,Alemania,DE,Tenerife,1145.0
2025-M05,05/2025,Turistas secundarios,Alemania,DE,La Palma,133.0
2025-M06,06/2025,Turistas secundarios,Alemania,DE,Lanzarote,154.0
2025-M06,06/2025,Turistas secundarios,Alemania,DE,Fuerteventura,5.0
2025-M06,06/2025,Turistas secundarios,Alemania,DE,Gran Canaria,211.0
2025-M06,06/2025,Turistas secundarios,Alemania,DE,Tenerife,612.0
2025-M06,06/2025,Turistas secundarios,Alemania,DE,La Palma,352.0
2025-M07,07/2025,Turistas secundarios,Alemania,DE,Lanzarote,408.0
2025-M07,07/2025,Turistas secundarios,Alemania,DE,Fuerteventura,109.0
2025-M07,07/2025,Turistas secundarios,Alemania,DE,Gran Canaria,110.0
2025-M07,07/2025,Turistas secundarios,Alemania,DE,Tenerife,67.0
2025-M07,07/2025,Turistas secundarios,Alemania,DE,La Palma,61.0
2020-M01,01/2020,Turistas secundarios,Mundo (excluida España),5000_XES,Lanzarote,22145.0
2020-M01,01/2020,Turistas secundarios,Mundo (excluida España),5000_XES,Fuerteventura,17388.0
2020-M01,01/2020,Turistas secundarios,Mundo (excluida España),5000_XES,Gran Canaria,12905.0
2020-M01,01/2020,Turistas secundarios,Mundo (excluida España),5000_XES,Tenerife,23875.0
2020-M01,01/2020,Turistas secundarios,Mundo (excluida España),5000_XES,La Palma,14608.0
2020-M02,02/2020,Turistas secundarios,Mundo (excluida España),5000_XES,Lanzarote,9458.0
2020-M02,02/2020,Turistas secundarios,Mundo (excluida España),5000_XES,Fuerteventura,13761.0
2020-M02,02/2020,Turistas secundarios,Mundo (excluida España),5000_XES,Gran Canaria,1905.0
2020-M02,02/2020,Turistas secundarios,Mundo (excluida España),5000_XES,Tenerife,17254.0
2020-M02,02/2020,Turistas secundarios,Mundo (excluida España),5000_XES,La Palma,10466.0
2020-M03,03/2020,Turistas secundarios,Mundo (excluida España),5000_XES,Lanzarote,6139.0
2020-M03,03/2020,Turistas secundarios,Mundo (excluida España),5000_XES,Fuerteventura,2925.0
2020-M03,03/2020,Turistas secundarios,Mundo (excluida España),5000_XES,Gran Canaria,2192.0
2020-M03,03/2020,Turistas secundarios,Mundo (excluida España),5000_XES,Tenerife,6790.0
2020-M03,03/2020,Turistas secundarios,Mundo (excluida España),5000_XES,La Palma,1596.0
2020-M04,04/2020,Turistas secundarios,Mundo (excluida España),5000_XES,Lanzarote,
2020-M04,04/2020,Turistas secundarios,Mundo (excluida España),5000_XES,Fuerteventura,
2020-M04,04/2020,Turistas secundarios,Mundo (excluida España),5000_XES,Gran Canaria,
2020-M04,04/2020,Turistas secundarios,Mundo (excluida España),5000_XES,Tenerife,
2020-M04,04/2020,Turistas secundarios,Mundo (excluida España),5000_XES,La Palma,
2020-M05,05/2020,Turistas secundarios,Mundo (excluida España),5000_XES,Lanzarote,
2020-M05,05/2020,Turistas secundarios,Mundo (excluida España),5000_XES,Fuerteventura,
2020-M05,05/2020,Turistas secundarios,Mundo (excluida España),5000_XES,Gran Canaria,
2020-M05,05/2020,Turistas secundarios,Mundo (excluida España),5000_XES,Tenerife,
2020-M05,05/2020,Turistas secundarios,Mundo (excluida España),5000_XES,La Palma,
2020-M06,06/2020,Turistas secundarios,Mundo (excluida España),5000_XES,Lanzarote,4.0
2020-M06,06/2020,Turistas secundarios,Mundo (excluida España),5000_XES,Fuerteventura,17.0
2020-M06,06/2020,Turistas secundarios,Mundo (excluida España),5000_XES,Gran Canaria,61.0
2020-M06,06/2020,Turistas secundarios,Mundo (excluida España),5000_XES,Tenerife,31.0
2020-M06,06/2020,Turistas secundarios,Mundo (excluida España),5000_XES,La Palma,6.0
2020-M07,07/2020,Turistas secundarios,Mundo (excluida España),5000_XES,Lanzarote,1247.0
2020-M07,07/2020,Turistas secundarios,Mundo (excluida España),5000_XES,Fuerteventura,809.0
2020-M07,07/2020,Turistas secundarios,Mundo (excluida España),5000_XES,Gran Canaria,650.0
2020-M07,07/2020,Turistas secundarios,Mundo (excluida España),5000_XES,Tenerife,1220.0
2020-M07,07/2020,Turistas secundarios,Mundo (excluida España),5000_XES,La Palma,571.0
2020-M08,08/2020,Turistas secundarios,Mundo (excluida España),5000_XES,Lanzarote,1177.0
2020-M08,08/2020,Turistas secundarios,Mundo (excluida España),5000_XES,Fuerteventura,1350.0
2020-M08,08/2020,Turistas secundarios,Mundo (excluida España),5000_XES,Gran Canaria,634.0
2020-M08,08/2020,Turistas secundarios,Mundo (excluida España),5000_XES,Tenerife,568.0
2020-M08,08/2020,Turistas secundarios,Mundo (excluida España),5000_XES,La Palma,446.0
2020-M09,09/2020,Turistas secundarios,Mundo (excluida España),5000_XES,Lanzarote,312.0
2020-M09,09/2020,Turistas secundarios,Mundo (excluida España),5000_XES,Fuerteventura,289.0
2020-M09,09/2020,Turistas secundarios,Mundo (excluida España),5000_XES,Gran Canaria,384.0
2020-M09,09/2020,Turistas secundarios,Mundo (excluida España),5000_XES,Tenerife,330.0
2020-M09,09/2020,Turistas secundarios,Mundo (excluida España),5000_XES,La Palma,258.0
2020-M10,10/2020,Turistas secundarios,Mundo (excluida España),5000_XES,Lanzarote,862.0
2020-M10,10/2020,Turistas secundarios,Mundo (excluida España),5000_XES,Fuerteventura,445.0
2020-M10,10/2020,Turistas secundarios,Mundo (excluida España),5000_XES,Gran Canaria,713.0
2020-M10,10/2020,Turistas secundarios,Mundo (excluida España),5000_XES,Tenerife,680.0
2020-M10,10/2020,Turistas secundarios,Mundo (excluida España),5000_XES,La Palma,330.0
2020-M11,11/2020,Turistas secundarios,Mundo (excluida España),5000_XES,Lanzarote,4137.0
2020-M11,11/2020,Turistas secundarios,Mundo (excluida España),5000_XES,Fuerteventura,2961.0
2020-M11,11/2020,Turistas secundarios,Mundo (excluida España),5000_XES,Gran Canaria,813.0
2020-M11,11/2020,Turistas secundarios,Mundo (excluida España),5000_XES,Tenerife,6443.0
2020-M11,11/2020,Turistas secundarios,Mundo (excluida España),5000_XES,La Palma,2844.0
2020-M12,12/2020,Turistas secundarios,Mundo (excluida España),5000_XES,Lanzarote,3957.0
2020-M12,12/2020,Turistas secundarios,Mundo (excluida España),5000_XES,Fuerteventura,6061.0
2020-M12,12/2020,Turistas secundarios,Mundo (excluida España),5000_XES,Gran Canaria,1743.0
2020-M12,12/2020,Turistas secundarios,Mundo (excluida España),5000_XES,Tenerife,6787.0
2020-M12,12/2020,Turistas secundarios,Mundo (excluida España),5000_XES,La Palma,5636.0
2021-M01,01/2021,Turistas secundarios,Mundo (excluida España),5000_XES,Lanzarote,5042.0
2021-M01,01/2021,Turistas secundarios,Mundo (excluida España),5000_XES,Fuerteventura,5261.0
2021-M01,01/2021,Turistas secundarios,Mundo (excluida España),5000_XES,Gran Canaria,1658.0
2021-M01,01/2021,Turistas secundarios,Mundo (excluida España),5000_XES,Tenerife,6205.0
2021-M01,01/2021,Turistas secundarios,Mundo (excluida España),5000_XES,La Palma,5068.0
2021-M02,02/2021,Turistas secundarios,Mundo (excluida España),5000_XES,Lanzarote,2695.0
2021-M02,02/2021,Turistas secundarios,Mundo (excluida España),5000_XES,Fuerteventura,3523.0
2021-M02,02/2021,Turistas secundarios,Mundo (excluida España),5000_XES,Gran Canaria,1715.0
2021-M02,02/2021,Turistas secundarios,Mundo (excluida España),5000_XES,Tenerife,3445.0
2021-M02,02/2021,Turistas secundarios,Mundo (excluida España),5000_XES,La Palma,3068.0
2021-M03,03/2021,Turistas secundarios,Mundo (excluida España),5000_XES,Lanzarote,4327.0
2021-M03,03/2021,Turistas secundarios,Mundo (excluida España),5000_XES,Fuerteventura,3766.0
2021-M03,03/2021,Turistas secundarios,Mundo (excluida España),5000_XES,Gran Canaria,785.0
2021-M03,03/2021,Turistas secundarios,Mundo (excluida España),5000_XES,Tenerife,5729.0
2021-M03,03/2021,Turistas secundarios,Mundo (excluida España),5000_XES,La Palma,3786.0
2021-M04,04/2021,Turistas secundarios,Mundo (excluida España),5000_XES,Lanzarote,5065.0
2021-M04,04/2021,Turistas secundarios,Mundo (excluida España),5000_XES,Fuerteventura,4838.0
2021-M04,04/2021,Turistas secundarios,Mundo (excluida España),5000_XES,Gran Canaria,648.0
2021-M04,04/2021,Turistas secundarios,Mundo (excluida España),5000_XES,Tenerife,7440.0
2021-M04,04/2021,Turistas secundarios,Mundo (excluida España),5000_XES,La Palma,4980.0
2021-M05,05/2021,Turistas secundarios,Mundo (excluida España),5000_XES,Lanzarote,7103.0
2021-M05,05/2021,Turistas secundarios,Mundo (excluida España),5000_XES,Fuerteventura,4231.0
2021-M05,05/2021,Turistas secundarios,Mundo (excluida España),5000_XES,Gran Canaria,1741.0
2021-M05,05/2021,Turistas secundarios,Mundo (excluida España),5000_XES,Tenerife,8243.0
2021-M05,05/2021,Turistas secundarios,Mundo (excluida España),5000_XES,La Palma,2527.0
2021-M06,06/2021,Turistas secundarios,Mundo (excluida España),5000_XES,Lanzarote,4009.0
2021-M06,06/2021,Turistas secundarios,Mundo (excluida España),5000_XES,Fuerteventura,1734.0
2021-M06,06/2021,Turistas secundarios,Mundo (excluida España),5000_XES,Gran Canaria,1352.0
2021-M06,06/2021,Turistas secundarios,Mundo (excluida España),5000_XES,Tenerife,5109.0
2021-M06,06/2021,Turistas secundarios,Mundo (excluida España),5000_XES,La Palma,1187.0
2021-M07,07/2021,Turistas secundarios,Mundo (excluida España),5000_XES,Lanzarote,2142.0
2021-M07,07/2021,Turistas secundarios,Mundo (excluida España),5000_XES,Fuerteventura,1325.0
2021-M07,07/2021,Turistas secundarios,Mundo (excluida España),5000_XES,Gran Canaria,1211.0
2021-M07,07/2021,Turistas secundarios,Mundo (excluida España),5000_XES,Tenerife,2901.0
2021-M07,07/2021,Turistas secundarios,Mundo (excluida España),5000_XES,La Palma,813.0
2021-M08,08/2021,Turistas secundarios,Mundo (excluida España),5000_XES,Lanzarote,1934.0
2021-M08,08/2021,Turistas secundarios,Mundo (excluida España),5000_XES,Fuerteventura,1695.0
2021-M08,08/2021,Turistas secundarios,Mundo (excluida España),5000_XES,Gran Canaria,1413.0
2021-M08,08/2021,Turistas secundarios,Mundo (excluida España),5000_XES,Tenerife,2364.0
2021-M08,08/2021,Turistas secundarios,Mundo (excluida España),5000_XES,La Palma,1338.0
2021-M09,09/2021,Turistas secundarios,Mundo (excluida España),5000_XES,Lanzarote,1132.0
2021-M09,09/2021,Turistas secundarios,Mundo (excluida España),5000_XES,Fuerteventura,1227.0
2021-M09,09/2021,Turistas secundarios,Mundo (excluida España),5000_XES,Gran Canaria,1034.0
2021-M09,09/2021,Turistas secundarios,Mundo (excluida España),5000_XES,Tenerife,1241.0
2021-M09,09/2021,Turistas secundarios,Mundo (excluida España),5000_XES,La Palma,533.0
2021-M10,10/2021,Turistas secundarios,Mundo (excluida España),5000_XES,Lanzarote,2272.0
2021-M10,10/2021,Turistas secundarios,Mundo (excluida España),5000_XES,Fuerteventura,1951.0
2021-M10,10/2021,Turistas secundarios,Mundo (excluida España),5000_XES,Gran Canaria,2017.0
2021-M10,10/2021,Turistas secundarios,Mundo (excluida España),5000_XES,Tenerife,3690.0
2021-M10,10/2021,Turistas secundarios,Mundo (excluida España),5000_XES,La Palma,1695.0
2021-M11,11/2021,Turistas secundarios,Mundo (excluida España),5000_XES,Lanzarote,5600.0
2021-M11,11/2021,Turistas secundarios,Mundo (excluida España),5000_XES,Fuerteventura,2789.0
2021-M11,11/2021,Turistas secundarios,Mundo (excluida España),5000_XES,Gran Canaria,2607.0
2021-M11,11/2021,Turistas secundarios,Mundo (excluida España),5000_XES,Tenerife,9732.0
2021-M11,11/2021,Turistas secundarios,Mundo (excluida España),5000_XES,La Palma,3672.0
2021-M12,12/2021,Turistas secundarios,Mundo (excluida España),5000_XES,Lanzarote,11198.0
2021-M12,12/2021,Turistas secundarios,Mundo (excluida España),5000_XES,Fuerteventura,7003.0
2021-M12,12/2021,Turistas secundarios,Mundo (excluida España),5000_XES,Gran Canaria,3315.0
2021-M12,12/2021,Turistas secundarios,Mundo (excluida España),5000_XES,Tenerife,14521.0
2021-M12,12/2021,Turistas secundarios,Mundo (excluida España),5000_XES,La Palma,4820.0
2022-M01,01/2022,Turistas secundarios,Mundo (excluida España),5000_XES,Lanzarote,5496.0
2022-M01,01/2022,Turistas secundarios,Mundo (excluida España),5000_XES,Fuerteventura,2749.0
2022-M01,01/2022,Turistas secundarios,Mundo (excluida España),5000_XES,Gran Canaria,7424.0
2022-M01,01/2022,Turistas secundarios,Mundo (excluida España),5000_XES,Tenerife,6181.0
2022-M01,01/2022,Turistas secundarios,Mundo (excluida España),5000_XES,La Palma,7578.0
2022-M02,02/2022,Turistas secundarios,Mundo (excluida España),5000_XES,Lanzarote,13029.0
2022-M02,02/2022,Turistas secundarios,Mundo (excluida España),5000_XES,Fuerteventura,15483.0
2022-M02,02/2022,Turistas secundarios,Mundo (excluida España),5000_XES,Gran Canaria,8419.0
2022-M02,02/2022,Turistas secundarios,Mundo (excluida España),5000_XES,Tenerife,12923.0
2022-M02,02/2022,Turistas secundarios,Mundo (excluida España),5000_XES,La Palma,11167.0
2022-M03,03/2022,Turistas secundarios,Mundo (excluida España),5000_XES,Lanzarote,11111.0
2022-M03,03/2022,Turistas secundarios,Mundo (excluida España),5000_XES,Fuerteventura,10910.0
2022-M03,03/2022,Turistas secundarios,Mundo (excluida España),5000_XES,Gran Canaria,7515.0
2022-M03,03/2022,Turistas secundarios,Mundo (excluida España),5000_XES,Tenerife,17570.0
2022-M03,03/2022,Turistas secundarios,Mundo (excluida España),5000_XES,La Palma,9384.0
2022-M04,04/2022,Turistas secundarios,Mundo (excluida España),5000_XES,Lanzarote,6271.0
2022-M04,04/2022,Turistas secundarios,Mundo (excluida España),5000_XES,Fuerteventura,5130.0
2022-M04,04/2022,Turistas secundarios,Mundo (excluida España),5000_XES,Gran Canaria,16024.0
2022-M04,04/2022,Turistas secundarios,Mundo (excluida España),5000_XES,Tenerife,6626.0
2022-M04,04/2022,Turistas secundarios,Mundo (excluida España),5000_XES,La Palma,12208.0
2022-M05,05/2022,Turistas secundarios,Mundo (excluida España),5000_XES,Lanzarote,4560.0
2022-M05,05/2022,Turistas secundarios,Mundo (excluida España),5000_XES,Fuerteventura,2512.0
2022-M05,05/2022,Turistas secundarios,Mundo (excluida España),5000_XES,Gran Canaria,3365.0
2022-M05,05/2022,Turistas secundarios,Mundo (excluida España),5000_XES,Tenerife,3554.0
2022-M05,05/2022,Turistas secundarios,Mundo (excluida España),5000_XES,La Palma,2612.0
2022-M06,06/2022,Turistas secundarios,Mundo (excluida España),5000_XES,Lanzarote,2438.0
2022-M06,06/2022,Turistas secundarios,Mundo (excluida España),5000_XES,Fuerteventura,2005.0
2022-M06,06/2022,Turistas secundarios,Mundo (excluida España),5000_XES,Gran Canaria,1345.0
2022-M06,06/2022,Turistas secundarios,Mundo (excluida España),5000_XES,Tenerife,2737.0
2022-M06,06/2022,Turistas secundarios,Mundo (excluida España),5000_XES,La Palma,1436.0
2022-M07,07/2022,Turistas secundarios,Mundo (excluida España),5000_XES,Lanzarote,1239.0
2022-M07,07/2022,Turistas secundarios,Mundo (excluida España),5000_XES,Fuerteventura,1834.0
2022-M07,07/2022,Turistas secundarios,Mundo (excluida España),5000_XES,Gran Canaria,1420.0
2022-M07,07/2022,Turistas secundarios,Mundo (excluida España),5000_XES,Tenerife,3653.0
2022-M07,07/2022,Turistas secundarios,Mundo (excluida España),5000_XES,La Palma,1214.0
2022-M08,08/2022,Turistas secundarios,Mundo (excluida España),5000_XES,Lanzarote,2494.0
2022-M08,08/2022,Turistas secundarios,Mundo (excluida España),5000_XES,Fuerteventura,2086.0
2022-M08,08/2022,Turistas secundarios,Mundo (excluida España),5000_XES,Gran Canaria,2279.0
2022-M08,08/2022,Turistas secundarios,Mundo (excluida España),5000_XES,Tenerife,2604.0
2022-M08,08/2022,Turistas secundarios,Mundo (excluida España),5000_XES,La Palma,1500.0
2022-M09,09/2022,Turistas secundarios,Mundo (excluida España),5000_XES,Lanzarote,2586.0
2022-M09,09/2022,Turistas secundarios,Mundo (excluida España),5000_XES,Fuerteventura,2078.0
2022-M09,09/2022,Turistas secundarios,Mundo (excluida España),5000_XES,Gran Canaria,1891.0
2022-M09,09/2022,Turistas secundarios,Mundo (excluida España),5000_XES,Tenerife,2453.0
2022-M09,09/2022,Turistas secundarios,Mundo (excluida España),5000_XES,La Palma,835.0
2022-M10,10/2022,Turistas secundarios,Mundo (excluida España),5000_XES,Lanzarote,6539.0
2022-M10,10/2022,Turistas secundarios,Mundo (excluida España),5000_XES,Fuerteventura,2087.0
2022-M10,10/2022,Turistas secundarios,Mundo (excluida España),5000_XES,Gran Canaria,2258.0
2022-M10,10/2022,Turistas secundarios,Mundo (excluida España),5000_XES,Tenerife,4159.0
2022-M10,10/2022,Turistas secundarios,Mundo (excluida España),5000_XES,La Palma,1229.0
2022-M11,11/2022,Turistas secundarios,Mundo (excluida España),5000_XES,Lanzarote,6170.0
2022-M11,11/2022,Turistas secundarios,Mundo (excluida España),5000_XES,Fuerteventura,11412.0
2022-M11,11/2022,Turistas secundarios,Mundo (excluida España),5000_XES,Gran Canaria,4075.0
2022-M11,11/2022,Turistas secundarios,Mundo (excluida España),5000_XES,Tenerife,33741.0
2022-M11,11/2022,Turistas secundarios,Mundo (excluida España),5000_XES,La Palma,11635.0
2022-M12,12/2022,Turistas secundarios,Mundo (excluida España),5000_XES,Lanzarote,10222.0
2022-M12,12/2022,Turistas secundarios,Mundo (excluida España),5000_XES,Fuerteventura,11000.0
2022-M12,12/2022,Turistas secundarios,Mundo (excluida España),5000_XES,Gran Canaria,9500.0
2022-M12,12/2022,Turistas secundarios,Mundo (excluida España),5000_XES,Tenerife,12382.0
2022-M12,12/2022,Turistas secundarios,Mundo (excluida España),5000_XES,La Palma,9509.0
2023-M01,01/2023,Turistas secundarios,Mundo (excluida España),5000_XES,Lanzarote,11825.0
2023-M01,01/2023,Turistas secundarios,Mundo (excluida España),5000_XES,Fuerteventura,8317.0
2023-M01,01/2023,Turistas secundarios,Mundo (excluida España),5000_XES,Gran Canaria,10190.0
2023-M01,01/2023,Turistas secundarios,Mundo (excluida España),5000_XES,Tenerife,11885.0
2023-M01,01/2023,Turistas secundarios,Mundo (excluida España),5000_XES,La Palma,9064.0
2023-M02,02/2023,Turistas secundarios,Mundo (excluida España),5000_XES,Lanzarote,20529.0
2023-M02,02/2023,Turistas secundarios,Mundo (excluida España),5000_XES,Fuerteventura,19384.0
2023-M02,02/2023,Turistas secundarios,Mundo (excluida España),5000_XES,Gran Canaria,12270.0
2023-M02,02/2023,Turistas secundarios,Mundo (excluida España),5000_XES,Tenerife,18857.0
2023-M02,02/2023,Turistas secundarios,Mundo (excluida España),5000_XES,La Palma,16009.0
2023-M03,03/2023,Turistas secundarios,Mundo (excluida España),5000_XES,Lanzarote,11119.0
2023-M03,03/2023,Turistas secundarios,Mundo (excluida España),5000_XES,Fuerteventura,9373.0
2023-M03,03/2023,Turistas secundarios,Mundo (excluida España),5000_XES,Gran Canaria,6104.0
2023-M03,03/2023,Turistas secundarios,Mundo (excluida España),5000_XES,Tenerife,11830.0
2023-M03,03/2023,Turistas secundarios,Mundo (excluida España),5000_XES,La Palma,5571.0
2023-M04,04/2023,Turistas secundarios,Mundo (excluida España),5000_XES,Lanzarote,11694.0
2023-M04,04/2023,Turistas secundarios,Mundo (excluida España),5000_XES,Fuerteventura,9723.0
2023-M04,04/2023,Turistas secundarios,Mundo (excluida España),5000_XES,Gran Canaria,5989.0
2023-M04,04/2023,Turistas secundarios,Mundo (excluida España),5000_XES,Tenerife,10110.0
2023-M04,04/2023,Turistas secundarios,Mundo (excluida España),5000_XES,La Palma,4791.0
2023-M05,05/2023,Turistas secundarios,Mundo (excluida España),5000_XES,Lanzarote,3817.0
2023-M05,05/2023,Turistas secundarios,Mundo (excluida España),5000_XES,Fuerteventura,3103.0
2023-M05,05/2023,Turistas secundarios,Mundo (excluida España),5000_XES,Gran Canaria,4621.0
2023-M05,05/2023,Turistas secundarios,Mundo (excluida España),5000_XES,Tenerife,2920.0
2023-M05,05/2023,Turistas secundarios,Mundo (excluida España),5000_XES,La Palma,3093.0
2023-M06,06/2023,Turistas secundarios,Mundo (excluida España),5000_XES,Lanzarote,2756.0
2023-M06,06/2023,Turistas secundarios,Mundo (excluida España),5000_XES,Fuerteventura,2007.0
2023-M06,06/2023,Turistas secundarios,Mundo (excluida España),5000_XES,Gran Canaria,3335.0
2023-M06,06/2023,Turistas secundarios,Mundo (excluida España),5000_XES,Tenerife,3028.0
2023-M06,06/2023,Turistas secundarios,Mundo (excluida España),5000_XES,La Palma,1474.0
2023-M07,07/2023,Turistas secundarios,Mundo (excluida España),5000_XES,Lanzarote,2477.0
2023-M07,07/2023,Turistas secundarios,Mundo (excluida España),5000_XES,Fuerteventura,2545.0
2023-M07,07/2023,Turistas secundarios,Mundo (excluida España),5000_XES,Gran Canaria,4162.0
2023-M07,07/2023,Turistas secundarios,Mundo (excluida España),5000_XES,Tenerife,2283.0
2023-M07,07/2023,Turistas secundarios,Mundo (excluida España),5000_XES,La Palma,1316.0
2023-M08,08/2023,Turistas secundarios,Mundo (excluida España),5000_XES,Lanzarote,3856.0
2023-M08,08/2023,Turistas secundarios,Mundo (excluida España),5000_XES,Fuerteventura,2951.0
2023-M08,08/2023,Turistas secundarios,Mundo (excluida España),5000_XES,Gran Canaria,3159.0
2023-M08,08/2023,Turistas secundarios,Mundo (excluida España),5000_XES,Tenerife,3181.0
2023-M08,08/2023,Turistas secundarios,Mundo (excluida España),5000_XES,La Palma,2141.0
2023-M09,09/2023,Turistas secundarios,Mundo (excluida España),5000_XES,Lanzarote,3487.0
2023-M09,09/2023,Turistas secundarios,Mundo (excluida España),5000_XES,Fuerteventura,3802.0
2023-M09,09/2023,Turistas secundarios,Mundo (excluida España),5000_XES,Gran Canaria,2590.0
2023-M09,09/2023,Turistas secundarios,Mundo (excluida España),5000_XES,Tenerife,4687.0
2023-M09,09/2023,Turistas secundarios,Mundo (excluida España),5000_XES,La Palma,1774.0
2023-M10,10/2023,Turistas secundarios,Mundo (excluida España),5000_XES,Lanzarote,2826.0
2023-M10,10/2023,Turistas secundarios,Mundo (excluida España),5000_XES,Fuerteventura,4010.0
2023-M10,10/2023,Turistas secundarios,Mundo (excluida España),5000_XES,Gran Canaria,4814.0
2023-M10,10/2023,Turistas secundarios,Mundo (excluida España),5000_XES,Tenerife,5702.0
2023-M10,10/2023,Turistas secundarios,Mundo (excluida España),5000_XES,La Palma,2224.0
2023-M11,11/2023,Turistas secundarios,Mundo (excluida España),5000_XES,Lanzarote,23608.0
2023-M11,11/2023,Turistas secundarios,Mundo (excluida España),5000_XES,Fuerteventura,11758.0
2023-M11,11/2023,Turistas secundarios,Mundo (excluida España),5000_XES,Gran Canaria,15618.0
2023-M11,11/2023,Turistas secundarios,Mundo (excluida España),5000_XES,Tenerife,15237.0
2023-M11,11/2023,Turistas secundarios,Mundo (excluida España),5000_XES,La Palma,12644.0
2023-M12,12/2023,Turistas secundarios,Mundo (excluida España),5000_XES,Lanzarote,23926.0
2023-M12,12/2023,Turistas secundarios,Mundo (excluida España),5000_XES,Fuerteventura,22270.0
2023-M12,12/2023,Turistas secundarios,Mundo (excluida España),5000_XES,Gran Canaria,22316.0
2023-M12,12/2023,Turistas secundarios,Mundo (excluida España),5000_XES,Tenerife,12519.0
2023-M12,12/2023,Turistas secundarios,Mundo (excluida España),5000_XES,La Palma,19348.0
2024-M01,01/2024,Turistas secundarios,Mundo (excluida España),5000_XES,Lanzarote,23703.0
2024-M01,01/2024,Turistas secundarios,Mundo (excluida España),5000_XES,Fuerteventura,22212.0
2024-M01,01/2024,Turistas secundarios,Mundo (excluida España),5000_XES,Gran Canaria,20552.0
2024-M01,01/2024,Turistas secundarios,Mundo (excluida España),5000_XES,Tenerife,17921.0
2024-M01,01/2024,Turistas secundarios,Mundo (excluida España),5000_XES,La Palma,14024.0
2024-M02,02/2024,Turistas secundarios,Mundo (excluida España),5000_XES,Lanzarote,22449.0
2024-M02,02/2024,Turistas secundarios,Mundo (excluida España),5000_XES,Fuerteventura,25152.0
2024-M02,02/2024,Turistas secundarios,Mundo (excluida España),5000_XES,Gran Canaria,6405.0
2024-M02,02/2024,Turistas secundarios,Mundo (excluida España),5000_XES,Tenerife,23557.0
2024-M02,02/2024,Turistas secundarios,Mundo (excluida España),5000_XES,La Palma,7531.0
2024-M03,03/2024,Turistas secundarios,Mundo (excluida España),5000_XES,Lanzarote,15294.0
2024-M03,03/2024,Turistas secundarios,Mundo (excluida España),5000_XES,Fuerteventura,13591.0
2024-M03,03/2024,Turistas secundarios,Mundo (excluida España),5000_XES,Gran Canaria,11762.0
2024-M03,03/2024,Turistas secundarios,Mundo (excluida España),5000_XES,Tenerife,9002.0
2024-M03,03/2024,Turistas secundarios,Mundo (excluida España),5000_XES,La Palma,5555.0
2024-M04,04/2024,Turistas secundarios,Mundo (excluida España),5000_XES,Lanzarote,17430.0
2024-M04,04/2024,Turistas secundarios,Mundo (excluida España),5000_XES,Fuerteventura,17308.0
2024-M04,04/2024,Turistas secundarios,Mundo (excluida España),5000_XES,Gran Canaria,9785.0
2024-M04,04/2024,Turistas secundarios,Mundo (excluida España),5000_XES,Tenerife,14417.0
2024-M04,04/2024,Turistas secundarios,Mundo (excluida España),5000_XES,La Palma,4839.0
2024-M05,05/2024,Turistas secundarios,Mundo (excluida España),5000_XES,Lanzarote,4955.0
2024-M05,05/2024,Turistas secundarios,Mundo (excluida España),5000_XES,Fuerteventura,3761.0
2024-M05,05/2024,Turistas secundarios,Mundo (excluida España),5000_XES,Gran Canaria,4828.0
2024-M05,05/2024,Turistas secundarios,Mundo (excluida España),5000_XES,Tenerife,3422.0
2024-M05,05/2024,Turistas secundarios,Mundo (excluida España),5000_XES,La Palma,3152.0
2024-M06,06/2024,Turistas secundarios,Mundo (excluida España),5000_XES,Lanzarote,4549.0
2024-M06,06/2024,Turistas secundarios,Mundo (excluida España),5000_XES,Fuerteventura,5348.0
2024-M06,06/2024,Turistas secundarios,Mundo (excluida España),5000_XES,Gran Canaria,6232.0
2024-M06,06/2024,Turistas secundarios,Mundo (excluida España),5000_XES,Tenerife,2538.0
2024-M06,06/2024,Turistas secundarios,Mundo (excluida España),5000_XES,La Palma,4595.0
2024-M07,07/2024,Turistas secundarios,Mundo (excluida España),5000_XES,Lanzarote,4340.0
2024-M07,07/2024,Turistas secundarios,Mundo (excluida España),5000_XES,Fuerteventura,3879.0
2024-M07,07/2024,Turistas secundarios,Mundo (excluida España),5000_XES,Gran Canaria,6385.0
2024-M07,07/2024,Turistas secundarios,Mundo (excluida España),5000_XES,Tenerife,2903.0
2024-M07,07/2024,Turistas secundarios,Mundo (excluida España),5000_XES,La Palma,3943.0
2024-M08,08/2024,Turistas secundarios,Mundo (excluida España),5000_XES,Lanzarote,3225.0
2024-M08,08/2024,Turistas secundarios,Mundo (excluida España),5000_XES,Fuerteventura,2596.0
2024-M08,08/2024,Turistas secundarios,Mundo (excluida España),5000_XES,Gran Canaria,2434.0
2024-M08,08/2024,Turistas secundarios,Mundo (excluida España),5000_XES,Tenerife,2896.0
2024-M08,08/2024,Turistas secundarios,Mundo (excluida España),5000_XES,La Palma,1766.0
2024-M09,09/2024,Turistas secundarios,Mundo (excluida España),5000_XES,Lanzarote,2566.0
2024-M09,09/2024,Turistas secundarios,Mundo (excluida España),5000_XES,Fuerteventura,813.0
2024-M09,09/2024,Turistas secundarios,Mundo (excluida España),5000_XES,Gran Canaria,1348.0
2024-M09,09/2024,Turistas secundarios,Mundo (excluida España),5000_XES,Tenerife,4169.0
2024-M09,09/2024,Turistas secundarios,Mundo (excluida España),5000_XES,La Palma,846.0
2024-M10,10/2024,Turistas secundarios,Mundo (excluida España),5000_XES,Lanzarote,2979.0
2024-M10,10/2024,Turistas secundarios,Mundo (excluida España),5000_XES,Fuerteventura,1524.0
2024-M10,10/2024,Turistas secundarios,Mundo (excluida España),5000_XES,Gran Canaria,2322.0
2024-M10,10/2024,Turistas secundarios,Mundo (excluida España),5000_XES,Tenerife,8091.0
2024-M10,10/2024,Turistas secundarios,Mundo (excluida España),5000_XES,La Palma,765.0
2024-M11,11/2024,Turistas secundarios,Mundo (excluida España),5000_XES,Lanzarote,17579.0
2024-M11,11/2024,Turistas secundarios,Mundo (excluida España),5000_XES,Fuerteventura,18680.0
2024-M11,11/2024,Turistas secundarios,Mundo (excluida España),5000_XES,Gran Canaria,12090.0
2024-M11,11/2024,Turistas secundarios,Mundo (excluida España),5000_XES,Tenerife,15702.0
2024-M11,11/2024,Turistas secundarios,Mundo (excluida España),5000_XES,La Palma,9007.0
2024-M12,12/2024,Turistas secundarios,Mundo (excluida España),5000_XES,Lanzarote,42291.0
2024-M12,12/2024,Turistas secundarios,Mundo (excluida España),5000_XES,Fuerteventura,47118.0
2024-M12,12/2024,Turistas secundarios,Mundo (excluida España),5000_XES,Gran Canaria,35385.0
2024-M12,12/2024,Turistas secundarios,Mundo (excluida España),5000_XES,Tenerife,25330.0
2024-M12,12/2024,Turistas secundarios,Mundo (excluida España),5000_XES,La Palma,21794.0
2025-M01,01/2025,Turistas secundarios,Mundo (excluida España),5000_XES,Lanzarote,14529.0
2025-M01,01/2025,Turistas secundarios,Mundo (excluida España),5000_XES,Fuerteventura,14528.0
2025-M01,01/2025,Turistas secundarios,Mundo (excluida España),5000_XES,Gran Canaria,12643.0
2025-M01,01/2025,Turistas secundarios,Mundo (excluida España),5000_XES,Tenerife,13503.0
2025-M01,01/2025,Turistas secundarios,Mundo (excluida España),5000_XES,La Palma,8386.0
2025-M02,02/2025,Turistas secundarios,Mundo (excluida España),5000_XES,Lanzarote,33320.0
2025-M02,02/2025,Turistas secundarios,Mundo (excluida España),5000_XES,Fuerteventura,34529.0
2025-M02,02/2025,Turistas secundarios,Mundo (excluida España),5000_XES,Gran Canaria,32888.0
2025-M02,02/2025,Turistas secundarios,Mundo (excluida España),5000_XES,Tenerife,19760.0
2025-M02,02/2025,Turistas secundarios,Mundo (excluida España),5000_XES,La Palma,16856.0
2025-M03,03/2025,Turistas secundarios,Mundo (excluida España),5000_XES,Lanzarote,20959.0
2025-M03,03/2025,Turistas secundarios,Mundo (excluida España),5000_XES,Fuerteventura,19269.0
2025-M03,03/2025,Turistas secundarios,Mundo (excluida España),5000_XES,Gran Canaria,23650.0
2025-M03,03/2025,Turistas secundarios,Mundo (excluida España),5000_XES,Tenerife,12270.0
2025-M03,03/2025,Turistas secundarios,Mundo (excluida España),5000_XES,La Palma,13731.0
2025-M04,04/2025,Turistas secundarios,Mundo (excluida España),5000_XES,Lanzarote,15359.0
2025-M04,04/2025,Turistas secundarios,Mundo (excluida España),5000_XES,Fuerteventura,18471.0
2025-M04,04/2025,Turistas secundarios,Mundo (excluida España),5000_XES,Gran Canaria,13280.0
2025-M04,04/2025,Turistas secundarios,Mundo (excluida España),5000_XES,Tenerife,22181.0
2025-M04,04/2025,Turistas secundarios,Mundo (excluida España),5000_XES,La Palma,7240.0
2025-M05,05/2025,Turistas secundarios,Mundo (excluida España),5000_XES,Lanzarote,5301.0
2025-M05,05/2025,Turistas secundarios,Mundo (excluida España),5000_XES,Fuerteventura,5131.0
2025-M05,05/2025,Turistas secundarios,Mundo (excluida España),5000_XES,Gran Canaria,5293.0
2025-M05,05/2025,Turistas secundarios,Mundo (excluida España),5000_XES,Tenerife,3172.0
2025-M05,05/2025,Turistas secundarios,Mundo (excluida España),5000_XES,La Palma,2492.0
2025-M06,06/2025,Turistas secundarios,Mundo (excluida España),5000_XES,Lanzarote,3486.0
2025-M06,06/2025,Turistas secundarios,Mundo (excluida España),5000_XES,Fuerteventura,2557.0
2025-M06,06/2025,Turistas secundarios,Mundo (excluida España),5000_XES,Gran Canaria,3470.0
2025-M06,06/2025,Turistas secundarios,Mundo (excluida España),5000_XES,Tenerife,2369.0
2025-M06,06/2025,Turistas secundarios,Mundo (excluida España),5000_XES,La Palma,2173.0
2025-M07,07/2025,Turistas secundarios,Mundo (excluida España),5000_XES,Lanzarote,5585.0
2025-M07,07/2025,Turistas secundarios,Mundo (excluida España),5000_XES,Fuerteventura,1152.0
2025-M07,07/2025,Turistas secundarios,Mundo (excluida España),5000_XES,Gran Canaria,1349.0
2025-M07,07/2025,Turistas secundarios,Mundo (excluida España),5000_XES,Tenerife,2771.0
2025-M07,07/2025,Turistas secundarios,Mundo (excluida España),5000_XES,La Palma,985.0
